timestamp,imu_ax,imu_ay,imu_az,imu_gx,imu_gy,imu_gz,kinect_x,kinect_y,kinect_z
1772865465.291128890,pygame 2.6.1 (SDL 2.28.4, Python 3.13.7),406 380 689
1772865465.308808856,Hello from the pygame community. https://www.pygame.org/contribute.html,406 380 689
1772865465.638056334,Calibrare Kinect: tine mana in pozitia centrala...,409 385 695
1772865465.701334991,Offset Kinect: (305.70, 153.35, 598.17),409 381 700
1772865465.715084683,0 0 -0.21169291338582638,409 381 700
1772865465.945547112,0 0 -0.21169291338582638,406 377 691
1772865465.948216864,0 0 -0.21169291338582638,406 375 687
1772865465.951037616,0 0 -0.21169291338582638,400 370 672
1772865466.023723503,0 0 -0.21169291338582638,394 365 665
1772865466.585540343,0 0 -0.15169291338582638,286 300 615
1772865466.766689227,0 0 -0.15169291338582638,277 297 599
1772865466.913767357,0 0 -0.15169291338582638,280 298 595
1772865467.118221136,0 0 -0.15169291338582638,280 297 594
1772865467.174559678,0 0 -0.15169291338582638,284 298 601
1772865467.461394963,0 0 -0.15169291338582638,286 298 603
1772865467.464044042,0 0 -0.15169291338582638,286 298 603
1772865467.585548861,0 0 -0.15169291338582638,289 295 595
1772865467.600538885,0 0 -0.1616929133858264,289 295 594
1772865467.810895863,0 0 -0.1616929133858264,288 295 591
1772865467.885077740,0 0 -0.2016929133858264,286 297 575
1772865467.903687483,0 0 -0.2016929133858264,287 297 573
1772865467.930344101,0 0 -0.1716929133858264,286 296 576
1772865468.254624650,0 0 -0.1716929133858264,288 296 578
1772865468.274533728,0 0 -0.15169291338582638,298 298 599
1772865468.329072159,0 0 -0.15169291338582638,298 298 603
1772865468.563353170,0 0 -0.15169291338582638,304 305 0
1772865468.589758467,0 0 -0.15169291338582638,304 305 0
1772865468.651033131,0 0 -0.1716929133858264,309 305 0
1772865468.838496163,0 0 -0.1716929133858264,314 306 640
1772865469.240438197,0 0 -0.1716929133858264,325 313 686
1772865469.642540289,0 0 -0.1716929133858264,333 354 713
1772865469.979893522,0 0 -0.1716929133858264,346 423 716
1772865470.003768986,0 0 -0.1716929133858264,344 427 708
1772865470.204306151,0 0 -0.1716929133858264,332 442 725
1772865470.300724188,0 0 -0.1716929133858264,339 443 737
1772865470.364039535,0 0 -0.1316929133858264,347 445 743
1772865470.381804735,0 0 -0.1616929133858264,354 446 745
1772865470.648296312,0 0 -0.1616929133858264,350 447 748
1772865470.952104601,0 0 -0.1416929133858264,342 439 745
1772865470.955200574,0 0 -0.1416929133858264,342 439 745
1772865471.027817823,0 0 -0.15169291338582638,339 434 745
1772865471.044832706,0 0 -0.15169291338582638,339 434 745
1772865471.072672747,0 0 -0.15169291338582638,336 424 734
1772865471.083324997,0 0 -0.15169291338582638,336 424 734
1772865471.269047346,0 0 -0.15169291338582638,336 424 734
1772865471.271413944,0 0 -0.15169291338582638,336 417 722
1772865471.275385570,0 0 -0.15169291338582638,339 400 723
1772865471.279373692,0 0 -0.15169291338582638,335 386 711
1772865471.329516482,0 0 -0.15169291338582638,330 366 710
1772865471.371012808,0 0 -0.15169291338582638,325 328 720
1772865471.398629290,0 0 -0.15169291338582638,325 328 720
1772865471.537125660,0 0 -0.15169291338582638,322 318 714
1772865471.758804627,0 0 -0.1316929133858264,315 300 622
1772865471.950975043,0 0 -0.1316929133858264,315 300 0
1772865471.986412063,0 0 -0.1316929133858264,315 300 0
1772865471.995511852,0 0 -0.1716929133858264,315 300 0
1772865472.044035156,0 0 -0.1716929133858264,316 303 599
1772865472.057283660,0 0 -0.1716929133858264,316 303 599
1772865472.542236260,0 0 -5.981692913385826,319 301 648
1772865472.670229498,0 0 -5.981692913385826,319 304 661
1772865472.696727796,0 0 -0.1316929133858264,319 304 661
1772865472.715997563,0 0 -0.1316929133858264,320 304 663
1772865472.725880894,0 0 -0.1716929133858264,320 304 663
1772865472.961494804,0 0 -0.1716929133858264,315 305 671
1772865472.969390056,0 0 -0.1316929133858264,315 305 671
1772865472.975179054,0 0 -0.1316929133858264,314 304 674
1772865472.986867144,0 0 -0.12169291338582638,314 304 674
1772865473.128042660,0 0 -0.12169291338582638,305 302 678
1772865473.387604705,0 0 -0.06169291338582639,278 302 679
1772865473.450321768,0 0 -0.06169291338582639,271 304 676
1772865473.616390065,0 0 0.06830708661417362,259 305 678
1772865473.708838249,0 0 0.06830708661417362,255 304 678
1772865473.715251634,0 0 -5.981692913385826,255 304 678
1772865473.788557133,0 0 -5.981692913385826,255 305 675
1772865474.012703267,0 0 -5.981692913385826,256 307 674
1772865474.028701357,0 0 -0.1016929133858264,256 307 674
1772865474.162641247,0 0 -0.1016929133858264,275 301 674
1772865474.399687209,0 0 -0.2016929133858264,283 301 674
1772865474.447340411,0 0 -0.2016929133858264,283 301 674
1772865474.696247117,0 0 -0.3116929133858264,367 298 667
1772865475.150417314,0 0 -0.3116929133858264,432 303 663
1772865475.217545069,0 0 -0.2616929133858264,430 308 657
1772865475.426122712,0 0 -0.2616929133858264,429 307 658
1772865475.484689752,0 0 -0.24169291338582638,422 300 667
1772865475.501412719,0 0 -0.24169291338582638,422 300 667
1772865475.785165862,0 0 -0.2016929133858264,381 298 669
1772865476.111775496,0 0 -0.2016929133858264,355 295 671
1772865476.204942418,0 0 -0.1916929133858264,315 265 703
1772865476.835050424,0 0 -0.1916929133858264,298 243 682
1772865476.920632892,0 0 -5.981692913385826,301 240 708
1772865476.946844291,0 0 -5.981692913385826,302 240 707
1772865477.177518787,0 0 -0.1916929133858264,309 236 705
1772865477.180993438,0 0 -0.1916929133858264,309 236 705
1772865477.232466186,0 0 -0.21169291338582638,309 236 705
1772865477.255205222,0 0 -0.1616929133858264,318 270 0
1772865477.310124087,0 0 -0.1616929133858264,319 295 0
1772865477.338609124,0 0 -0.15169291338582638,319 295 0
1772865477.414786018,0 0 -0.15169291338582638,335 327 647
1772865477.504567938,0 0 -5.981692913385826,338 341 636
1772865478.013441467,0 0 -5.981692913385826,328 390 634
1772865478.259311258,0 0 -5.981692913385826,333 391 631
1772865478.411831828,0 0 -5.981692913385826,324 368 647
1772865478.600744551,0 0 -5.981692913385826,318 373 642
1772865478.725895748,0 0 -5.981692913385826,338 350 0
1772865478.868311452,0 0 -5.981692913385826,357 326 0
1772865478.933049930,0 0 -5.981692913385826,362 315 0
1772865478.942747545,0 0 -0.18169291338582638,363 310 0
1772865479.049221964,0 0 -0.18169291338582638,368 298 0
1772865479.193956644,0 0 -0.18169291338582638,368 303 0
1772865479.241542337,0 0 -0.18169291338582638,365 307 0
1772865479.269773860,0 0 -0.18169291338582638,365 307 0
1772865479.289709894,0 0 -0.2216929133858264,365 304 0
1772865479.292597547,0 0 -0.2216929133858264,365 304 0
1772865479.348254924,0 0 -0.2616929133858264,364 304 0
1772865479.363792727,0 0 -0.2616929133858264,364 304 0
1772865479.401507957,0 0 -0.3116929133858264,364 305 0
1772865479.492901423,0 0 -0.3116929133858264,362 307 0
1772865479.560535157,0 0 -0.3016929133858264,362 313 0
1772865479.591201014,0 0 -0.3016929133858264,362 309 0
1772865479.737076302,0 0 -0.3016929133858264,358 316 0
1772865480.104444203,0 0 -0.3016929133858264,355 317 0
1772865480.153761830,0 0 -0.2316929133858264,357 322 0
1772865480.379230824,0 0 -0.2316929133858264,360 319 0
1772865480.718022779,0 0 -0.2616929133858264,372 298 0
1772865480.728007316,0 0 -0.15169291338582638,372 298 0
1772865480.783388526,0 0 -0.15169291338582638,358 326 0
1772865481.024024712,0 0 -0.12169291338582638,359 300 0
1772865481.447808004,0 0 -0.12169291338582638,362 297 0
1772865481.769614688,0 0 -0.12169291338582638,359 301 0
1772865482.446693345,0 0 -0.12169291338582638,336 356 660
1772865482.519517822,0 0 -0.09169291338582639,343 390 640
1772865482.668374441,0 0 -0.09169291338582639,347 397 638
1772865482.783664287,0 0 -5.981692913385826,341 392 641
1772865482.800020640,0 0 -5.981692913385826,341 392 641
1772865482.893606386,0 0 -5.981692913385826,341 374 647
1772865482.923705783,0 0 -5.981692913385826,334 366 655
1772865483.017852455,0 0 -5.981692913385826,332 353 662
1772865483.292843275,0 0 -5.981692913385826,336 321 675
1772865483.504611209,0 0 -5.981692913385826,333 319 675
1772865483.875287902,0 0 -5.981692913385826,334 335 669
1772865483.884522506,0 0 -5.981692913385826,334 364 652
1772865483.922611230,0 0 -5.981692913385826,334 364 652
1772865483.925725754,0 0 -5.981692913385826,334 364 652
1772865483.964438824,0 0 -5.981692913385826,331 363 655
1772865483.968541371,0 0 -5.981692913385826,331 363 655
1772865484.242845951,0 0 -5.981692913385826,336 391 640
1772865484.487770615,0 0 -5.981692913385826,347 381 639
1772865484.491447707,0 0 -5.981692913385826,338 384 642
1772865484.496010187,0 0 -5.981692913385826,338 384 642
1772865484.499637628,0 0 -5.981692913385826,338 384 642
1772865484.656402095,0 0 -5.981692913385826,333 366 653
1772865484.822238664,0 0 -5.981692913385826,337 348 660
1772865484.945807459,0 0 -5.981692913385826,333 357 658
1772865485.264205431,0 0 -5.981692913385826,340 389 640
1772865485.707882713,0 0 -5.981692913385826,336 370 648
1772865486.326577861,0 0 -5.981692913385826,337 401 639
1772865486.526116632,0 0 -5.981692913385826,332 376 0
1772865486.574446746,0 0 -5.981692913385826,337 379 644
1772865486.676235511,0 0 0.3083070866141736,340 394 0
1772865487.001898196,0 0 0.3083070866141736,345 399 0
1772865487.643046922,0 0 0.3583070866141736,343 395 0
1772865487.646310881,0 0 0.3583070866141736,341 399 635
1772865487.651580952,0 0 -5.981692913385826,349 395 0
1772865487.655299766,0 0 -5.981692913385826,349 395 0
1772865488.006526644,0 0 -5.981692913385826,341 395 638
1772865488.106360204,0 0 -5.981692913385826,343 396 0
1772865488.136035835,0 0 -5.981692913385826,336 400 636
1772865488.310635974,0 0 -5.981692913385826,342 397 0
1772865488.328587106,0 0 -5.981692913385826,344 397 0
1772865488.433742213,0 0 -5.981692913385826,342 392 0
1772865488.501007901,0 0 -5.981692913385826,340 397 638
1772865488.823606316,0 0 -5.981692913385826,332 395 642
1772865489.133179454,0 0 -5.981692913385826,310 367 652
1772865489.459352388,0 0 -5.981692913385826,365 389 631
1772865489.498832378,0 0 -5.981692913385826,366 383 632
1772865489.715376597,0 0 -5.981692913385826,376 376 631
1772865489.744577054,0 0 -5.981692913385826,376 376 631
1772865490.179143026,0 0 -5.981692913385826,336 373 0
1772865490.405344140,0 0 -5.981692913385826,338 382 0
1772865490.432061031,0 0 -5.981692913385826,338 382 0
1772865490.582855984,0 0 -5.981692913385826,334 398 635
1772865490.838995201,0 0 -5.981692913385826,333 372 646
1772865491.172412914,0 0 -5.981692913385826,339 363 648
1772865491.214579322,0 0 -5.981692913385826,340 370 645
1772865491.228687761,0 0 -5.981692913385826,341 375 642
1772865491.439069660,0 0 -5.981692913385826,338 383 640
1772865491.563841528,0 0 -5.981692913385826,337 379 644
1772865491.888903933,0 0 -5.981692913385826,338 344 661
1772865491.923330511,0 0 -5.981692913385826,337 336 666
1772865492.089367905,0 0 -5.981692913385826,335 322 0
1772865492.098684883,0 0 -5.981692913385826,335 322 0
1772865492.155611293,0 0 -5.981692913385826,336 325 0
1772865492.211789237,0 0 -5.981692913385826,339 322 0
1772865492.215244617,0 0 -5.981692913385826,339 322 0
1772865492.229502367,0 0 -5.981692913385826,337 322 0
1772865492.244847723,0 0 -5.981692913385826,337 322 0
1772865492.396347873,0 0 -5.981692913385826,343 327 0
1772865492.902027725,0 0 -5.981692913385826,351 312 0
1772865493.518390947,0 0 -5.981692913385826,362 313 660
1772865493.520427863,0 0 -5.981692913385826,361 311 0
1772865493.522615121,0 0 -5.981692913385826,360 309 0
1772865493.525614611,0 0 -5.981692913385826,359 305 0
1772865493.605863487,0 0 -5.981692913385826,363 301 0
1772865493.932041198,0 0 -5.981692913385826,362 300 0
1772865493.969560702,0 0 -5.981692913385826,362 300 0
1772865494.053814582,0 0 -5.981692913385826,374 303 0
1772865494.179441317,0 0 -5.981692913385826,384 300 671
1772865494.183107612,0 0 -5.981692913385826,384 300 671
1772865494.193881007,0 0 -5.981692913385826,387 298 674
1772865494.525992802,0 0 -5.981692913385826,404 294 665
1772865494.631206365,0 0 -5.981692913385826,385 291 680
1772865494.641118455,0 0 -5.981692913385826,385 291 680
1772865494.659305339,0 0 0.23830708661417363,383 291 0
1772865494.857323316,0 0 0.23830708661417363,383 291 0
1772865494.861892032,0 0 0.23830708661417363,383 291 0
1772865494.864454160,0 0 0.23830708661417363,383 291 0
1772865494.868263298,0 0 -5.981692913385826,380 297 674
1772865494.870487628,0 0 -5.981692913385826,376 301 671
1772865494.918765743,0 0 -5.981692913385826,374 304 669
1772865494.931876651,0 0 -5.981692913385826,374 304 669
1772865495.253901903,0 0 -5.981692913385826,396 299 665
1772865495.257216108,0 0 -5.981692913385826,396 299 665
1772865495.628642441,0 0 -5.981692913385826,381 291 0
1772865495.863457698,0 0 -5.981692913385826,379 295 0
1772865495.865812204,0 0 -5.981692913385826,379 298 0
1772865495.912014537,0 0 -5.981692913385826,383 300 0
1772865495.945142216,0 0 -5.981692913385826,380 300 0
1772865496.452071125,0 0 -5.981692913385826,377 304 669
1772865496.726342493,0 0 -5.981692913385826,366 295 0
1772865496.736574866,0 0 -5.981692913385826,366 295 0
1772865496.751509541,0 0 -5.981692913385826,366 295 0
1772865497.048585204,0 0 -5.981692913385826,366 288 0
1772865497.093291795,0 0 -5.981692913385826,403 250 0
1772865497.414653377,0 0 -5.981692913385826,367 256 710
1772865497.436415724,0 0 -5.981692913385826,366 256 708
1772865497.463064285,0 0 -5.981692913385826,363 258 707
1772865497.612995685,0 0 -5.981692913385826,362 252 708
1772865497.761808674,0 0 -5.981692913385826,361 257 704
1772865497.765555441,0 0 -5.981692913385826,361 257 703
1772865497.771332826,0 0 0.3083070866141736,361 257 703
1772865497.849800723,0 0 0.3083070866141736,362 256 704
1772865497.922756717,0 0 -5.981692913385826,361 252 703
1772865498.069559648,0 0 -5.981692913385826,360 252 698
1772865498.078067567,0 0 -5.981692913385826,360 252 698
1772865498.125257672,0 0 -5.981692913385826,360 252 698
1772865498.194392148,0 0 -5.981692913385826,361 259 694
1772865498.205226364,0 0 0.26830708661417363,361 259 694
1772865498.275197064,0 0 0.27830708661417364,361 264 693
1772865498.441671987,0 0 0.27830708661417364,363 260 700
1772865498.483146574,0 0 0.2483070866141736,363 260 700
1772865498.485885444,0 0 0.20830708661417363,362 259 700
1772865498.598855588,0 0 0.20830708661417363,357 260 701
1772865498.891606928,0 0 0.1783070866141736,350 257 703
1772865498.909653361,0 0 0.1783070866141736,350 257 703
1772865499.522760419,0 0 0.1783070866141736,338 322 693
1772865499.530075688,0 0 -0.011692913385826387,338 322 693
1772865499.571442098,0 0 0.3683070866141736,334 325 695
1772865499.852567875,0 0 0.3683070866141736,334 318 707
1772865499.948900389,0 0 0.3683070866141736,341 309 703
1772865500.244271761,0 0 0.34830708661417364,346 308 704
1772865500.271192484,0 0 0.34830708661417364,346 308 704
1772865500.287319081,0 0 0.34830708661417364,346 308 704
1772865500.301713747,0 0 0.34830708661417364,346 308 704
1772865500.350526981,0 0 0.34830708661417364,330 310 680
1772865500.362494501,0 0 0.34830708661417364,325 312 675
1772865500.472240038,0 0 -5.981692913385826,270 344 676
1772865500.672154312,0 0 -5.981692913385826,255 355 658
1772865500.819506096,0 0 -5.981692913385826,254 350 651
1772865501.142677499,0 0 -5.981692913385826,271 362 642
1772865501.204214404,0 0 -5.981692913385826,281 355 644
1772865501.521673449,0 0 -5.981692913385826,311 324 667
1772865501.550629260,0 0 -5.981692913385826,312 321 670
1772865501.572406948,0 0 -5.981692913385826,312 321 670
1772865501.911812767,0 0 -5.981692913385826,290 320 732
1772865501.977461758,0 0 -5.981692913385826,291 323 737
1772865502.015464164,0 0 -5.981692913385826,292 323 740
1772865502.090829797,0 0 0.048307086614173614,303 324 737
1772865502.180642102,0 0 0.5883070866141736,332 322 707
1772865502.223649740,0 0 0.5883070866141736,347 316 716
1772865502.272545004,0 0 0.3683070866141736,363 309 719
1772865502.614366665,0 0 0.4183070866141736,367 308 716
1772865502.809242762,0 0 0.4183070866141736,370 307 720
1772865502.819247845,0 0 0.4183070866141736,370 307 720
1772865502.823326435,0 0 0.4183070866141736,370 307 720
1772865502.859127837,0 0 0.4983070866141736,373 304 720
1772865502.888898477,0 0 0.4983070866141736,376 302 719
1772865502.953101922,0 0 0.5483070866141736,380 302 717
1772865503.210819165,0 0 0.5483070866141736,390 312 705
1772865503.214041870,0 0 0.5983070866141736,390 312 705
1772865503.253303684,0 0 0.5983070866141736,391 309 710
1772865503.301376188,0 0 0.6683070866141736,391 308 713
1772865503.333780399,0 0 0.6683070866141736,390 312 710
1772865503.392193483,0 0 0.7283070866141736,392 311 710
1772865503.992924736,0 0 0.7283070866141736,396 308 719
1772865504.058000513,0 0 0.7983070866141736,398 312 708
1772865504.456400063,0 0 0.7983070866141736,396 311 708
1772865504.694308568,0 0 0.8583070866141737,393 314 708
1772865504.806232678,0 0 0.8583070866141737,399 314 707
1772865505.034028407,0 0 0.9283070866141736,405 309 708
1772865505.093738645,0 0 0.9283070866141736,405 311 708
1772865505.418234603,0 0 1.0283070866141737,406 305 713
1772865505.441470801,0 0 1.0283070866141737,406 305 713
1772865505.445171847,0 0 1.0483070866141737,406 305 713
1772865505.452711864,0 0 1.0483070866141737,406 305 713
1772865506.092749076,0 0 1.1283070866141736,402 295 713
1772865506.156789752,0 0 1.1283070866141736,405 298 703
1772865506.173524801,0 0 1.1783070866141736,403 298 703
1772865506.423187204,0 0 1.1783070866141736,406 299 701
1772865506.782849768,0 0 1.2183070866141736,408 300 695
1772865506.826122845,0 0 1.2183070866141736,408 300 695
1772865506.842820737,0 0 1.2183070866141736,408 300 695
1772865506.926283453,0 0 1.2183070866141736,411 298 693
1772865506.978400276,0 0 1.2183070866141736,411 297 695
1772865507.189265172,0 0 1.2183070866141736,405 295 705
1772865507.492393881,0 0 1.2183070866141736,389 293 710
1772865507.598007924,0 0 1.2183070866141736,388 291 707
1772865507.818532352,0 0 1.2183070866141736,386 294 705
1772865507.876751905,0 0 1.2183070866141736,386 294 705
1772865507.941945557,0 0 1.2183070866141736,380 300 700
1772865508.137633318,0 0 1.2183070866141736,371 302 707
1772865508.149980888,0 0 1.2383070866141737,371 302 707
1772865508.155121709,0 0 1.2383070866141737,371 302 707
1772865508.510156949,0 0 1.2383070866141737,346 315 716
1772865508.657209965,0 0 1.2383070866141737,347 315 717
1772865508.994391567,0 0 1.2383070866141737,355 313 704
1772865509.223829227,0 0 1.2383070866141737,354 315 705
1772865509.227649402,0 0 1.1583070866141736,354 315 705
1772865509.601986538,0 0 1.1583070866141736,356 305 711
1772865509.657660249,0 0 1.1183070866141736,354 307 714
1772865509.886502214,0 0 1.1183070866141736,356 310 704
1772865510.100334608,0 0 1.0683070866141737,353 304 711
1772865510.287628014,0 0 1.0683070866141737,353 305 711
1772865510.407437559,0 0 1.0683070866141737,347 315 708
1772865510.438210177,0 0 1.0483070866141737,345 313 713
1772865510.721394626,0 0 1.0483070866141737,336 316 708
1772865510.745358451,0 0 1.0483070866141737,337 312 0
1772865510.965070333,0 0 1.0483070866141737,335 313 0
1772865511.347113416,0 0 1.0183070866141737,339 311 708
1772865511.738895109,0 0 1.0183070866141737,347 304 722
1772865512.083625507,0 0 0.9483070866141736,343 305 713
1772865512.440673847,0 0 0.9483070866141736,290 333 750
1772865513.024544103,0 0 0.9083070866141736,363 349 671
1772865513.026673633,0 0 0.9083070866141736,363 349 671
1772865513.093786886,0 0 0.9083070866141736,360 349 671
1772865513.182040019,0 0 0.9083070866141736,359 350 670
1772865513.198698601,0 0 0.9083070866141736,359 350 670
1772865513.220033226,0 0 0.9083070866141736,360 351 669
1772865513.256777066,0 0 0.9083070866141736,360 352 669
1772865513.281879994,0 0 0.9083070866141736,361 352 670
1772865513.346690884,0 0 0.9283070866141736,363 353 669
1772865513.399359315,0 0 0.9283070866141736,366 354 669
1772865513.524157711,0 0 0.9583070866141736,373 354 670
1772865513.575150753,0 0 0.9583070866141736,375 354 671
1772865513.656807221,0 0 0.9683070866141736,377 356 669
1772865513.887396246,0 0 0.9683070866141736,378 357 669
1772865513.894245809,0 0 0.9683070866141736,376 356 669
1772865513.897602128,0 0 0.9683070866141736,376 356 669
1772865513.911463798,0 0 1.0183070866141737,375 356 669
1772865514.079595535,0 0 1.0183070866141737,370 353 672
1772865514.082605769,0 0 1.0183070866141737,370 353 672
1772865514.305869436,0 0 1.0183070866141737,369 352 672
1772865514.351309830,0 0 1.0183070866141737,369 352 672
1772865514.636515044,0 0 1.0183070866141737,341 344 679
1772865514.676391735,0 0 0.9683070866141736,344 340 684
1772865514.946306672,0 0 0.9683070866141736,348 335 687
1772865515.337356816,0 0 0.9683070866141736,328 326 698
1772865515.440171137,0 0 0.9283070866141736,319 332 705
1772865515.533936933,0 0 0.9283070866141736,318 331 708
1772865515.749564954,0 0 0.8883070866141737,314 329 725
1772865516.075500701,0 0 0.8483070866141736,302 331 542
1772865516.351132361,0 0 0.8483070866141736,302 330 539
1772865516.447955579,0 0 0.8483070866141736,270 330 517
1772865516.895703047,0 0 0.7983070866141736,267 322 489
1772865516.980296681,0 0 0.7983070866141736,288 324 478
1772865517.075956187,0 0 0.7383070866141737,297 326 0
1772865517.390118507,0 0 0.7383070866141737,271 313 780
1772865517.392897875,0 0 0.7183070866141736,272 315 0
1772865517.401273180,0 0 0.7183070866141736,277 317 761
1772865517.405961669,0 0 0.6683070866141736,287 316 755
1772865517.443593471,0 0 0.6683070866141736,297 316 752
1772865517.636579850,0 0 0.5783070866141736,336 306 719
1772865517.695683534,0 0 0.5783070866141736,346 308 716
1772865517.725368635,0 0 0.5383070866141736,346 303 719
1772865517.751447444,0 0 0.5383070866141736,344 304 717
1772865517.778657978,0 0 0.5483070866141736,348 306 714
1772865517.782809055,0 0 0.5483070866141736,348 306 714
1772865517.832353471,0 0 0.5483070866141736,346 305 717
1772865517.864160475,0 0 0.5483070866141736,347 303 719
1772865518.079811079,0 0 0.5483070866141736,348 305 714
1772865518.432274667,0 0 0.5483070866141736,365 301 705
1772865518.494141611,0 0 0.5483070866141736,365 301 705
1772865518.518640124,0 0 0.5483070866141736,363 299 705
1772865518.527644564,0 0 0.5483070866141736,363 299 705
1772865518.555641728,0 0 0.5483070866141736,362 299 705
1772865518.890173085,0 0 0.5483070866141736,358 299 711
1772865519.144935069,0 0 0.5483070866141736,353 302 713
1772865519.169897083,0 0 0.5383070866141736,353 302 713
1772865519.249975905,0 0 0.5383070866141736,346 306 711
1772865519.570468984,0 0 0.5383070866141736,346 305 714
1772865519.599495551,0 0 0.5383070866141736,341 303 717
1772865519.808582091,0 0 0.5383070866141736,338 303 716
1772865519.811988555,0 0 0.5383070866141736,338 303 716
1772865519.815950216,0 0 0.5383070866141736,341 306 714
1772865519.818305477,0 0 -5.981692913385826,341 306 714
1772865519.820770378,0 0 -5.981692913385826,341 306 714
1772865519.880456616,0 0 0.3083070866141736,341 301 717
1772865519.898027511,0 0 0.3083070866141736,341 301 717
1772865520.524350797,0 0 0.27830708661417364,340 304 717
1772865520.556631893,0 0 0.27830708661417364,354 304 717
1772865520.907693720,0 0 0.23830708661417363,356 301 717
1772865520.924612225,0 0 0.23830708661417363,356 301 717
1772865521.191034629,0 0 0.20830708661417363,356 300 717
1772865521.193492654,0 0 0.20830708661417363,356 300 717
1772865521.196799597,0 0 0.16830708661417362,356 298 719
1772865521.329283732,0 0 0.16830708661417362,355 301 716
1772865521.523852385,0 0 0.13830708661417362,357 303 711
1772865521.534663872,0 0 0.13830708661417362,357 303 711
1772865521.540958295,0 0 0.09830708661417362,357 303 711
1772865521.649274326,0 0 0.09830708661417362,357 304 711
1772865521.664506443,0 0 0.06830708661417362,357 304 711
1772865521.716557076,0 0 0.06830708661417362,350 301 713
1772865521.850828608,0 0 0.048307086614173614,334 299 731
1772865521.910991471,0 0 0.048307086614173614,337 304 723
1772865522.007275560,0 0 0.048307086614173614,347 305 710
1772865522.043140045,0 0 0.018307086614173615,344 304 710
1772865522.234351523,0 0 0.018307086614173615,337 307 0
1772865522.251734483,0 0 0.008307086614173613,340 306 0
1772865522.288998251,0 0 0.008307086614173613,341 310 707
1772865522.387949610,0 0 -0.0016929133858263868,341 310 707
1772865522.579152965,0 0 -0.0016929133858263868,345 307 707
1772865522.596952656,0 0 -0.0016929133858263868,345 307 707
1772865522.935158710,0 0 -0.0016929133858263868,343 305 713
1772865522.989842638,0 0 -0.03169291338582639,339 308 710
1772865523.006651194,0 0 -0.03169291338582639,339 308 710
1772865523.067273438,0 0 -0.03169291338582639,342 309 711
1772865523.075149052,0 0 -0.03169291338582639,342 309 711
1772865523.620199298,0 0 -0.04169291338582639,343 315 707
1772865523.968100221,0 0 -0.04169291338582639,313 310 740
1772865524.083814989,0 0 -0.04169291338582639,286 315 760
1772865524.346266186,0 0 -0.04169291338582639,260 297 499
1772865524.383568707,0 0 0.028307086614173613,251 298 523
1772865524.512520468,0 0 0.03830708661417361,251 300 542
1772865524.544881117,0 0 0.03830708661417361,249 299 548
1772865524.558302368,0 0 0.03830708661417361,249 299 548
1772865524.679506861,0 0 0.048307086614173614,253 303 553
1772865525.160484258,0 0 0.048307086614173614,260 316 0
1772865525.466216939,0 0 0.048307086614173614,261 320 521
1772865525.848880064,0 0 0.048307086614173614,293 337 521
1772865526.904426481,0 0 0.048307086614173614,298 331 0
1772865527.006636180,0 0 0.048307086614173614,300 342 0
1772865527.294988383,0 0 0.048307086614173614,309 346 710
1772865527.409647358,0 0 0.048307086614173614,321 342 491
1772865527.602779259,0 0 0.048307086614173614,314 330 536
1772865528.176319803,0 0 0.048307086614173614,302 343 512
1772865528.489402770,0 0 0.048307086614173614,295 345 512
1772865529.633732771,0 0 0.048307086614173614,337 338 690
1772865529.916583309,0 0 0.048307086614173614,340 314 705
1772865529.997426473,0 0 0.048307086614173614,348 294 698
1772865530.008239426,0 0 0.048307086614173614,348 294 698
1772865531.037632303,0 0 0.008307086614173613,304 329 594
1772865531.061008933,0 0 0.008307086614173613,310 328 598
1772865531.073571740,0 0 -0.011692913385826387,310 328 598
1772865531.439797798,0 0 -0.011692913385826387,292 302 670
1772865531.727601892,0 0 -0.03169291338582639,290 286 656
1772865532.050699819,0 0 -0.03169291338582639,294 286 653
1772865532.516160717,0 0 -0.03169291338582639,297 286 660
1772865532.558212337,0 0 -0.04169291338582639,297 286 661
1772865533.377830318,0 0 -0.07169291338582638,308 298 662
1772865533.745631313,0 0 -0.07169291338582638,330 299 662
1772865533.752593544,0 0 -0.07169291338582638,330 299 662
1772865534.554918492,0 0 -0.2316929133858264,355 299 683
1772865534.933269764,0 0 -0.2316929133858264,371 302 676
1772865535.136996250,0 0 -0.2316929133858264,358 299 671
1772865535.161401973,0 0 -0.2516929133858264,356 301 669
1772865536.284790560,0 0 -0.2516929133858264,305 289 708
1772865537.432721169,0 0 -0.2216929133858264,313 284 691
1772865537.459384650,0 0 -0.2216929133858264,316 284 690
1772865537.496366602,0 0 -0.24169291338582638,316 285 690
1772865537.729777193,0 0 -0.2016929133858264,317 286 689
1772865538.250656677,0 0 -0.2016929133858264,320 289 682
1772865539.498921265,0 0 -0.2016929133858264,348 296 690
1772865539.602355275,0 0 -0.2016929133858264,347 292 684
1772865540.222436794,0 0 -0.2016929133858264,350 293 686
1772865540.600645370,0 0 -0.2016929133858264,339 302 669
1772865541.329395820,0 0 0.008307086614173613,337 298 710
1772865541.581926328,0 0 0.008307086614173613,337 298 711
1772865541.616183093,0 0 0.048307086614173614,337 298 711
1772865542.640607408,0 0 0.048307086614173614,311 294 728
1772865542.980291378,0 0 0.06830708661417362,311 296 723
1772865543.421179677,0 0 0.06830708661417362,307 293 722
1772865543.434290017,0 0 0.06830708661417362,308 295 722
1772865543.729366300,0 0 0.09830708661417362,306 293 722
1772865544.433612945,0 0 0.12830708661417362,306 297 722
1772865545.138253909,0 0 0.12830708661417362,300 293 719
1772865545.424933973,0 0 0.12830708661417362,299 293 717
1772865546.067451859,0 0 0.15830708661417361,301 292 719
1772865546.463877185,0 0 0.15830708661417361,310 296 734
1772865547.058771994,0 0 0.1883070866141736,346 299 690
1772865548.165222744,0 0 0.1883070866141736,356 298 662
1772865548.473508758,0 0 -5.981692913385826,342 309 663
1772865548.820679952,0 0 -5.981692913385826,330 306 650
1772865550.167727800,0 0 -5.981692913385826,329 306 651
1772865551.311275614,0 0 -5.981692913385826,251 264 717
1772865551.348475657,0 0 -5.981692913385826,248 262 711
1772865551.581986317,0 0 -5.981692913385826,248 258 708
1772865551.647695342,0 0 -5.981692913385826,249 261 708
1772865551.652341838,0 0 -5.981692913385826,249 261 708
1772865551.963269865,0 0 0.3583070866141736,249 260 708
1772865552.355174056,0 0 0.3583070866141736,248 260 710
1772865554.731837906,0 0 0.3583070866141736,306 301 0
1772865554.766713299,0 0 0.3583070866141736,306 301 0
1772865554.899698158,0 0 0.3583070866141736,322 305 0
1772865554.926685128,0 0 0.3583070866141736,324 304 0
1772865556.545487422,0 0 0.3583070866141736,326 305 683
1772865556.950165969,0 0 0.3583070866141736,327 306 0
1772865557.183535272,0 0 0.3583070866141736,327 306 647
1772865557.532079094,0 0 0.3583070866141736,323 304 0
1772865558.005496249,0 0 0.3583070866141736,320 306 0
1772865558.845997408,0 0 0.3583070866141736,313 295 701
1772865559.043449996,0 0 0.4183070866141736,318 294 708
1772865559.539957621,0 0 0.4183070866141736,409 379 719
1772865559.705788571,0 0 0.4183070866141736,430 371 0
1772865560.824328924,0 0 0.4183070866141736,333 281 0
1772865560.888369114,0 0 0.4183070866141736,333 281 0
1772865560.966256891,0 0 0.4183070866141736,339 291 736
1772865561.631601975,0 0 0.8083070866141736,377 325 717
1772865561.943744663,0 0 0.8083070866141736,373 327 720
1772865562.209529350,0 0 0.8383070866141736,368 319 714
1772865562.267682512,0 0 0.8583070866141737,368 317 711
1772865562.294841137,0 0 0.8783070866141737,368 317 711
1772865562.353829670,0 0 0.8783070866141737,370 316 710
1772865562.557881072,0 0 0.8783070866141737,367 315 707
1772865562.699887035,0 0 0.8783070866141737,367 316 707
1772865562.957549004,0 0 0.9683070866141736,366 316 708
1772865563.360780433,0 0 0.9683070866141736,374 312 714
1772865563.970703165,0 0 0.9883070866141737,375 311 708
1772865564.901538820,0 0 0.9883070866141737,384 295 697
1772865566.347606513,0 0 0.9983070866141737,381 293 705
1772865566.614796824,0 0 0.9983070866141737,381 292 713
1772865566.623287893,0 0 1.0283070866141737,381 292 713
1772865567.166242346,0 0 1.0283070866141737,334 314 717
1772865567.428799885,0 0 1.0583070866141737,334 315 717
1772865568.879354459,0 0 1.0583070866141737,336 312 716
1772865569.908487643,0 0 1.0583070866141737,343 309 719
1772865570.567922789,0 0 1.1483070866141736,340 310 711
1772865570.637193897,0 0 1.1483070866141736,340 312 707
1772865570.947143140,0 0 1.1483070866141736,340 310 708
1772865571.055713600,0 0 1.1483070866141736,340 310 707
1772865571.094441457,0 0 1.1283070866141736,341 310 708
1772865571.108622019,0 0 1.1283070866141736,341 310 708
1772865571.166239962,0 0 1.1283070866141736,341 310 708
1772865571.420661038,0 0 1.1283070866141736,341 308 710
1772865571.557839620,0 0 1.1283070866141736,340 310 713
1772865571.754254230,0 0 1.1283070866141736,342 312 713
1772865571.760962028,0 0 1.1283070866141736,342 312 713
1772865571.833479588,0 0 1.1283070866141736,340 312 717
1772865572.100865285,0 0 1.1283070866141736,340 314 717
1772865572.135615333,0 0 1.1283070866141736,340 314 717
1772865572.300068025,0 0 1.1283070866141736,342 315 717
1772865572.450207034,0 0 1.1283070866141736,342 315 717
1772865572.469247879,0 0 1.1283070866141736,343 313 717
1772865572.551834226,0 0 1.1283070866141736,343 313 717
1772865572.645281723,0 0 1.1283070866141736,343 316 719
1772865572.798253207,0 0 1.1283070866141736,344 315 717
1772865572.809356263,0 0 1.1283070866141736,344 315 717
1772865572.811933186,0 0 1.1783070866141736,344 315 717
1772865573.114582324,0 0 1.1783070866141736,345 314 717
1772865573.137697907,0 0 1.0983070866141735,345 314 717
1772865573.181125479,0 0 1.0983070866141735,345 314 717
1772865573.488657071,0 0 1.1483070866141736,347 315 713
1772865573.550849583,0 0 1.1483070866141736,349 312 711
1772865573.792410396,0 0 1.2083070866141736,338 300 729
1772865573.808175414,0 0 1.2083070866141736,338 300 729
1772865573.907413639,0 0 1.2683070866141737,344 298 729
1772865573.920853095,0 0 1.2683070866141737,344 298 729
1772865574.150891591,0 0 1.3083070866141737,347 297 728
1772865574.496438037,0 0 1.3083070866141737,360 298 732
1772865574.582345459,0 0 1.3283070866141737,360 298 732
1772865574.952419287,0 0 1.3283070866141737,363 296 737
1772865575.555823585,0 0 1.2683070866141737,354 293 740
1772865575.686454151,0 0 1.2683070866141737,352 294 742
1772865575.937775438,0 0 1.2683070866141737,351 292 742
1772865576.024885911,0 0 1.2683070866141737,352 294 739
1772865576.043575646,0 0 1.2683070866141737,351 294 739
1772865576.418661679,0 0 1.3883070866141736,354 296 737
1772865576.714211461,0 0 1.3883070866141736,354 296 737
1772865576.742820181,0 0 1.3883070866141736,353 295 739
1772865576.778194483,0 0 1.3883070866141736,353 297 739
1772865577.094467736,0 0 1.4483070866141736,354 295 737
1772865577.698004109,0 0 1.4483070866141736,354 295 737
1772865577.963130818,0 0 1.4683070866141736,363 306 731
1772865578.162041835,0 0 1.4683070866141736,379 314 725
1772865579.008197303,0 0 1.5183070866141737,409 311 737
1772865579.226966694,0 0 1.4983070866141737,407 312 737
1772865579.945224491,0 0 1.4983070866141737,394 296 694
1772865580.096506724,0 0 1.4983070866141737,386 301 701
1772865580.439916360,0 0 1.4983070866141737,390 302 711
1772865580.444457654,0 0 1.4983070866141737,390 302 711
1772865580.447546742,0 0 1.4983070866141737,390 302 711
1772865580.496256018,0 0 1.4683070866141736,389 302 713
1772865581.101971791,0 0 1.4683070866141736,401 304 716
1772865581.131222656,0 0 1.4883070866141737,401 304 717
1772865581.726450538,0 0 1.4883070866141737,403 302 717
1772865582.041006035,0 0 1.4883070866141737,404 301 719
1772865582.116361726,0 0 1.4683070866141736,365 299 726
1772865582.354747655,0 0 1.4683070866141736,364 297 728
1772865582.648486264,0 0 1.4383070866141736,369 292 726
1772865584.471594528,0 0 1.4683070866141736,366 289 728
1772865585.202278021,0 0 1.4683070866141736,352 310 722
1772865585.460964474,0 0 1.4683070866141736,355 310 714
1772865585.488688012,0 0 1.4683070866141736,355 310 714
1772865585.823126651,0 0 1.3583070866141735,353 310 717
1772865585.828469072,0 0 1.3583070866141735,353 310 717
1772865586.549769777,0 0 1.3583070866141735,368 301 723
1772865586.865864914,0 0 1.2783070866141737,380 302 714
1772865587.075109748,0 0 1.2783070866141737,387 304 711
1772865587.189271780,0 0 1.2383070866141737,388 304 711
1772865587.242887244,0 0 1.2183070866141736,388 303 711
1772865587.308082462,0 0 1.2183070866141736,388 305 710
1772865587.506758835,0 0 1.2183070866141736,385 302 713
1772865587.945507936,0 0 1.2183070866141736,387 302 710
1772865588.230627595,0 0 1.2483070866141737,386 301 710
1772865588.339294475,0 0 1.2483070866141737,382 300 708
1772865588.950134303,0 0 1.1283070866141736,364 318 726
1772865588.957508156,0 0 1.1283070866141736,364 318 726
1772865589.296536875,0 0 1.1283070866141736,362 315 723
1772865589.663318761,0 0 1.1183070866141736,361 311 719
1772865590.326955132,0 0 1.2083070866141736,363 312 720
1772865590.477816452,0 0 1.2083070866141736,363 312 722
1772865591.552569761,0 0 1.2183070866141736,383 308 707
1772865591.767849161,0 0 1.2183070866141736,387 308 705
1772865591.771811895,0 0 1.1583070866141736,387 308 705
1772865592.303846457,0 0 1.1583070866141736,385 305 705
1772865592.568191048,0 0 1.1583070866141736,379 304 708
1772865592.629446284,0 0 1.0583070866141737,377 305 708
1772865592.749952879,0 0 1.0583070866141737,372 302 714
1772865593.337012311,0 0 0.9483070866141736,382 303 705
1772865593.351150236,0 0 0.9483070866141736,382 303 705
1772865593.418038450,0 0 0.8383070866141736,383 301 707
1772865593.691016703,0 0 0.8383070866141736,383 302 705
1772865593.774763359,0 0 -5.981692913385826,385 302 707
1772865593.802981205,0 0 -5.981692913385826,385 303 705
1772865593.828658675,0 0 -5.981692913385826,385 303 705
1772865594.037784147,0 0 -5.981692913385826,386 302 707
1772865594.040704210,0 0 -5.981692913385826,386 302 707
1772865594.074351825,0 0 0.5283070866141736,385 302 707
1772865594.085337799,0 0 -5.981692913385826,385 302 707
1772865594.141879692,0 0 -5.981692913385826,385 301 707
1772865594.407181692,0 0 0.3783070866141736,385 302 707
1772865595.153681408,0 0 0.3783070866141736,384 301 708
1772865596.230207818,0 0 0.2983070866141736,407 300 722
1772865596.454722179,0 0 0.2983070866141736,408 300 722
1772865596.471687494,0 0 0.23830708661417363,408 300 722
1772865596.841811562,0 0 0.23830708661417363,360 298 524
1772865596.868659895,0 0 0.23830708661417363,360 298 524
1772865596.937287373,0 0 -5.981692913385826,353 306 0
1772865596.952139044,0 0 -5.981692913385826,351 308 0
1772865597.566412472,0 0 -5.981692913385826,337 319 731
1772865597.627543620,0 0 -5.981692913385826,337 319 731
1772865597.963778297,0 0 -5.981692913385826,336 315 731
1772865598.330638431,0 0 0.008307086614173613,335 317 731
1772865598.335272189,0 0 0.008307086614173613,335 317 731
1772865598.360978110,0 0 0.008307086614173613,333 316 729
1772865598.719326589,0 0 0.008307086614173613,335 318 732
1772865598.786387594,0 0 0.018307086614173615,334 317 732
1772865600.160225745,0 0 0.048307086614173614,338 321 0
1772865600.309373347,0 0 0.048307086614173614,339 321 0
1772865600.594517057,0 0 0.048307086614173614,338 320 0
1772865600.643485962,0 0 0.048307086614173614,338 320 500
1772865602.191541017,0 0 0.048307086614173614,354 309 683
1772865602.384381665,0 0 0.048307086614173614,354 309 683
1772865602.388831454,0 0 0.3283070866141736,355 310 684
1772865602.392823637,0 0 0.3283070866141736,355 310 684
1772865602.395460758,0 0 0.3583070866141736,355 309 684
1772865602.886685340,0 0 0.5883070866141736,357 308 683
1772865602.966319320,0 0 0.5883070866141736,357 308 686
1772865603.065771846,0 0 0.5883070866141736,356 309 687
1772865603.069310110,0 0 0.6483070866141736,356 309 687
1772865603.092526557,0 0 0.6483070866141736,357 310 686
1772865603.258067072,0 0 0.6783070866141736,357 308 687
1772865603.262109463,0 0 0.6783070866141736,357 308 687
1772865605.287552847,0 0 0.7083070866141736,358 312 693
1772865605.340123187,0 0 0.7083070866141736,357 311 695
1772865605.612002284,0 0 0.7083070866141736,359 311 691
1772865605.617097863,0 0 0.7083070866141736,359 311 691
1772865605.883902685,0 0 0.7283070866141736,357 314 695
1772865605.924516068,0 0 0.7283070866141736,357 312 695
1772865605.992732342,0 0 0.7083070866141736,357 313 695
1772865606.268442657,0 0 0.7083070866141736,356 312 695
1772865606.636966647,0 0 0.7083070866141736,362 311 691
1772865606.695613236,0 0 0.7283070866141736,359 308 713
1772865607.058888295,0 0 0.7283070866141736,371 308 719
1772865607.287888171,0 0 0.7283070866141736,369 308 720
1772865607.409960843,0 0 0.7283070866141736,367 301 723
1772865607.420688786,0 0 0.7583070866141737,367 301 723
1772865607.719763091,0 0 0.7583070866141737,367 302 725
1772865608.034565069,0 0 -5.981692913385826,369 302 722
1772865608.462104168,0 0 -5.981692913385826,371 299 719
1772865609.018305427,0 0 -5.981692913385826,367 301 722
1772865609.099830521,0 0 0.7783070866141736,366 302 720
1772865609.110951125,0 0 0.7783070866141736,366 302 720
1772865609.137194023,0 0 0.7983070866141736,365 304 722
1772865609.148763470,0 0 0.7983070866141736,365 304 722
1772865609.152038142,0 0 0.7783070866141736,365 304 722
1772865609.341284289,0 0 0.7783070866141736,362 307 725
1772865609.346607830,0 0 0.7983070866141736,374 315 711
1772865611.180342994,0 0 0.7983070866141736,387 314 701
1772865611.241297728,0 0 0.7983070866141736,387 316 697
1772865611.920384188,0 0 0.7983070866141736,386 314 698
1772865612.273707769,0 0 0.8083070866141736,352 318 717
1772865612.669845600,0 0 0.8083070866141736,347 312 719
1772865612.718012886,0 0 0.8083070866141736,344 315 719
1772865612.753417718,0 0 0.8083070866141736,344 315 719
1772865613.020979245,0 0 0.8083070866141736,345 313 719
1772865613.024465705,0 0 0.8083070866141736,345 313 719
1772865613.069591889,0 0 0.8083070866141736,345 313 720
1772865613.383493564,0 0 0.8083070866141736,345 316 722
1772865614.422258554,0 0 0.8083070866141736,346 296 732
1772865614.485920822,0 0 0.8083070866141736,355 293 726
1772865614.737034745,0 0 0.8083070866141736,358 295 725
1772865614.886651228,0 0 0.8083070866141736,362 297 720
1772865614.945660730,0 0 0.7783070866141736,362 297 720
1772865615.083785570,0 0 0.7783070866141736,362 297 720
1772865615.089360511,0 0 0.8083070866141736,362 299 722
1772865615.327637396,0 0 0.7783070866141736,362 299 719
1772865615.486341802,0 0 0.7983070866141736,347 297 739
1772865615.524389100,0 0 0.7983070866141736,347 297 739
1772865615.745503824,0 0 0.7783070866141736,355 311 722
1772865615.967846051,0 0 0.7783070866141736,354 314 720
1772865616.109158013,0 0 0.7683070866141737,351 313 717
1772865617.293739908,0 0 0.7683070866141737,352 310 704
1772865617.904102559,0 0 0.7683070866141737,353 311 704
1772865617.914814226,0 0 0.7683070866141737,353 311 704
1772865617.943167742,0 0 0.7683070866141737,353 311 704
1772865618.538483060,0 0 0.7683070866141737,352 310 705
1772865618.618203249,0 0 0.7683070866141737,351 310 707
1772865619.385195906,0 0 0.7683070866141737,351 314 714
1772865619.606993984,0 0 0.7683070866141737,352 313 714
1772865619.735383235,0 0 0.7683070866141737,354 313 717
1772865620.009770728,0 0 0.7683070866141737,356 315 717
1772865620.255830195,0 0 0.7683070866141737,357 319 713
1772865620.261690411,0 0 0.7683070866141737,357 319 713
1772865620.365082395,0 0 0.7683070866141737,358 316 713
1772865620.650744950,0 0 0.7683070866141737,360 313 713
1772865620.654744427,0 0 0.7583070866141737,360 313 713
1772865621.022525879,0 0 0.7583070866141737,357 296 719
1772865621.411938091,0 0 0.7583070866141737,357 292 722
1772865621.660069120,0 0 0.7583070866141737,357 292 722
1772865621.996486761,0 0 0.7383070866141737,357 291 720
1772865622.001617266,0 0 0.7383070866141737,356 292 720
1772865622.006742103,0 0 0.7583070866141737,356 292 720
1772865622.011297365,0 0 0.7583070866141737,356 292 720
1772865622.014583211,0 0 0.7583070866141737,357 293 720
1772865622.156788136,0 0 0.7583070866141737,357 293 722
1772865622.244624078,0 0 0.7583070866141737,356 292 722
1772865622.335046941,0 0 0.7583070866141737,356 291 720
1772865622.340689137,0 0 0.7583070866141737,356 291 720
1772865622.360724257,0 0 0.7583070866141737,356 291 722
1772865622.727423615,0 0 0.7583070866141737,356 292 722
1772865623.037077215,0 0 0.7583070866141737,351 298 726
1772865623.116553354,0 0 0.7583070866141737,358 315 725
1772865623.388115748,0 0 0.7583070866141737,355 312 725
1772865623.469484241,0 0 0.7583070866141737,355 312 725
1772865623.768829797,0 0 0.7583070866141737,353 307 728
1772865623.788694123,0 0 0.7583070866141737,353 307 728
1772865623.861057357,0 0 0.7583070866141737,354 309 725
1772865624.163212975,0 0 0.7583070866141737,354 310 723
1772865624.208212979,0 0 0.7583070866141737,352 308 725
1772865624.213512531,0 0 0.7583070866141737,353 306 723
1772865624.237611233,0 0 0.7583070866141737,353 306 723
1772865625.046831808,0 0 0.7583070866141737,356 310 719
1772865625.055482868,0 0 0.7583070866141737,356 310 719
1772865625.209222408,0 0 0.7583070866141737,355 309 719
1772865625.228259790,0 0 0.7083070866141736,355 309 719
1772865626.849664158,0 0 0.7083070866141736,359 292 719
1772865626.912263417,0 0 0.7083070866141736,359 292 719
1772865627.438837069,0 0 0.7083070866141736,359 307 726
1772865627.446322423,0 0 0.7083070866141736,359 307 726
1772865627.866520696,0 0 0.6783070866141736,353 310 729
1772865628.110484705,0 0 0.6783070866141736,354 310 726
1772865628.189232367,0 0 0.6783070866141736,356 313 714
1772865628.550023975,0 0 0.6783070866141736,356 310 708
1772865628.803489769,0 0 0.6783070866141736,356 313 705
1772865628.879385374,0 0 0.6883070866141736,355 312 703
1772865629.015839436,0 0 0.6883070866141736,352 318 695
1772865629.590615714,0 0 0.6783070866141736,375 290 722
1772865629.606671594,0 0 0.6783070866141736,375 290 722
1772865629.866699952,0 0 0.6683070866141736,375 287 725
1772865629.954671274,0 0 0.6683070866141736,349 288 722
1772865630.190783009,0 0 0.6683070866141736,332 294 732
1772865630.691666289,0 0 0.6683070866141736,256 234 756
1772865630.873346044,0 0 0.6783070866141736,256 234 756
1772865631.425868619,0 0 0.6783070866141736,238 236 731
1772865631.650757566,0 0 0.6883070866141736,240 235 731
1772865631.968274573,0 0 0.6883070866141736,242 237 731
1772865632.089009693,0 0 0.6683070866141736,221 211 707
1772865632.105435488,0 0 0.6683070866141736,221 211 707
1772865632.378625550,0 0 0.6683070866141736,218 211 701
1772865633.105018217,0 0 0.6783070866141736,212 199 663
1772865633.168341514,0 0 0.6783070866141736,209 198 650
1772865633.508967455,0 0 0.6783070866141736,208 201 647
1772865633.516754736,0 0 0.6483070866141736,208 201 647
1772865633.558797108,0 0 0.6483070866141736,204 193 634
1772865633.947726347,0 0 0.6483070866141736,205 197 642
1772865633.975531252,0 0 0.6483070866141736,205 197 642
1772865634.252662668,0 0 0.6183070866141737,209 198 651
1772865634.324556967,0 0 0.6183070866141737,209 198 651
1772865634.648121208,0 0 0.5883070866141736,214 201 665
1772865634.663273569,0 0 0.5883070866141736,215 203 663
1772865634.764434055,0 0 0.5983070866141736,215 201 666
1772865634.819691899,0 0 0.5983070866141736,216 204 667
1772865635.086305560,0 0 0.5983070866141736,216 200 662
1772865635.097850096,0 0 0.6883070866141736,216 200 662
1772865635.106418132,0 0 0.6883070866141736,214 200 658
1772865635.110801714,0 0 0.6883070866141736,214 198 658
1772865635.115490806,0 0 0.6883070866141736,213 199 657
1772865635.119962516,0 0 0.7083070866141736,213 196 657
1772865635.124152302,0 0 0.7083070866141736,211 194 656
1772865635.149270891,0 0 0.7083070866141736,213 197 658
1772865635.437837380,0 0 0.7083070866141736,214 198 662
1772865635.451878404,0 0 0.7083070866141736,214 198 662
1772865635.487885010,0 0 0.7083070866141736,214 198 662
1772865636.174013627,0 0 0.7083070866141736,214 198 658
1772865636.227120262,0 0 0.7083070866141736,214 198 658
1772865636.770840430,0 0 0.7083070866141736,229 210 691
1772865636.787476007,0 0 0.7083070866141736,229 210 691
1772865636.871542119,0 0 0.7183070866141736,219 217 701
1772865637.329076138,0 0 0.7183070866141736,232 242 748
1772865637.470229325,0 0 0.7083070866141736,264 230 779
1772865638.096420503,0 0 0.7083070866141736,264 249 0
1772865638.332238328,0 0 0.7083070866141736,266 262 0
1772865638.457989487,0 0 0.7083070866141736,273 247 0
1772865638.743629820,0 0 0.7083070866141736,271 231 0
1772865638.756387117,0 0 0.6883070866141736,271 231 0
1772865639.774568861,0 0 0.6883070866141736,236 284 0
1772865639.783329234,0 0 0.6783070866141736,236 284 0
1772865640.175535003,0 0 0.6783070866141736,215 196 695
1772865640.889572919,0 0 0.7083070866141736,206 187 651
1772865641.986153235,0 0 0.7083070866141736,208 192 661
1772865642.311356319,0 0 0.7083070866141736,208 189 658
1772865642.462370873,0 0 0.7083070866141736,212 193 671
1772865642.517612404,0 0 0.7083070866141736,214 197 682
1772865642.528643902,0 0 0.7083070866141736,214 197 682
1772865642.816285717,0 0 0.7083070866141736,226 206 705
1772865642.828902155,0 0 0.7083070866141736,226 206 705
1772865642.906474638,0 0 0.7083070866141736,227 235 0
1772865643.232185772,0 0 0.7083070866141736,240 249 770
1772865643.269301492,0 0 0.7083070866141736,240 249 770
1772865643.553445465,0 0 0.7083070866141736,258 246 725
1772865643.575369103,0 0 0.7083070866141736,258 245 723
1772865643.579300454,0 0 0.7083070866141736,258 245 723
1772865643.607280659,0 0 0.7283070866141736,258 245 723
1772865643.631879002,0 0 0.7283070866141736,258 245 723
1772865643.893882257,0 0 0.7283070866141736,261 245 725
1772865644.245324223,0 0 0.7283070866141736,258 244 719
1772865644.293996474,0 0 1.0483070866141737,254 244 719
1772865644.560934268,0 0 1.0483070866141737,255 246 723
1772865644.935036522,0 0 1.0183070866141737,254 247 0
1772865644.939204724,0 0 1.0183070866141737,254 247 0
1772865644.964651430,0 0 1.0283070866141737,254 247 0
1772865645.061112502,0 0 1.0283070866141737,255 243 723
1772865645.363010670,0 0 1.0283070866141737,257 245 0
1772865645.544715140,0 0 1.0283070866141737,257 244 729
1772865645.672472600,0 0 1.0283070866141737,258 243 0
1772865646.035457184,0 0 1.0183070866141737,257 243 0
1772865646.335845773,0 0 1.0183070866141737,256 241 716
1772865646.959355462,0 0 1.2683070866141737,256 243 743
1772865646.965971342,0 0 1.2683070866141737,256 243 743
1772865646.970066800,0 0 0.8883070866141737,256 243 743
1772865647.059659130,0 0 0.8883070866141737,256 243 743
1772865647.309899442,0 0 0.8883070866141737,254 242 748
1772865647.415350412,0 0 0.8583070866141737,252 242 737
1772865648.066096157,0 0 0.8383070866141736,247 245 789
1772865648.093186008,0 0 0.8383070866141736,247 245 789
1772865648.175001082,0 0 0.8383070866141736,279 239 753
1772865648.559333717,0 0 1.0983070866141735,264 229 729
1772865649.498038448,0 0 1.0983070866141735,246 240 0
1772865649.509636444,0 0 1.0983070866141735,246 240 0
1772865649.891811038,0 0 1.0983070866141735,236 233 0
1772865649.922140428,0 0 1.0983070866141735,238 230 711
1772865650.152592593,0 0 1.0983070866141735,239 231 0
1772865650.496731252,0 0 1.0883070866141737,243 237 0
1772865650.565364826,0 0 1.0883070866141737,243 237 0
1772865650.778955683,0 0 1.0683070866141737,245 236 0
1772865650.805611084,0 0 1.0683070866141737,245 236 0
1772865650.894270208,0 0 1.0683070866141737,245 236 0
1772865650.947232026,0 0 1.0683070866141737,245 236 0
1772865650.971002356,0 0 1.0683070866141737,246 238 0
1772865651.182088211,0 0 -5.981692913385826,245 237 0
1772865651.227185894,0 0 -5.981692913385826,245 237 0
1772865651.269805538,0 0 -5.981692913385826,245 237 0
1772865651.590308239,0 0 -5.981692913385826,245 236 0
1772865651.886844963,0 0 -5.981692913385826,247 240 0
1772865651.892697663,0 0 -5.981692913385826,247 240 0
1772865651.901596414,0 0 -5.981692913385826,247 240 0
1772865651.914426921,0 0 -5.981692913385826,247 240 0
1772865651.945396580,0 0 -5.981692913385826,247 240 0
1772865651.959947624,0 0 -5.981692913385826,247 240 0
1772865651.971121509,0 0 0.4883070866141736,247 240 0
1772865651.977721003,0 0 0.4883070866141736,247 240 0
1772865651.983545329,0 0 0.4183070866141736,247 239 0
1772865652.006492129,0 0 0.4183070866141736,246 239 0
1772865652.215269908,0 0 0.40830708661417364,246 239 0
1772865652.223307549,0 0 0.40830708661417364,246 239 0
1772865652.228567925,0 0 0.3783070866141736,246 239 0
1772865652.263072939,0 0 0.3783070866141736,246 239 0
1772865652.273423660,0 0 0.39830708661417363,246 239 0
1772865652.279490367,0 0 0.39830708661417363,246 239 0
1772865652.285742231,0 0 0.39830708661417363,246 239 0
1772865652.294266553,0 0 0.40830708661417364,246 239 0
1772865652.302217322,0 0 0.3783070866141736,246 239 0
1772865652.311250324,0 0 0.3783070866141736,246 239 0
1772865652.316901638,0 0 0.3583070866141736,245 238 0
1772865652.325386878,0 0 0.3583070866141736,245 238 0
1772865652.330658879,0 0 0.3583070866141736,245 238 0
1772865652.336223031,0 0 0.33830708661417364,245 238 0
1772865652.342280405,0 0 0.3083070866141736,245 238 0
1772865652.347823724,0 0 0.3083070866141736,245 238 0
1772865652.353822060,0 0 0.33830708661417364,245 238 0
1772865652.360182835,0 0 0.33830708661417364,245 238 0
1772865652.365674240,0 0 0.33830708661417364,245 238 0
1772865652.371887064,0 0 0.33830708661417364,245 238 0
1772865652.567476654,0 0 0.3283070866141736,245 238 0
1772865652.572174312,0 0 0.3283070866141736,245 238 0
1772865652.576399162,0 0 0.3583070866141736,245 238 0
1772865652.580629887,0 0 0.3583070866141736,245 238 0
1772865652.584478592,0 0 0.3283070866141736,248 240 0
1772865652.619603363,0 0 0.3283070866141736,248 240 0
1772865652.623380405,0 0 0.3283070866141736,248 240 0
1772865652.626634976,0 0 0.3283070866141736,248 240 0
1772865652.631206723,0 0 0.4183070866141736,248 240 0
1772865652.635508820,0 0 0.4183070866141736,248 240 0
1772865652.640734365,0 0 0.4183070866141736,249 241 0
1772865652.645506685,0 0 0.4183070866141736,249 241 0
1772865652.650872806,0 0 0.47830708661417365,249 241 0
1772865652.655180110,0 0 0.47830708661417365,249 241 0
1772865652.659737775,0 0 0.4883070866141736,249 241 0
1772865652.664210820,0 0 0.4883070866141736,249 241 0
1772865652.668056692,0 0 0.4883070866141736,246 236 0
1772865652.673378856,0 0 0.4883070866141736,246 236 0
1772865652.677673078,0 0 0.4883070866141736,249 238 0
1772865652.682389985,0 0 0.4883070866141736,249 238 0
1772865652.686442678,0 0 0.4883070866141736,249 238 0
1772865652.690555701,0 0 0.4883070866141736,249 238 0
1772865652.697233041,0 0 0.4883070866141736,249 238 0
1772865652.885759812,0 0 0.4883070866141736,249 238 0
1772865652.890895529,0 0 0.4883070866141736,249 238 0
1772865652.895358283,0 0 0.4883070866141736,249 238 0
1772865652.900098813,0 0 0.4883070866141736,249 238 0
1772865652.903469127,0 0 0.4383070866141736,249 238 0
1772865652.907668313,0 0 0.4383070866141736,249 238 0
1772865652.911837374,0 0 0.4383070866141736,249 238 0
1772865652.916049392,0 0 0.4383070866141736,250 242 0
1772865652.919399249,0 0 0.4183070866141736,250 242 0
1772865652.922847601,0 0 0.4183070866141736,250 242 0
1772865652.926460985,0 0 0.4183070866141736,250 242 0
1772865652.929558647,0 0 -5.981692913385826,250 242 0
1772865652.932664226,0 0 -5.981692913385826,250 242 0
1772865652.937121313,0 0 -5.981692913385826,250 242 0
1772865652.941434242,0 0 -5.981692913385826,250 242 0
1772865652.944811764,0 0 -5.981692913385826,250 242 0
1772865652.947998297,0 0 -5.981692913385826,250 242 0
1772865652.952302185,0 0 -5.981692913385826,250 242 0
1772865652.956136432,0 0 -5.981692913385826,250 242 0
1772865652.959832103,0 0 -5.981692913385826,250 242 0
1772865652.964287149,0 0 -5.981692913385826,250 242 0
1772865652.969310914,0 0 -5.981692913385826,250 239 0
1772865652.974331178,0 0 -5.981692913385826,250 239 0
1772865652.978297793,0 0 -5.981692913385826,250 241 0
1772865652.982927704,0 0 -5.981692913385826,250 241 0
1772865652.987130639,0 0 -5.981692913385826,250 241 0
1772865652.991620017,0 0 -5.981692913385826,250 241 0
1772865652.995467971,0 0 -5.981692913385826,250 241 0
1772865653.000893547,0 0 -5.981692913385826,250 241 0
1772865653.006505051,0 0 -5.981692913385826,250 241 0
1772865653.010731802,0 0 -5.981692913385826,250 241 0
1772865653.015382612,0 0 -5.981692913385826,250 241 0
1772865653.019091061,0 0 -5.981692913385826,250 241 0
1772865653.026006821,0 0 -5.981692913385826,250 241 0
1772865653.030186867,0 0 -5.981692913385826,250 241 0
1772865653.034627272,0 0 -5.981692913385826,250 241 0
1772865653.038852524,0 0 -5.981692913385826,250 241 0
1772865653.043336094,0 0 -5.981692913385826,250 241 0
1772865653.047684088,0 0 -5.981692913385826,250 241 0
1772865653.052566509,0 0 -5.981692913385826,249 239 0
1772865653.057209570,0 0 -5.981692913385826,249 239 0
1772865653.061386407,0 0 -5.981692913385826,249 239 0
1772865653.065373381,0 0 -5.981692913385826,249 239 0
1772865653.068753391,0 0 -5.981692913385826,249 239 0
1772865653.072444632,0 0 -5.981692913385826,249 239 0
1772865653.076369360,0 0 -5.981692913385826,249 239 0
1772865653.079852613,0 0 -5.981692913385826,249 240 0
1772865653.083278079,0 0 -5.981692913385826,249 240 0
1772865653.086690378,0 0 -5.981692913385826,249 240 0
1772865653.240620620,0 0 -5.981692913385826,249 240 0
1772865653.246419071,0 0 -5.981692913385826,248 239 0
1772865653.255758647,0 0 -5.981692913385826,248 239 0
1772865653.282766018,0 0 -5.981692913385826,248 239 0
1772865653.286222689,0 0 -5.981692913385826,248 239 0
1772865653.290567809,0 0 -5.981692913385826,248 239 0
1772865653.296983723,0 0 -5.981692913385826,248 239 0
1772865653.301515290,0 0 -5.981692913385826,248 239 0
1772865653.306739400,0 0 -5.981692913385826,248 239 0
1772865653.310440849,0 0 -5.981692913385826,248 239 0
1772865653.315367893,0 0 -5.981692913385826,248 239 0
1772865653.319201876,0 0 -5.981692913385826,247 238 0
1772865653.322309609,0 0 -5.981692913385826,247 238 0
1772865653.326489447,0 0 -5.981692913385826,247 238 0
1772865653.330290140,0 0 -5.981692913385826,247 238 0
1772865653.334503726,0 0 -5.981692913385826,247 238 0
1772865653.338823430,0 0 -5.981692913385826,247 238 0
1772865653.342719493,0 0 -5.981692913385826,247 238 0
1772865653.348600814,0 0 -5.981692913385826,249 240 0
1772865653.352958724,0 0 -5.981692913385826,249 240 0
1772865653.358477483,0 0 -5.981692913385826,249 240 0
1772865653.362735191,0 0 -5.981692913385826,249 240 0
1772865653.370503526,0 0 -5.981692913385826,249 240 0
1772865653.375191751,0 0 -5.981692913385826,249 240 0
1772865653.379694111,0 0 -5.981692913385826,249 240 0
1772865653.383665461,0 0 -5.981692913385826,248 239 0
1772865653.388929068,0 0 -5.981692913385826,248 239 0
1772865653.393561337,0 0 -5.981692913385826,248 239 0
1772865653.398398136,0 0 -5.981692913385826,248 239 0
1772865653.402901038,0 0 -5.981692913385826,248 239 0
1772865653.408545123,0 0 -5.981692913385826,248 239 0
1772865653.413328383,0 0 -5.981692913385826,248 239 0
1772865653.418008650,0 0 -5.981692913385826,249 238 0
1772865653.422303356,0 0 -5.981692913385826,249 238 0
1772865653.426498693,0 0 -5.981692913385826,249 238 0
1772865653.430853270,0 0 -5.981692913385826,249 238 0
1772865653.434791205,0 0 -5.981692913385826,249 238 0
1772865653.439182405,0 0 -5.981692913385826,249 238 0
1772865653.442847190,0 0 -5.981692913385826,249 238 0
1772865653.448179876,0 0 -5.981692913385826,250 243 0
1772865653.452218597,0 0 -5.981692913385826,250 243 0
1772865653.456889198,0 0 -5.981692913385826,250 243 0
1772865653.461788326,0 0 -5.981692913385826,250 243 0
1772865653.658398351,0 0 -5.981692913385826,248 237 0
1772865653.663095158,0 0 -5.981692913385826,248 237 0
1772865653.666817856,0 0 -5.981692913385826,248 237 0
1772865653.673678328,0 0 -5.981692913385826,248 237 0
1772865653.678257392,0 0 -5.981692913385826,248 237 0
1772865653.683662491,0 0 -5.981692913385826,247 237 0
1772865653.687819705,0 0 -5.981692913385826,247 237 0
1772865653.691813511,0 0 -5.981692913385826,247 237 0
1772865653.696200545,0 0 -5.981692913385826,247 237 0
1772865653.701265789,0 0 -5.981692913385826,247 237 0
1772865653.704977862,0 0 -5.981692913385826,247 237 0
1772865653.709785913,0 0 -5.981692913385826,247 237 0
1772865653.715686941,0 0 -5.981692913385826,249 239 0
1772865653.722019486,0 0 -5.981692913385826,249 239 0
1772865653.726680045,0 0 -5.981692913385826,249 239 0
1772865653.731422599,0 0 -5.981692913385826,249 239 0
1772865653.735859464,0 0 -5.981692913385826,249 239 0
1772865653.741817863,0 0 -5.981692913385826,249 239 0
1772865653.746517629,0 0 -5.981692913385826,249 240 0
1772865653.752061219,0 0 -5.981692913385826,249 240 0
1772865653.756673323,0 0 -5.981692913385826,249 240 0
1772865653.760894658,0 0 -5.981692913385826,249 240 0
1772865653.769641436,0 0 -5.981692913385826,249 240 0
1772865653.775309728,0 0 -5.981692913385826,249 240 0
1772865653.779562061,0 0 -5.981692913385826,249 240 0
1772865653.786365661,0 0 -5.981692913385826,251 241 0
1772865653.791306829,0 0 -5.981692913385826,251 241 0
1772865653.796183625,0 0 -5.981692913385826,251 241 0
1772865653.801638930,0 0 -5.981692913385826,251 241 0
1772865653.808418823,0 0 -5.981692913385826,251 241 0
1772865653.813506065,0 0 -5.981692913385826,251 241 0
1772865653.818243204,0 0 -5.981692913385826,251 241 0
1772865653.824298181,0 0 -5.981692913385826,252 242 565
1772865653.830609268,0 0 -5.981692913385826,252 242 565
1772865653.835657305,0 0 -5.981692913385826,252 242 565
1772865653.839969635,0 0 -5.981692913385826,252 242 565
1772865653.844441288,0 0 -5.981692913385826,252 242 565
1772865653.848732786,0 0 -5.981692913385826,252 242 565
1772865653.854229880,0 0 -5.981692913385826,250 239 0
1772865653.859059512,0 0 -5.981692913385826,250 239 0
1772865653.864498401,0 0 -5.981692913385826,250 239 0
1772865653.870309559,0 0 -5.981692913385826,250 239 0
1772865654.054182520,0 0 -5.981692913385826,250 239 0
1772865654.058869894,0 0 -5.981692913385826,250 239 0
1772865654.062705572,0 0 -5.981692913385826,249 237 0
1772865654.068296932,0 0 -5.981692913385826,249 237 0
1772865654.071532563,0 0 -5.981692913385826,249 237 0
1772865654.074566707,0 0 -5.981692913385826,249 237 0
1772865654.078485463,0 0 -5.981692913385826,249 237 0
1772865654.081488693,0 0 -5.981692913385826,249 237 0
1772865654.084328474,0 0 -5.981692913385826,251 237 0
1772865654.087237043,0 0 -5.981692913385826,251 237 0
1772865654.107404994,0 0 -5.981692913385826,251 237 0
1772865654.111203841,0 0 -5.981692913385826,251 237 0
1772865654.118293190,0 0 -5.981692913385826,251 237 0
1772865654.122623462,0 0 -5.981692913385826,251 237 0
1772865654.127189886,0 0 -5.981692913385826,251 237 0
1772865654.131941673,0 0 -5.981692913385826,251 237 0
1772865654.137544824,0 0 -5.981692913385826,251 237 0
1772865654.142189493,0 0 -5.981692913385826,251 237 0
1772865654.148433937,0 0 -5.981692913385826,251 237 0
1772865654.153318883,0 0 -5.981692913385826,251 237 0
1772865654.157596699,0 0 -5.981692913385826,251 237 0
1772865654.163052359,0 0 -5.981692913385826,251 237 0
1772865654.167285137,0 0 -5.981692913385826,251 237 0
1772865654.172327614,0 0 -5.981692913385826,251 237 0
1772865654.176383987,0 0 -5.981692913385826,251 237 0
1772865654.181567539,0 0 -5.981692913385826,241 223 725
1772865654.186082007,0 0 -5.981692913385826,241 223 725
1772865654.191074446,0 0 -5.981692913385826,241 223 725
1772865654.196015138,0 0 -5.981692913385826,241 223 725
1772865654.202297663,0 0 -5.981692913385826,241 223 725
1772865654.207101114,0 0 -5.981692913385826,241 223 725
1772865654.212298873,0 0 -5.981692913385826,241 223 725
1772865654.216208546,0 0 -5.981692913385826,239 226 725
1772865654.221288355,0 0 -5.981692913385826,239 226 725
1772865654.225258316,0 0 -5.981692913385826,239 226 725
1772865654.229833572,0 0 -5.981692913385826,239 226 725
1772865654.234753307,0 0 -5.981692913385826,239 226 725
1772865654.240269963,0 0 -5.981692913385826,239 226 725
1772865654.245050915,0 0 -5.981692913385826,239 226 725
1772865654.250112850,0 0 -5.981692913385826,237 229 726
1772865654.255442809,0 0 -5.981692913385826,237 229 726
1772865654.260219553,0 0 -5.981692913385826,237 229 726
1772865654.265820663,0 0 -5.981692913385826,237 229 726
1772865654.270463082,0 0 -5.981692913385826,237 229 726
1772865654.275807040,0 0 -5.981692913385826,237 229 726
1772865654.281276033,0 0 -5.981692913385826,238 233 731
1772865654.285999822,0 0 -5.981692913385826,238 233 731
1772865654.290403130,0 0 -5.981692913385826,238 233 731
1772865654.293786211,0 0 -5.981692913385826,238 233 731
1772865654.298776359,0 0 -5.981692913385826,238 233 731
1772865654.482823763,0 0 -5.981692913385826,237 229 729
1772865654.492453579,0 0 -5.981692913385826,237 229 729
1772865654.496520409,0 0 0.7983070866141736,237 229 729
1772865654.527680717,0 0 0.7983070866141736,237 229 729
1772865654.532737110,0 0 0.7983070866141736,237 229 729
1772865654.538837397,0 0 0.7983070866141736,237 229 729
1772865654.543509522,0 0 0.7983070866141736,237 229 729
1772865654.547083508,0 0 0.7983070866141736,237 229 729
1772865654.552304266,0 0 0.7983070866141736,237 229 729
1772865654.556426259,0 0 0.7983070866141736,237 229 729
1772865654.560470465,0 0 0.7983070866141736,237 229 729
1772865654.564853359,0 0 0.6183070866141737,237 229 729
1772865654.569964457,0 0 0.6183070866141737,237 229 729
1772865654.573786802,0 0 0.6283070866141737,237 229 729
1772865654.577658686,0 0 0.6283070866141737,237 229 729
1772865654.584538298,0 0 0.5983070866141736,244 230 743
1772865654.589022894,0 0 0.5983070866141736,244 230 743
1772865654.593629107,0 0 0.6183070866141737,244 230 743
1772865654.597133555,0 0 0.6183070866141737,244 230 743
1772865654.601611151,0 0 0.4183070866141736,244 230 743
1772865654.605958838,0 0 0.4183070866141736,244 230 743
1772865654.610743207,0 0 0.4183070866141736,244 230 743
1772865654.614771539,0 0 0.4183070866141736,247 228 743
1772865654.619989922,0 0 0.4183070866141736,247 228 743
1772865654.623804601,0 0 0.4183070866141736,247 228 743
1772865654.627381087,0 0 0.4183070866141736,247 228 743
1772865654.631650904,0 0 0.4183070866141736,247 228 743
1772865654.637274803,0 0 0.40830708661417364,247 228 743
1772865654.642061672,0 0 0.40830708661417364,247 228 743
1772865654.646486188,0 0 0.39830708661417363,247 228 743
1772865654.828868612,0 0 0.39830708661417363,252 230 748
1772865654.831805929,0 0 0.40830708661417364,252 230 748
1772865654.835928339,0 0 0.40830708661417364,252 230 748
1772865654.839956630,0 0 0.4183070866141736,252 230 748
1772865654.842937360,0 0 0.4183070866141736,252 230 748
1772865654.845822556,0 0 0.4183070866141736,252 230 748
1772865654.875880557,0 0 0.4183070866141736,253 226 747
1772865654.879280095,0 0 0.4283070866141736,253 226 747
1772865654.882363070,0 0 0.4283070866141736,253 226 747
1772865654.885381548,0 0 0.4283070866141736,253 226 747
1772865654.889021655,0 0 0.45830708661417363,253 226 747
1772865654.892250204,0 0 0.4883070866141736,253 226 747
1772865654.895254808,0 0 0.4883070866141736,253 226 747
1772865654.900189251,0 0 0.4883070866141736,253 226 747
1772865654.904925164,0 0 0.4883070866141736,253 226 747
1772865654.909804526,0 0 0.5683070866141736,253 226 747
1772865654.915696659,0 0 0.5683070866141736,253 226 747
1772865654.919557627,0 0 0.5683070866141736,253 226 747
1772865654.923604499,0 0 0.5683070866141736,253 226 747
1772865654.927069825,0 0 0.5783070866141736,253 226 747
1772865654.931486550,0 0 0.5783070866141736,253 226 747
1772865654.934894921,0 0 0.6383070866141737,253 226 747
1772865654.942769555,0 0 0.6383070866141737,253 226 747
1772865654.946421036,0 0 0.6683070866141736,253 226 747
1772865654.949940733,0 0 0.6683070866141736,265 240 680
1772865654.953937317,0 0 0.6683070866141736,265 240 680
1772865654.958149763,0 0 0.6683070866141736,265 240 680
1772865655.148660342,0 0 0.7083070866141736,263 240 0
1772865655.159151528,0 0 0.7083070866141736,263 240 0
1772865655.162482600,0 0 0.7083070866141736,263 240 0
1772865655.193446439,0 0 0.7083070866141736,263 240 0
1772865655.196528320,0 0 0.7083070866141736,263 240 0
1772865655.200048089,0 0 0.7083070866141736,263 240 0
1772865655.204944892,0 0 0.7083070866141736,263 240 0
1772865655.209033706,0 0 0.7583070866141737,263 240 0
1772865655.212715506,0 0 0.7583070866141737,263 240 0
1772865655.216551879,0 0 0.7583070866141737,263 240 0
1772865655.221375228,0 0 0.7683070866141737,263 240 0
1772865655.224800670,0 0 0.7683070866141737,263 240 0
1772865655.228479969,0 0 0.7683070866141737,263 240 0
1772865655.233534804,0 0 0.7683070866141737,263 240 0
1772865655.237638159,0 0 0.7683070866141737,263 240 0
1772865655.241820550,0 0 0.7683070866141737,263 240 0
1772865655.245660840,0 0 0.7683070866141737,263 240 0
1772865655.249701074,0 0 0.7683070866141737,246 238 0
1772865655.254263857,0 0 0.7683070866141737,246 238 0
1772865655.257742045,0 0 0.7683070866141737,246 238 0
1772865655.262943537,0 0 0.7683070866141737,246 238 0
1772865655.265856637,0 0 0.7983070866141736,246 238 0
1772865655.270255889,0 0 0.7983070866141736,246 238 0
1772865655.273956604,0 0 0.7683070866141737,246 238 0
1772865655.278095499,0 0 0.7683070866141737,246 238 0
1772865655.283200080,0 0 0.7683070866141737,246 241 0
1772865655.286533611,0 0 0.7683070866141737,246 241 0
1772865655.291244051,0 0 0.7383070866141737,246 241 0
1772865655.295654094,0 0 0.7583070866141737,246 241 0
1772865655.300125300,0 0 0.7583070866141737,246 241 0
1772865655.305495947,0 0 0.7583070866141737,246 241 0
1772865655.310609861,0 0 0.7283070866141736,246 241 0
1772865655.315703401,0 0 0.7283070866141736,244 236 0
1772865655.319692764,0 0 0.6683070866141736,244 236 0
1772865655.525102758,0 0 0.6683070866141736,244 237 0
1772865655.533998673,0 0 0.6683070866141736,244 237 0
1772865655.537316372,0 0 0.6683070866141736,244 237 0
1772865655.541427351,0 0 0.6683070866141736,244 237 0
1772865655.545566913,0 0 0.6683070866141736,244 237 0
1772865655.572081878,0 0 0.6683070866141736,244 237 0
1772865655.577407527,0 0 0.6683070866141736,244 237 0
1772865655.583468629,0 0 0.6683070866141736,244 237 0
1772865655.587178177,0 0 0.6683070866141736,244 237 0
1772865655.591286490,0 0 0.6683070866141736,244 237 0
1772865655.595692742,0 0 0.7083070866141736,244 237 0
1772865655.599497367,0 0 0.7083070866141736,244 237 0
1772865655.603251953,0 0 0.5383070866141736,244 237 0
1772865655.607133365,0 0 0.5383070866141736,244 237 0
1772865655.611024900,0 0 0.5383070866141736,244 237 0
1772865655.616854434,0 0 0.5383070866141736,244 237 0
1772865655.620536692,0 0 0.5683070866141736,244 237 0
1772865655.624139830,0 0 0.5683070866141736,244 237 0
1772865655.629320572,0 0 0.4983070866141736,244 237 0
1772865655.633310685,0 0 0.4983070866141736,244 237 0
1772865655.637657649,0 0 0.5183070866141736,244 237 0
1772865655.642391005,0 0 0.5183070866141736,244 237 0
1772865655.647319931,0 0 0.5183070866141736,244 237 0
1772865655.651326501,0 0 0.5183070866141736,236 218 680
1772865655.655385609,0 0 0.4883070866141736,236 218 680
1772865655.659284477,0 0 0.4883070866141736,236 218 680
1772865655.663336961,0 0 0.46830708661417364,236 218 680
1772865655.667885912,0 0 0.46830708661417364,236 218 680
1772865655.672288664,0 0 0.46830708661417364,236 218 680
1772865655.676829532,0 0 0.4283070866141736,236 218 680
1772865655.682005983,0 0 0.4283070866141736,237 218 683
1772865655.874201597,0 0 0.4383070866141736,238 221 689
1772865655.883845213,0 0 0.4383070866141736,238 221 689
1772865655.887229323,0 0 0.4183070866141736,238 221 689
1772865655.892227495,0 0 0.4183070866141736,238 221 689
1772865655.919993586,0 0 0.4383070866141736,238 221 689
1772865655.924568952,0 0 0.4383070866141736,238 221 689
1772865655.931154144,0 0 0.4283070866141736,238 221 689
1772865655.935395823,0 0 0.4283070866141736,238 221 689
1772865655.939021335,0 0 0.4183070866141736,238 221 689
1772865655.943767148,0 0 0.4183070866141736,238 221 689
1772865655.947198505,0 0 0.4383070866141736,238 221 689
1772865655.951051835,0 0 0.4383070866141736,238 221 689
1772865655.955398091,0 0 0.4383070866141736,238 221 689
1772865655.959140595,0 0 0.4383070866141736,238 221 689
1772865655.963762291,0 0 0.4383070866141736,238 221 689
1772865655.968436484,0 0 0.4383070866141736,238 221 689
1772865655.973233919,0 0 0.40830708661417364,238 221 689
1772865655.977792077,0 0 0.40830708661417364,238 221 689
1772865655.981773024,0 0 0.4383070866141736,243 225 700
1772865655.987231123,0 0 0.4383070866141736,243 225 700
1772865655.990966544,0 0 0.4383070866141736,243 225 700
1772865655.995780561,0 0 0.4383070866141736,243 225 700
1772865655.999288206,0 0 0.4283070866141736,243 225 700
1772865656.003168023,0 0 0.4283070866141736,243 225 700
1772865656.007569094,0 0 0.4283070866141736,243 225 700
1772865656.011537237,0 0 0.4283070866141736,243 225 700
1772865656.016983944,0 0 0.4283070866141736,241 223 698
1772865656.020508409,0 0 0.5183070866141736,241 223 698
1772865656.024187488,0 0 0.5183070866141736,241 223 698
1772865656.028774005,0 0 0.5483070866141736,241 223 698
1772865656.032045654,0 0 0.5483070866141736,241 223 698
1772865656.036862030,0 0 0.5483070866141736,241 223 698
1772865656.040137178,0 0 0.5683070866141736,241 223 698
1772865656.044540541,0 0 0.5983070866141736,241 223 698
1772865656.248826681,0 0 0.5983070866141736,242 220 697
1772865656.253487568,0 0 0.5483070866141736,242 220 697
1772865656.256847169,0 0 0.5483070866141736,242 220 697
1772865656.260450504,0 0 0.5983070866141736,242 220 697
1772865656.263319430,0 0 0.5983070866141736,242 220 697
1772865656.266190649,0 0 0.6183070866141737,242 220 697
1772865656.270329321,0 0 0.6183070866141737,242 220 697
1772865656.273813372,0 0 0.6183070866141737,242 220 697
1772865656.276520977,0 0 0.6183070866141737,244 223 698
1772865656.279093049,0 0 0.5883070866141736,244 223 698
1772865656.281813778,0 0 0.5883070866141736,244 223 698
1772865656.298790481,0 0 0.6183070866141737,244 223 698
1772865656.303289503,0 0 0.6183070866141737,244 223 698
1772865656.309291339,0 0 0.5983070866141736,244 223 698
1772865656.313267022,0 0 0.5983070866141736,244 223 698
1772865656.317455733,0 0 0.5783070866141736,244 223 698
1772865656.322311731,0 0 0.5783070866141736,244 223 698
1772865656.328518594,0 0 0.4283070866141736,244 223 698
1772865656.332165592,0 0 0.4183070866141736,244 223 698
1772865656.335494612,0 0 0.4183070866141736,244 223 698
1772865656.341270672,0 0 0.4183070866141736,244 223 698
1772865656.344651521,0 0 0.4183070866141736,244 223 698
1772865656.349206165,0 0 0.4183070866141736,243 220 700
1772865656.354220652,0 0 0.4183070866141736,243 220 700
1772865656.357352644,0 0 -5.981692913385826,243 220 700
1772865656.362848890,0 0 -5.981692913385826,243 220 700
1772865656.366069709,0 0 -5.981692913385826,243 220 700
1772865656.370329623,0 0 -5.981692913385826,243 220 700
1772865656.373959997,0 0 -5.981692913385826,243 220 700
1772865656.379176970,0 0 -5.981692913385826,243 220 700
1772865656.382985540,0 0 -5.981692913385826,244 222 701
1772865656.387023720,0 0 -5.981692913385826,244 222 701
1772865656.390340282,0 0 -5.981692913385826,244 222 701
1772865656.394986587,0 0 -5.981692913385826,244 222 701
1772865656.398779658,0 0 0.4983070866141736,244 222 701
1772865656.403145898,0 0 0.4983070866141736,244 222 701
1772865656.407055836,0 0 0.4983070866141736,244 222 701
1772865656.411328708,0 0 0.4983070866141736,244 222 701
1772865656.416497976,0 0 0.46830708661417364,243 218 700
1772865656.420714310,0 0 0.46830708661417364,243 218 700
1772865656.425787793,0 0 0.46830708661417364,243 218 700
1772865656.429642651,0 0 0.46830708661417364,243 218 700
1772865656.434737966,0 0 0.46830708661417364,243 218 700
1772865656.439345106,0 0 0.46830708661417364,243 218 700
1772865656.443031976,0 0 0.46830708661417364,243 218 700
1772865656.447191314,0 0 0.46830708661417364,243 218 700
1772865656.452015314,0 0 0.46830708661417364,243 220 700
1772865656.457215830,0 0 0.46830708661417364,243 220 700
1772865656.461306964,0 0 0.46830708661417364,243 220 700
1772865656.465950477,0 0 0.46830708661417364,243 220 700
1772865656.469841833,0 0 0.46830708661417364,243 220 700
1772865656.474182658,0 0 0.46830708661417364,243 220 700
1772865656.478527275,0 0 0.40830708661417364,243 220 700
1772865656.483760997,0 0 0.40830708661417364,245 223 701
1772865656.487437201,0 0 0.40830708661417364,245 223 701
1772865656.492465687,0 0 0.40830708661417364,245 223 701
1772865656.497341434,0 0 0.40830708661417364,245 223 701
1772865656.501383196,0 0 0.40830708661417364,245 223 701
1772865656.505956589,0 0 0.40830708661417364,245 223 701
1772865656.509751577,0 0 0.40830708661417364,245 223 701
1772865656.514560036,0 0 0.40830708661417364,245 223 701
1772865656.519438408,0 0 0.40830708661417364,244 220 701
1772865656.524117334,0 0 0.40830708661417364,244 220 701
1772865656.528550320,0 0 0.40830708661417364,244 220 701
1772865656.534313464,0 0 0.40830708661417364,244 220 701
1772865656.538807945,0 0 0.40830708661417364,244 220 701
1772865656.723305785,0 0 0.40830708661417364,244 222 701
1772865656.732768757,0 0 0.40830708661417364,244 222 701
1772865656.738091806,0 0 0.40830708661417364,244 222 701
1772865656.770550189,0 0 0.40830708661417364,244 222 701
1772865656.780651283,0 0 0.40830708661417364,244 222 701
1772865656.784548264,0 0 0.40830708661417364,244 222 701
1772865656.789658453,0 0 0.40830708661417364,244 222 701
1772865656.793340115,0 0 0.40830708661417364,244 222 701
1772865656.798109411,0 0 0.40830708661417364,244 222 701
1772865656.801856318,0 0 0.40830708661417364,244 222 701
1772865656.806148314,0 0 0.40830708661417364,244 222 701
1772865656.810876779,0 0 0.47830708661417365,244 222 701
1772865656.815770399,0 0 0.47830708661417365,244 223 701
1772865656.821096115,0 0 -5.981692913385826,244 223 701
1772865656.825760042,0 0 -5.981692913385826,244 223 701
1772865656.830442927,0 0 -5.981692913385826,244 223 701
1772865656.834324576,0 0 -5.981692913385826,244 223 701
1772865656.839274067,0 0 -5.981692913385826,244 223 701
1772865656.843451279,0 0 -5.981692913385826,244 223 701
1772865656.847636198,0 0 -5.981692913385826,244 223 701
1772865656.852530110,0 0 -5.981692913385826,242 221 700
1772865656.856577706,0 0 -5.981692913385826,242 221 700
1772865656.860952029,0 0 -5.981692913385826,242 221 700
1772865656.865748906,0 0 -5.981692913385826,242 221 700
1772865656.870414500,0 0 0.45830708661417363,242 221 700
1772865656.874460679,0 0 0.45830708661417363,242 221 700
1772865657.057785335,0 0 -5.981692913385826,242 221 700
1772865657.063850021,0 0 -5.981692913385826,244 223 701
1772865657.072428901,0 0 -5.981692913385826,244 223 701
1772865657.075875819,0 0 -5.981692913385826,244 223 701
1772865657.080678347,0 0 -5.981692913385826,244 223 701
1772865657.084717680,0 0 -5.981692913385826,244 223 701
1772865657.089724109,0 0 -5.981692913385826,244 223 701
1772865657.093717362,0 0 0.4183070866141736,244 223 701
1772865657.099717387,0 0 0.4183070866141736,244 223 701
1772865657.103318835,0 0 0.4183070866141736,244 223 701
1772865657.106698382,0 0 0.4183070866141736,244 223 701
1772865657.110998405,0 0 0.4183070866141736,244 223 701
1772865657.116291439,0 0 0.4183070866141736,246 223 701
1772865657.120729493,0 0 0.4183070866141736,246 223 701
1772865657.125151965,0 0 0.4183070866141736,246 223 701
1772865657.129522733,0 0 0.4183070866141736,246 223 701
1772865657.134081070,0 0 0.4183070866141736,246 223 701
1772865657.137865296,0 0 0.4183070866141736,246 223 701
1772865657.143654295,0 0 0.4183070866141736,246 223 701
1772865657.146999553,0 0 0.3783070866141736,246 223 701
1772865657.152465283,0 0 0.3783070866141736,246 219 698
1772865657.156338044,0 0 0.3783070866141736,246 219 698
1772865657.160687313,0 0 -5.981692913385826,246 219 698
1772865657.165056581,0 0 -5.981692913385826,246 219 698
1772865657.169267818,0 0 0.39830708661417363,246 219 698
1772865657.173806115,0 0 0.39830708661417363,246 219 698
1772865657.177368233,0 0 0.3683070866141736,246 219 698
1772865657.182992743,0 0 0.3683070866141736,246 219 698
1772865657.186962664,0 0 0.3683070866141736,243 220 695
1772865657.192574134,0 0 -5.981692913385826,243 220 695
1772865657.196306572,0 0 -5.981692913385826,243 220 695
1772865657.199943393,0 0 -5.981692913385826,243 220 695
1772865657.204183836,0 0 -5.981692913385826,243 220 695
1772865657.207641544,0 0 -5.981692913385826,243 220 695
1772865657.213198559,0 0 -5.981692913385826,243 220 695
1772865657.217398798,0 0 -5.981692913385826,246 224 700
1772865657.223420362,0 0 -5.981692913385826,246 224 700
1772865657.227103596,0 0 -5.981692913385826,246 224 700
1772865657.232476208,0 0 -5.981692913385826,246 224 700
1772865657.236589869,0 0 -5.981692913385826,246 224 700
1772865657.240719320,0 0 -5.981692913385826,246 224 700
1772865657.245696669,0 0 -5.981692913385826,246 224 700
1772865657.250901501,0 0 -5.981692913385826,245 223 700
1772865657.256084876,0 0 -5.981692913385826,245 223 700
1772865657.260940525,0 0 -5.981692913385826,245 223 700
1772865657.266638947,0 0 -5.981692913385826,245 223 700
1772865657.270752149,0 0 -5.981692913385826,245 223 700
1772865657.275316361,0 0 -5.981692913385826,245 223 700
1772865657.279439397,0 0 -5.981692913385826,245 223 700
1772865657.285074239,0 0 -5.981692913385826,246 223 700
1772865657.289321724,0 0 -5.981692913385826,246 223 700
1772865657.294068547,0 0 0.39830708661417363,246 223 700
1772865657.298547974,0 0 0.39830708661417363,246 223 700
1772865657.303457035,0 0 0.39830708661417363,246 223 700
1772865657.308099825,0 0 -5.981692913385826,246 223 700
1772865657.313117421,0 0 -5.981692913385826,246 223 700
1772865657.319573371,0 0 -5.981692913385826,246 220 701
1772865657.324679668,0 0 0.3683070866141736,246 220 701
1772865657.329143804,0 0 0.3683070866141736,246 220 701
1772865657.334257684,0 0 0.3683070866141736,246 220 701
1772865657.338402635,0 0 -5.981692913385826,246 220 701
1772865657.343236410,0 0 -5.981692913385826,246 220 701
1772865657.349283973,0 0 -5.981692913385826,246 220 701
1772865657.354304527,0 0 -5.981692913385826,245 219 701
1772865657.358887487,0 0 0.3783070866141736,245 219 701
1772865657.364363425,0 0 0.3783070866141736,245 219 701
1772865657.371317589,0 0 -5.981692913385826,245 219 701
1772865657.377113295,0 0 0.3583070866141736,245 219 701
1772865657.382291546,0 0 0.3583070866141736,245 219 701
1772865657.388452350,0 0 0.39830708661417363,247 223 701
1772865657.393362454,0 0 0.39830708661417363,247 223 701
1772865657.399117621,0 0 -5.981692913385826,247 223 701
1772865657.404251750,0 0 -5.981692913385826,247 223 701
1772865657.410287564,0 0 -5.981692913385826,247 223 701
1772865657.417390550,0 0 -5.981692913385826,247 223 701
1772865657.422533762,0 0 -5.981692913385826,247 223 701
1772865657.428890594,0 0 -5.981692913385826,245 221 700
1772865657.433755201,0 0 -5.981692913385826,245 221 700
1772865657.440000041,0 0 -5.981692913385826,245 221 700
1772865657.445498560,0 0 -5.981692913385826,245 221 700
1772865657.451645658,0 0 -5.981692913385826,245 221 700
1772865657.456696376,0 0 -5.981692913385826,248 225 703
1772865657.462839765,0 0 -5.981692913385826,248 225 703
1772865657.469056357,0 0 -5.981692913385826,248 225 703
1772865657.476016438,0 0 0.39830708661417363,248 225 703
1772865657.482495261,0 0 0.39830708661417363,248 225 703
1772865657.530718984,0 0 0.39830708661417363,248 225 701
1772865657.544675600,0 0 0.39830708661417363,248 225 701
1772865657.553827397,0 0 0.39830708661417363,248 225 701
1772865657.563668977,0 0 -5.981692913385826,248 225 701
1772865657.571478912,0 0 -5.981692913385826,248 225 701
1772865657.578672934,0 0 -5.981692913385826,248 225 701
1772865657.587539002,0 0 -5.981692913385826,248 225 701
1772865657.596298993,0 0 -5.981692913385826,248 225 701
1772865657.607150876,0 0 -5.981692913385826,248 225 701
1772865657.614419934,0 0 -5.981692913385826,248 225 701
1772865657.621100409,0 0 -5.981692913385826,248 225 701
1772865657.627941915,0 0 -5.981692913385826,248 225 701
1772865657.634956658,0 0 -5.981692913385826,247 222 700
1772865657.641143502,0 0 -5.981692913385826,247 222 700
1772865657.647156026,0 0 -5.981692913385826,247 222 700
1772865657.653866957,0 0 0.39830708661417363,247 222 700
1772865657.660148545,0 0 0.39830708661417363,247 222 700
1772865657.667482390,0 0 -5.981692913385826,248 224 701
1772865657.674279065,0 0 -5.981692913385826,248 224 701
1772865657.682313193,0 0 -5.981692913385826,248 224 701
1772865657.688995835,0 0 -5.981692913385826,248 224 701
1772865657.697317025,0 0 -5.981692913385826,248 224 701
1772865657.706300876,0 0 -5.981692913385826,248 223 701
1772865657.713653511,0 0 0.4183070866141736,248 223 701
1772865657.724202457,0 0 0.4183070866141736,248 223 701
1772865657.732597683,0 0 -5.981692913385826,248 223 701
1772865657.741883845,0 0 -5.981692913385826,248 223 701
1772865657.749996342,0 0 0.4183070866141736,248 221 697
1772865657.756812058,0 0 0.4183070866141736,248 221 697
1772865657.765547302,0 0 0.4183070866141736,248 221 697
1772865657.772454719,0 0 0.4383070866141736,248 221 697
1772865657.780542593,0 0 0.4383070866141736,248 221 697
1772865657.789511319,0 0 0.4383070866141736,248 223 697
1772865657.796440027,0 0 0.4383070866141736,248 223 697
1772865657.803656255,0 0 0.45830708661417363,248 223 697
1772865657.812802511,0 0 0.45830708661417363,248 223 697
1772865657.821225360,0 0 0.45830708661417363,248 221 691
1772865657.829459432,0 0 0.45830708661417363,248 221 691
1772865657.840438722,0 0 0.45830708661417363,248 221 691
1772865657.851210526,0 0 0.45830708661417363,248 221 691
1772865657.859842569,0 0 0.45830708661417363,248 221 691
1772865657.868007812,0 0 0.45830708661417363,248 221 693
1772865657.876014234,0 0 0.45830708661417363,248 221 693
1772865657.884185560,0 0 0.45830708661417363,248 221 693
1772865657.893755576,0 0 0.45830708661417363,248 221 693
1772865657.902410826,0 0 0.46830708661417364,248 220 697
1772865657.912376938,0 0 0.46830708661417364,248 220 697
1772865657.922374299,0 0 0.46830708661417364,248 220 697
1772865657.930698364,0 0 0.45830708661417363,248 220 697
1772865657.938887231,0 0 0.45830708661417363,248 220 697
1772865657.948419083,0 0 0.45830708661417363,249 223 701
1772865657.956973840,0 0 0.45830708661417363,249 223 701
1772865657.968177322,0 0 0.5383070866141736,249 223 701
1772865657.978041775,0 0 0.5383070866141736,250 224 701
1772865657.986687109,0 0 0.5183070866141736,250 224 701
1772865657.996104220,0 0 0.5183070866141736,250 224 701
1772865658.005090557,0 0 0.5383070866141736,250 224 701
1772865658.012406839,0 0 0.5383070866141736,250 224 701
1772865658.020518936,0 0 0.5483070866141736,248 223 701
1772865658.028364303,0 0 0.5483070866141736,248 223 701
1772865658.037820798,0 0 0.5483070866141736,248 223 701
1772865658.046734293,0 0 0.5683070866141736,248 223 701
1772865658.053448828,0 0 0.5683070866141736,247 219 700
1772865658.062559849,0 0 0.5683070866141736,247 219 700
1772865658.070389176,0 0 0.4983070866141736,247 219 700
1772865658.082410103,0 0 0.4983070866141736,247 219 700
1772865658.090354837,0 0 0.45830708661417363,246 217 698
1772865658.099608306,0 0 0.45830708661417363,246 217 698
1772865658.109811412,0 0 -5.981692913385826,246 217 698
1772865658.119801534,0 0 -5.981692913385826,246 217 698
1772865658.127436500,0 0 -5.981692913385826,246 217 698
1772865658.136008020,0 0 0.3683070866141736,247 220 700
1772865658.142343292,0 0 0.3283070866141736,247 220 700
1772865658.150460764,0 0 0.3283070866141736,247 220 700
1772865658.160839565,0 0 0.33830708661417364,247 220 700
1772865658.172295659,0 0 0.33830708661417364,247 222 700
1772865658.186241316,0 0 0.33830708661417364,247 222 700
1772865658.195813344,0 0 0.3083070866141736,247 222 700
1772865658.210127099,0 0 0.3083070866141736,247 222 700
1772865658.220224171,0 0 0.3283070866141736,246 221 701
1772865658.227568700,0 0 0.3283070866141736,246 221 701
1772865658.238836476,0 0 0.3283070866141736,246 221 701
1772865658.246137550,0 0 0.3283070866141736,246 217 700
1772865658.255692830,0 0 0.3283070866141736,246 217 700
1772865658.263434038,0 0 0.3283070866141736,246 217 700
1772865658.273347124,0 0 0.40830708661417364,246 219 700
1772865658.279414291,0 0 0.40830708661417364,246 219 700
1772865658.287597383,0 0 0.40830708661417364,246 219 700
1772865658.294219842,0 0 0.40830708661417364,246 219 700
1772865658.300793971,0 0 0.4383070866141736,247 223 701
1772865658.310252341,0 0 0.45830708661417363,247 223 701
1772865658.321985290,0 0 0.45830708661417363,247 223 701
1772865658.332399671,0 0 0.4183070866141736,247 223 701
1772865658.339799864,0 0 0.4183070866141736,246 219 694
1772865658.345836200,0 0 0.4183070866141736,246 219 694
1772865658.354268148,0 0 0.4183070866141736,246 219 694
1772865658.361264579,0 0 0.4183070866141736,246 219 694
1772865658.369198355,0 0 0.4183070866141736,249 222 700
1772865658.377401320,0 0 -5.981692913385826,249 222 700
1772865658.385421924,0 0 -5.981692913385826,249 222 700
1772865658.395256932,0 0 0.45830708661417363,249 222 700
1772865658.404376495,0 0 0.45830708661417363,248 219 693
1772865658.412272399,0 0 0.45830708661417363,248 219 693
1772865658.419839037,0 0 0.45830708661417363,249 220 700
1772865658.426589153,0 0 0.45830708661417363,249 220 700
1772865658.434005469,0 0 0.45830708661417363,249 220 700
1772865658.440683382,0 0 0.45830708661417363,249 220 700
1772865658.447394543,0 0 0.45830708661417363,249 219 700
1772865658.454681744,0 0 0.45830708661417363,249 219 700
1772865658.461821039,0 0 0.45830708661417363,249 219 700
1772865658.472588060,0 0 0.45830708661417363,249 219 700
1772865658.479737605,0 0 0.45830708661417363,248 218 698
1772865658.489225889,0 0 -5.981692913385826,248 218 698
1772865658.498176214,0 0 -5.981692913385826,248 218 698
1772865658.503547684,0 0 -5.981692913385826,248 218 698
1772865658.511057827,0 0 -5.981692913385826,250 220 701
1772865658.517451303,0 0 0.3583070866141736,250 220 701
1772865658.528228324,0 0 0.3583070866141736,250 220 701
1772865658.535148552,0 0 0.3583070866141736,250 220 701
1772865658.542050865,0 0 0.3583070866141736,250 221 703
1772865658.550118632,0 0 0.3683070866141736,250 221 703
1772865658.557642981,0 0 0.3683070866141736,250 221 703
1772865658.565654710,0 0 0.3683070866141736,250 221 703
1772865658.573526867,0 0 0.3683070866141736,250 221 704
1772865658.580834191,0 0 0.3683070866141736,250 221 704
1772865658.588260381,0 0 0.3683070866141736,250 221 704
1772865658.596151244,0 0 0.3683070866141736,250 221 704
1772865658.602388149,0 0 0.3683070866141736,250 221 704
1772865658.610093068,0 0 0.3683070866141736,251 224 707
1772865658.617725076,0 0 0.3783070866141736,251 224 707
1772865658.625958289,0 0 0.3783070866141736,251 224 707
1772865658.633357064,0 0 0.3783070866141736,251 224 707
1772865658.641176891,0 0 0.3783070866141736,250 223 703
1772865658.647980003,0 0 0.40830708661417364,250 223 703
1772865658.654695747,0 0 0.40830708661417364,250 223 703
1772865658.659941685,0 0 0.4383070866141736,250 223 703
1772865658.667841922,0 0 0.4383070866141736,250 223 705
1772865658.674865851,0 0 0.4383070866141736,250 223 705
1772865658.681347404,0 0 0.47830708661417365,250 223 705
1772865658.689396672,0 0 0.47830708661417365,250 223 705
1772865658.696414560,0 0 0.47830708661417365,251 225 707
1772865658.702553555,0 0 0.47830708661417365,251 225 707
1772865658.709479658,0 0 0.4983070866141736,251 225 707
1772865658.715868968,0 0 0.4983070866141736,251 225 707
1772865658.725627941,0 0 0.4883070866141736,251 225 707
1772865658.735032982,0 0 0.4983070866141736,250 221 703
1772865658.742612993,0 0 0.4983070866141736,250 221 703
1772865658.750780003,0 0 0.4983070866141736,250 221 703
1772865658.756876751,0 0 0.4983070866141736,250 221 703
1772865658.762563448,0 0 0.4983070866141736,250 221 703
1772865658.769512049,0 0 0.4983070866141736,249 222 703
1772865658.776674675,0 0 0.46830708661417364,249 222 703
1772865658.783418542,0 0 0.46830708661417364,249 222 703
1772865658.789239811,0 0 0.4383070866141736,249 222 703
1772865658.795851646,0 0 0.4383070866141736,249 221 703
1772865658.802007765,0 0 0.45830708661417363,249 221 703
1772865658.809217055,0 0 0.45830708661417363,249 221 703
1772865658.816417179,0 0 0.45830708661417363,249 221 703
1772865658.823038846,0 0 0.45830708661417363,249 221 703
1772865658.830056151,0 0 0.46830708661417364,249 221 703
1772865658.836827765,0 0 0.46830708661417364,250 221 0
1772865658.843266863,0 0 0.46830708661417364,250 221 0
1772865658.852556996,0 0 0.46830708661417364,250 221 0
1772865658.861033023,0 0 0.45830708661417363,250 221 0
1772865658.867762141,0 0 0.45830708661417363,249 224 700
1772865658.873739607,0 0 0.4183070866141736,249 224 700
1772865658.879643162,0 0 0.4183070866141736,249 224 700
1772865658.886476022,0 0 0.4183070866141736,249 224 700
1772865658.894037660,0 0 0.46830708661417364,249 224 700
1772865658.899996336,0 0 0.45830708661417363,251 224 0
1772865658.906523885,0 0 0.45830708661417363,251 224 0
1772865658.913319248,0 0 0.4883070866141736,251 224 0
1772865658.920309346,0 0 0.4883070866141736,251 224 0
1772865658.926109075,0 0 0.45830708661417363,250 222 695
1772865658.933296700,0 0 0.4283070866141736,250 222 695
1772865658.939451486,0 0 0.4183070866141736,250 222 695
1772865658.945859545,0 0 0.4183070866141736,250 222 695
1772865658.952234439,0 0 0.4183070866141736,250 222 695
1772865658.960482900,0 0 0.6383070866141737,250 222 695
1772865658.967596739,0 0 0.6383070866141737,249 220 695
1772865658.974299275,0 0 0.6883070866141736,249 220 695
1772865658.981645347,0 0 0.6883070866141736,249 220 695
1772865658.989048163,0 0 0.6283070866141737,249 220 695
1772865658.998001322,0 0 0.6283070866141737,250 222 701
1772865659.004589981,0 0 0.6783070866141736,250 222 701
1772865659.015626074,0 0 0.6783070866141736,250 222 701
1772865659.021082896,0 0 0.7383070866141737,250 222 701
1772865659.027723917,0 0 0.7383070866141737,250 222 701
1772865659.034545424,0 0 -5.981692913385826,252 224 704
1772865659.041669740,0 0 -5.981692913385826,252 224 704
1772865659.052161126,0 0 -5.981692913385826,252 224 704
1772865659.059435014,0 0 -5.981692913385826,252 224 704
1772865659.065538410,0 0 -5.981692913385826,252 224 704
1772865659.073096734,0 0 -5.981692913385826,251 219 703
1772865659.081966247,0 0 -5.981692913385826,251 219 703
1772865659.089491823,0 0 -5.981692913385826,251 219 703
1772865659.095357447,0 0 -5.981692913385826,251 219 703
1772865659.101812649,0 0 -5.981692913385826,251 219 703
1772865659.108372676,0 0 -5.981692913385826,251 223 707
1772865659.116524287,0 0 -5.981692913385826,251 223 707
1772865659.123222137,0 0 -5.981692913385826,251 223 707
1772865659.132296800,0 0 -5.981692913385826,251 223 707
1772865659.140040985,0 0 -5.981692913385826,252 224 708
1772865659.148531319,0 0 -5.981692913385826,252 224 708
1772865659.157492533,0 0 -5.981692913385826,252 224 708
1772865659.164158219,0 0 -5.981692913385826,252 224 708
1772865659.171524433,0 0 0.7583070866141737,252 224 708
1772865659.176567746,0 0 0.7583070866141737,252 222 707
1772865659.183480954,0 0 0.7983070866141736,252 222 707
1772865659.189742629,0 0 0.7983070866141736,252 222 707
1772865659.195618669,0 0 0.7983070866141736,252 222 707
1772865659.201410714,0 0 0.7983070866141736,252 222 707
1772865659.208281926,0 0 0.7983070866141736,252 223 707
1772865659.215765339,0 0 0.7983070866141736,252 223 707
1772865659.222200043,0 0 0.7983070866141736,252 223 707
1772865659.227133281,0 0 0.7983070866141736,252 223 707
1772865659.232508859,0 0 0.7983070866141736,252 223 707
1772865659.238856112,0 0 0.7983070866141736,252 224 707
1772865659.410364872,0 0 0.7983070866141736,251 224 708
1772865659.419000695,0 0 0.7983070866141736,251 224 708
1772865659.426297331,0 0 0.7983070866141736,251 224 708
1772865659.432103542,0 0 -5.981692913385826,251 224 708
1772865659.438356802,0 0 -5.981692913385826,251 224 708
1772865659.445449412,0 0 -5.981692913385826,251 224 708
1772865659.452399659,0 0 -5.981692913385826,251 224 708
1772865659.457807443,0 0 -5.981692913385826,251 224 708
1772865659.463304679,0 0 -5.981692913385826,250 222 701
1772865659.469340497,0 0 -5.981692913385826,250 222 701
1772865659.476101426,0 0 -5.981692913385826,250 222 701
1772865659.485465525,0 0 -5.981692913385826,250 222 701
1772865659.492526221,0 0 -5.981692913385826,250 222 701
1772865659.499408098,0 0 0.6783070866141736,251 219 703
1772865659.504193764,0 0 0.6783070866141736,251 219 703
1772865659.509187373,0 0 0.6783070866141736,251 219 703
1772865659.519406738,0 0 0.6783070866141736,251 219 703
1772865659.527469981,0 0 0.6783070866141736,251 219 703
1772865659.534391397,0 0 0.6783070866141736,250 221 703
1772865659.541431345,0 0 0.6383070866141737,250 221 703
1772865659.548057367,0 0 0.6383070866141737,250 221 703
1772865659.555303673,0 0 0.6383070866141737,250 221 703
1772865659.561566516,0 0 0.6183070866141737,250 221 703
1772865659.567266277,0 0 -5.981692913385826,250 221 703
1772865659.573210603,0 0 -5.981692913385826,251 221 705
1772865659.578632178,0 0 -5.981692913385826,251 221 705
1772865659.585231035,0 0 -5.981692913385826,251 221 705
1772865659.591322391,0 0 -5.981692913385826,251 221 705
1772865659.597176682,0 0 -5.981692913385826,251 221 705
1772865659.609168492,0 0 -5.981692913385826,251 221 705
1772865659.617435385,0 0 -5.981692913385826,250 222 707
1772865659.627275572,0 0 -5.981692913385826,250 222 707
1772865659.635095250,0 0 -5.981692913385826,250 222 707
1772865659.642418093,0 0 -5.981692913385826,250 222 707
1772865659.648542946,0 0 -5.981692913385826,250 220 707
1772865659.655418698,0 0 -5.981692913385826,250 220 707
1772865659.675812641,0 0 -5.981692913385826,252 223 708
1772865659.685108829,0 0 -5.981692913385826,252 223 708
1772865659.692870470,0 0 -5.981692913385826,252 223 708
1772865659.700254516,0 0 -5.981692913385826,252 223 708
1772865659.707863711,0 0 -5.981692913385826,252 223 708
1772865659.717218228,0 0 -5.981692913385826,252 223 708
1772865659.725414418,0 0 -5.981692913385826,252 223 708
1772865659.733874005,0 0 -5.981692913385826,250 222 705
1772865659.741499907,0 0 -5.981692913385826,250 222 705
1772865659.751208729,0 0 -5.981692913385826,250 222 705
1772865659.758469368,0 0 -5.981692913385826,250 222 705
1772865659.767128522,0 0 -5.981692913385826,250 222 705
1772865659.773837996,0 0 -5.981692913385826,251 220 707
1772865659.780790743,0 0 -5.981692913385826,251 220 707
1772865659.789618717,0 0 -5.981692913385826,251 220 707
1772865659.796266529,0 0 -5.981692913385826,251 220 707
1772865659.803135907,0 0 -5.981692913385826,251 220 707
1772865659.811159820,0 0 -5.981692913385826,250 221 707
1772865659.818579655,0 0 -5.981692913385826,250 221 707
1772865659.825203802,0 0 -5.981692913385826,250 221 707
1772865659.834309171,0 0 -5.981692913385826,250 221 707
1772865659.842871708,0 0 -5.981692913385826,250 219 701
1772865659.851852046,0 0 -5.981692913385826,250 219 701
1772865659.859593855,0 0 -5.981692913385826,253 223 0
1772865659.870676111,0 0 -5.981692913385826,253 223 0
1772865659.880287774,0 0 -5.981692913385826,253 223 0
1772865659.887391467,0 0 -5.981692913385826,253 223 0
1772865659.894549989,0 0 -5.981692913385826,253 223 0
1772865659.902837423,0 0 -5.981692913385826,253 223 0
1772865659.911590028,0 0 -5.981692913385826,253 223 0
1772865659.918856500,0 0 -5.981692913385826,253 223 0
1772865659.926116847,0 0 -5.981692913385826,253 223 0
1772865659.931644831,0 0 -5.981692913385826,252 223 703
1772865659.938628783,0 0 -5.981692913385826,252 223 703
1772865659.945071445,0 0 -5.981692913385826,252 223 703
1772865659.952251756,0 0 -5.981692913385826,252 223 703
1772865659.958883736,0 0 0.7283070866141736,252 223 703
1772865659.965742032,0 0 0.7283070866141736,251 220 701
1772865659.972360888,0 0 0.7583070866141737,251 220 701
1772865659.980474460,0 0 0.7183070866141736,251 220 701
1772865659.985874662,0 0 0.7183070866141736,251 220 701
1772865659.994576563,0 0 0.6483070866141736,250 219 700
1772865660.001113966,0 0 0.6483070866141736,250 219 700
1772865660.008190349,0 0 0.6683070866141736,250 219 700
1772865660.016696532,0 0 0.6683070866141736,250 219 700
1772865660.024544019,0 0 0.6683070866141736,250 219 700
1772865660.032260891,0 0 0.6683070866141736,250 219 701
1772865660.039192911,0 0 0.6683070866141736,250 219 701
1772865660.045498065,0 0 0.6683070866141736,250 219 701
1772865660.052821469,0 0 0.6683070866141736,250 219 701
1772865660.062324238,0 0 0.6683070866141736,250 219 701
1772865660.070234261,0 0 0.6683070866141736,252 222 707
1772865660.078617996,0 0 0.6683070866141736,252 222 707
1772865660.085828701,0 0 0.6683070866141736,252 222 707
1772865660.094611528,0 0 0.6683070866141736,252 222 707
1772865660.100443096,0 0 0.6683070866141736,252 222 710
1772865660.108811873,0 0 0.6683070866141736,252 222 710
1772865660.115749393,0 0 0.6683070866141736,252 222 710
1772865660.123094545,0 0 0.6683070866141736,251 221 710
1772865660.129330705,0 0 0.7683070866141737,251 221 710
1772865660.137324138,0 0 0.7683070866141737,251 221 710
1772865660.147305909,0 0 0.8083070866141736,251 221 710
1772865660.155228140,0 0 0.8083070866141736,251 221 710
1772865660.164862106,0 0 0.8183070866141736,251 220 710
1772865660.172871455,0 0 0.8183070866141736,251 220 710
1772865660.180359638,0 0 -5.981692913385826,251 220 710
1772865660.188934857,0 0 -5.981692913385826,251 220 710
1772865660.196039612,0 0 -5.981692913385826,251 222 711
1772865660.201134073,0 0 -5.981692913385826,251 222 711
1772865660.209724166,0 0 0.7583070866141737,251 222 711
1772865660.220777017,0 0 0.7583070866141737,251 222 711
1772865660.231671964,0 0 0.7583070866141737,250 219 707
1772865660.238238555,0 0 0.7583070866141737,250 219 707
1772865660.248604504,0 0 0.7583070866141737,250 219 707
1772865660.255880953,0 0 0.7283070866141736,250 219 707
1772865660.264466547,0 0 0.7283070866141736,250 220 708
1772865660.273429651,0 0 0.7283070866141736,250 220 708
1772865660.283741687,0 0 0.7283070866141736,250 220 708
1772865660.294097803,0 0 0.7283070866141736,250 220 708
1772865660.302040949,0 0 0.7283070866141736,251 223 0
1772865660.309589460,0 0 0.7083070866141736,251 223 0
1772865660.316169342,0 0 0.7083070866141736,251 223 0
1772865660.326227315,0 0 0.7083070866141736,251 223 0
1772865660.333378525,0 0 0.7283070866141736,249 217 705
1772865660.342738097,0 0 0.7283070866141736,249 217 705
1772865660.350836772,0 0 0.7283070866141736,249 217 705
1772865660.358627138,0 0 0.7283070866141736,249 217 705
1772865660.365543576,0 0 0.7283070866141736,249 219 701
1772865660.372346106,0 0 0.7283070866141736,249 219 701
1772865660.382456575,0 0 0.7283070866141736,249 219 701
1772865660.388797185,0 0 0.7283070866141736,249 219 701
1772865660.397392194,0 0 0.7283070866141736,248 218 694
1772865660.403677808,0 0 0.7283070866141736,248 218 694
1772865660.411133326,0 0 0.7283070866141736,248 218 694
1772865660.421072351,0 0 0.7283070866141736,248 218 694
1772865660.432898139,0 0 0.7283070866141736,250 222 700
1772865660.440932986,0 0 0.7283070866141736,250 222 700
1772865660.450310515,0 0 0.7283070866141736,250 222 700
1772865660.465587772,0 0 0.7283070866141736,249 220 695
1772865660.474275399,0 0 0.7283070866141736,249 220 695
1772865660.482294830,0 0 0.7283070866141736,249 220 695
1772865660.494860350,0 0 0.7283070866141736,249 220 695
1772865660.501537973,0 0 0.6683070866141736,249 220 695
1772865660.512367426,0 0 0.6683070866141736,250 223 701
1772865660.520085131,0 0 0.6683070866141736,250 223 701
1772865660.527847583,0 0 0.6683070866141736,250 223 701
1772865660.534170944,0 0 0.6683070866141736,249 214 694
1772865660.544374947,0 0 0.6683070866141736,249 214 694
1772865660.551392127,0 0 0.6883070866141736,249 214 694
1772865660.559570962,0 0 0.6883070866141736,249 214 694
1772865660.565035809,0 0 0.6883070866141736,249 220 704
1772865660.572183811,0 0 0.6883070866141736,249 220 704
1772865660.581393687,0 0 0.6883070866141736,249 220 704
1772865660.589224466,0 0 0.6883070866141736,249 220 704
1772865660.599223320,0 0 0.6883070866141736,248 220 705
1772865660.608316289,0 0 0.6883070866141736,248 220 705
1772865660.615338176,0 0 0.6883070866141736,248 220 705
1772865660.621735905,0 0 0.6883070866141736,248 220 705
1772865660.631604519,0 0 0.6783070866141736,248 220 705
1772865660.640314603,0 0 0.6783070866141736,248 220 705
1772865660.650270501,0 0 0.6783070866141736,248 220 705
1772865660.659357929,0 0 -5.981692913385826,248 220 707
1772865660.667171002,0 0 -5.981692913385826,248 220 707
1772865660.676893503,0 0 -5.981692913385826,248 220 707
1772865660.683034920,0 0 -5.981692913385826,248 220 707
1772865660.694269589,0 0 -5.981692913385826,247 220 704
1772865660.703606622,0 0 -5.981692913385826,247 220 704
1772865660.714067521,0 0 -5.981692913385826,247 220 704
1772865660.721570661,0 0 -5.981692913385826,247 220 704
1772865660.729798241,0 0 -5.981692913385826,250 221 708
1772865660.736391497,0 0 -5.981692913385826,250 221 708
1772865660.747350855,0 0 -5.981692913385826,250 221 708
1772865660.753131135,0 0 -5.981692913385826,250 221 708
1772865660.765898555,0 0 -5.981692913385826,249 222 708
1772865660.771983394,0 0 -5.981692913385826,249 222 708
1772865660.781335883,0 0 -5.981692913385826,249 222 708
1772865660.792351112,0 0 -5.981692913385826,249 222 708
1772865660.801029031,0 0 -5.981692913385826,249 224 708
1772865660.810332483,0 0 -5.981692913385826,249 224 708
1772865660.817817124,0 0 -5.981692913385826,249 224 708
1772865660.828479757,0 0 -5.981692913385826,249 224 708
1772865660.836193504,0 0 -5.981692913385826,249 220 704
1772865660.903025319,0 0 -5.981692913385826,249 220 703
1772865660.912165700,0 0 -5.981692913385826,249 220 703
1772865660.918665005,0 0 -5.981692913385826,249 220 703
1772865660.928517495,0 0 -5.981692913385826,249 220 703
1772865660.937715081,0 0 -5.981692913385826,249 220 703
1772865660.949523912,0 0 -5.981692913385826,249 220 703
1772865660.958200456,0 0 -5.981692913385826,249 220 703
1772865660.969893089,0 0 0.5983070866141736,250 224 705
1772865660.978326444,0 0 0.5983070866141736,250 224 705
1772865660.985370330,0 0 0.5983070866141736,250 224 705
1772865661.000387733,0 0 0.5983070866141736,249 218 701
1772865661.012847478,0 0 0.5983070866141736,249 218 701
1772865661.021962961,0 0 0.5983070866141736,249 218 701
1772865661.032633604,0 0 0.7083070866141736,250 223 707
1772865661.040858495,0 0 0.7083070866141736,250 223 707
1772865661.048545307,0 0 0.7083070866141736,250 223 707
1772865661.058438891,0 0 0.7083070866141736,250 223 707
1772865661.068812851,0 0 0.7083070866141736,248 220 707
1772865661.076537784,0 0 0.7083070866141736,248 220 707
1772865661.084974033,0 0 0.6783070866141736,248 220 707
1772865661.094154635,0 0 0.6783070866141736,248 220 707
1772865661.102778159,0 0 0.6783070866141736,250 224 708
1772865661.108492761,0 0 0.6783070866141736,250 224 708
1772865661.115582123,0 0 -5.981692913385826,250 224 708
1772865661.123168068,0 0 -5.981692913385826,250 224 708
1772865661.131104192,0 0 -5.981692913385826,250 221 707
1772865661.139332666,0 0 -5.981692913385826,250 221 707
1772865661.147981813,0 0 -5.981692913385826,250 221 707
1772865661.158628250,0 0 -5.981692913385826,249 220 707
1772865661.165597830,0 0 -5.981692913385826,249 220 707
1772865661.172773976,0 0 -5.981692913385826,249 220 707
1772865661.180281594,0 0 -5.981692913385826,249 220 707
1772865661.187317336,0 0 -5.981692913385826,249 220 707
1772865661.194406531,0 0 -5.981692913385826,249 221 707
1772865661.204099465,0 0 -5.981692913385826,249 221 707
1772865661.211111333,0 0 -5.981692913385826,249 221 707
1772865661.219649448,0 0 -5.981692913385826,249 221 707
1772865661.228046574,0 0 -5.981692913385826,249 223 707
1772865661.234240428,0 0 -5.981692913385826,249 223 707
1772865661.242301749,0 0 -5.981692913385826,249 223 707
1772865661.251668794,0 0 -5.981692913385826,249 223 707
1772865661.263649286,0 0 -5.981692913385826,249 223 707
1772865661.271481669,0 0 -5.981692913385826,249 224 705
1772865661.283081567,0 0 -5.981692913385826,249 224 705
1772865661.290232465,0 0 -5.981692913385826,249 224 705
1772865661.297455232,0 0 -5.981692913385826,251 224 707
1772865661.305114171,0 0 -5.981692913385826,251 224 707
1772865661.315529253,0 0 -5.981692913385826,251 224 707
1772865661.321068328,0 0 -5.981692913385826,251 224 707
1772865661.327413961,0 0 -5.981692913385826,251 226 708
1772865661.336135394,0 0 -5.981692913385826,251 226 708
1772865661.344878366,0 0 -5.981692913385826,251 226 708
1772865661.354010931,0 0 -5.981692913385826,251 226 708
1772865661.361501592,0 0 -5.981692913385826,249 226 707
1772865661.369547332,0 0 -5.981692913385826,249 226 707
1772865661.378879838,0 0 -5.981692913385826,249 226 707
1772865661.387981488,0 0 -5.981692913385826,249 226 707
1772865661.397387030,0 0 -5.981692913385826,249 222 701
1772865661.404424521,0 0 -5.981692913385826,249 222 701
1772865661.411242406,0 0 -5.981692913385826,249 222 701
1772865661.417550625,0 0 -5.981692913385826,249 222 701
1772865661.425350010,0 0 -5.981692913385826,249 222 701
1772865661.434257344,0 0 -5.981692913385826,249 224 705
1772865661.440941823,0 0 -5.981692913385826,249 224 705
1772865661.451522099,0 0 -5.981692913385826,249 224 705
1772865661.464947136,0 0 -5.981692913385826,250 223 707
1772865661.474125571,0 0 -5.981692913385826,250 223 707
1772865661.485638561,0 0 1.2183070866141736,250 223 707
1772865661.499561181,0 0 1.2083070866141736,250 225 710
1772865661.507175581,0 0 1.2083070866141736,250 225 710
1772865661.517689488,0 0 1.2083070866141736,250 225 710
1772865661.526530869,0 0 1.1583070866141736,250 225 710
1772865661.536056317,0 0 1.1583070866141736,250 222 708
1772865661.547619928,0 0 1.1183070866141736,250 222 708
1772865661.556059134,0 0 1.1183070866141736,250 222 708
1772865661.563761027,0 0 1.1183070866141736,249 221 708
1772865661.574152819,0 0 1.1183070866141736,249 221 708
1772865661.583193017,0 0 1.0983070866141735,249 221 708
1772865661.589999569,0 0 1.0883070866141737,249 221 708
1772865661.599141966,0 0 1.0883070866141737,249 219 707
1772865661.607776406,0 0 1.0883070866141737,249 219 707
1772865661.616072791,0 0 1.0983070866141735,249 219 707
1772865661.624114823,0 0 1.0983070866141735,249 219 707
1772865661.633262344,0 0 1.1183070866141736,249 222 708
1772865661.643092600,0 0 1.1183070866141736,249 222 708
1772865661.651630882,0 0 1.1183070866141736,249 222 708
1772865661.659403811,0 0 1.0983070866141735,249 222 708
1772865661.670217567,0 0 1.0983070866141735,250 224 711
1772865661.680308302,0 0 1.0983070866141735,250 224 711
1772865661.687836001,0 0 1.0983070866141735,250 224 711
1772865661.695834161,0 0 1.0683070866141737,250 224 711
1772865661.703594925,0 0 1.0683070866141737,250 227 711
1772865661.712154830,0 0 1.0483070866141737,250 227 711
1772865661.719393429,0 0 1.0483070866141737,250 227 711
1772865661.728944416,0 0 1.0583070866141737,250 224 710
1772865661.737623686,0 0 1.0583070866141737,250 224 710
1772865661.746076016,0 0 1.0483070866141737,250 224 710
1772865661.753020432,0 0 1.0483070866141737,250 224 710
1772865661.762629665,0 0 1.0583070866141737,248 222 708
1772865661.769883263,0 0 1.0583070866141737,248 222 708
1772865661.775646861,0 0 1.0583070866141737,248 222 708
1772865661.784434288,0 0 1.0583070866141737,248 222 708
1772865661.793231089,0 0 1.0583070866141737,248 220 707
1772865661.801046681,0 0 1.0483070866141737,248 220 707
1772865661.808651625,0 0 1.0483070866141737,248 220 707
1772865661.815630579,0 0 1.0483070866141737,248 220 707
1772865661.825485124,0 0 1.0483070866141737,248 220 707
1772865661.834818339,0 0 1.0283070866141737,249 222 708
1772865661.842311167,0 0 1.0283070866141737,249 222 708
1772865661.850260331,0 0 1.0283070866141737,249 222 708
1772865661.857792280,0 0 1.0283070866141737,249 222 708
1772865661.865311897,0 0 1.0283070866141737,248 223 708
1772865661.874338304,0 0 1.0283070866141737,248 223 708
1772865661.881406710,0 0 0.9983070866141737,248 223 708
1772865661.888657099,0 0 0.9983070866141737,248 223 708
1772865661.897478315,0 0 0.9983070866141737,248 224 707
1772865661.903305700,0 0 0.9983070866141737,248 224 707
1772865661.911495052,0 0 0.9883070866141737,248 224 707
1772865661.918696238,0 0 0.9883070866141737,248 224 707
1772865661.924901091,0 0 0.9883070866141737,248 224 707
1772865661.931821466,0 0 0.9583070866141736,247 221 704
1772865661.938648933,0 0 0.9583070866141736,247 221 704
1772865661.945492107,0 0 0.9583070866141736,247 221 704
1772865661.956171209,0 0 0.9583070866141736,247 221 704
1772865661.964856144,0 0 0.9483070866141736,246 218 700
1772865661.970748857,0 0 0.9483070866141736,246 218 700
1772865661.978196480,0 0 0.9583070866141736,246 218 700
1772865661.988454117,0 0 0.9583070866141736,246 218 700
1772865661.997106847,0 0 0.9683070866141736,245 215 691
1772865662.004526087,0 0 0.9683070866141736,245 215 691
1772865662.014146960,0 0 0.9683070866141736,245 215 691
1772865662.021580355,0 0 0.9883070866141737,245 215 691
1772865662.030999495,0 0 0.9883070866141737,244 217 698
1772865662.037137837,0 0 0.9883070866141737,244 217 698
1772865662.044656975,0 0 0.9883070866141737,244 217 698
1772865662.054858463,0 0 1.0183070866141737,244 217 698
1772865662.062854602,0 0 1.0183070866141737,244 217 698
1772865662.069635596,0 0 1.0183070866141737,246 217 0
1772865662.077538909,0 0 1.0183070866141737,246 217 0
1772865662.084224203,0 0 1.0483070866141737,246 217 0
1772865662.095312364,0 0 1.0483070866141737,246 217 0
1772865662.103186013,0 0 1.0483070866141737,248 218 705
1772865662.111421464,0 0 1.0483070866141737,248 218 705
1772865662.118788491,0 0 1.0483070866141737,248 218 705
1772865662.127290877,0 0 1.0483070866141737,248 218 705
1772865662.136188353,0 0 1.0283070866141737,246 219 705
1772865662.143627707,0 0 1.0283070866141737,246 219 705
1772865662.150088687,0 0 1.0183070866141737,246 219 705
1772865662.158145403,0 0 1.0183070866141737,246 219 705
1772865662.166632999,0 0 1.0283070866141737,246 218 704
1772865662.173727049,0 0 1.0283070866141737,246 218 704
1772865662.181702648,0 0 1.0283070866141737,246 218 704
1772865662.190233740,0 0 1.0283070866141737,246 218 704
1772865662.200897480,0 0 1.0283070866141737,246 217 705
1772865662.210085473,0 0 1.0283070866141737,246 217 705
1772865662.217374006,0 0 1.0283070866141737,246 217 705
1772865662.224887603,0 0 1.0283070866141737,246 217 705
1772865662.233858948,0 0 1.0283070866141737,246 222 710
1772865662.241557113,0 0 1.0283070866141737,246 222 710
1772865662.252590696,0 0 1.0283070866141737,246 222 710
1772865662.260295276,0 0 1.0483070866141737,246 222 710
1772865662.267236423,0 0 1.0483070866141737,245 217 710
1772865662.274804765,0 0 1.0483070866141737,245 217 710
1772865662.282502013,0 0 1.0483070866141737,245 217 710
1772865662.289838250,0 0 0.7583070866141737,245 217 710
1772865662.299261931,0 0 0.7583070866141737,245 212 707
1772865662.306770820,0 0 0.7583070866141737,245 212 707
1772865662.316762952,0 0 0.7683070866141737,245 212 707
1772865662.326532728,0 0 0.7683070866141737,245 212 707
1772865662.334588778,0 0 0.7983070866141736,245 212 707
1772865662.342668534,0 0 0.7983070866141736,245 218 711
1772865662.350448316,0 0 0.8083070866141736,245 218 711
1772865662.358673643,0 0 0.8083070866141736,245 218 711
1772865662.365572668,0 0 0.8383070866141736,245 218 711
1772865662.373421111,0 0 0.8383070866141736,245 218 711
1772865662.384381700,0 0 0.8583070866141737,245 219 711
1772865662.392972870,0 0 0.8583070866141737,245 219 711
1772865662.401016130,0 0 0.8583070866141737,245 219 711
1772865662.407341163,0 0 0.8883070866141737,245 219 711
1772865662.415844258,0 0 0.9183070866141736,243 217 711
1772865662.423275195,0 0 0.9183070866141736,243 217 711
1772865662.431767082,0 0 0.9283070866141736,243 217 711
1772865662.439806800,0 0 0.9583070866141736,243 217 711
1772865662.446665204,0 0 0.9583070866141736,244 216 708
1772865662.452184808,0 0 0.9583070866141736,244 216 708
1772865662.461407548,0 0 0.9583070866141736,244 216 708
1772865662.468412731,0 0 0.9483070866141736,244 216 708
1772865662.475724762,0 0 0.9483070866141736,244 216 708
1772865662.482830144,0 0 0.9483070866141736,245 217 710
1772865662.488659513,0 0 0.9483070866141736,245 217 710
1772865662.496541869,0 0 0.9683070866141736,245 217 710
1772865662.503499182,0 0 0.9683070866141736,245 217 710
1772865662.511044484,0 0 0.9883070866141737,242 213 0
1772865662.519487209,0 0 0.9883070866141737,242 213 0
1772865662.527401021,0 0 1.0283070866141737,242 213 0
1772865662.535125516,0 0 1.0283070866141737,243 214 0
1772865662.544251931,0 0 1.0583070866141737,243 214 0
1772865662.551983468,0 0 1.0583070866141737,243 214 0
1772865662.560851822,0 0 1.0883070866141737,243 214 0
1772865662.567723183,0 0 1.0883070866141737,241 211 0
1772865662.577545371,0 0 1.0883070866141737,241 211 0
1772865662.583969021,0 0 1.0983070866141735,241 211 0
1772865662.591295510,0 0 1.0983070866141735,241 211 0
1772865662.599947674,0 0 1.1283070866141736,241 210 0
1772865662.608022139,0 0 1.1283070866141736,241 210 0
1772865662.614744097,0 0 1.1283070866141736,241 210 0
1772865662.623076831,0 0 1.1183070866141736,241 210 0
1772865662.629778124,0 0 1.1183070866141736,239 211 0
1772865662.636042204,0 0 1.0983070866141735,239 211 0
1772865662.645215199,0 0 1.0983070866141735,239 211 0
1772865662.656729490,0 0 1.0683070866141737,239 211 0
1772865662.665676837,0 0 1.0483070866141737,240 212 0
1772865662.675356204,0 0 1.0483070866141737,240 212 0
1772865662.683688855,0 0 1.0483070866141737,240 212 0
1772865662.693532541,0 0 1.0483070866141737,240 212 0
1772865662.702260908,0 0 1.0883070866141737,243 216 0
1772865662.710362037,0 0 1.0883070866141737,243 216 0
1772865662.718977497,0 0 1.0683070866141737,243 216 0
1772865662.726888392,0 0 1.0683070866141737,240 214 0
1772865662.735774120,0 0 1.0683070866141737,240 214 0
1772865662.743072903,0 0 1.0683070866141737,240 214 0
1772865662.753521203,0 0 1.0683070866141737,240 214 0
1772865662.762123372,0 0 1.0683070866141737,241 215 669
1772865662.768446822,0 0 1.0683070866141737,241 215 669
1772865662.777215435,0 0 1.0683070866141737,241 215 669
1772865662.794550887,0 0 1.0683070866141737,241 214 679
1772865662.803266421,0 0 1.0683070866141737,241 214 679
1772865662.811011165,0 0 1.0683070866141737,241 214 679
1772865662.817351781,0 0 1.0683070866141737,241 214 679
1772865662.823358967,0 0 1.0683070866141737,241 214 679
1772865662.833078955,0 0 1.0583070866141737,242 217 0
1772865662.839145262,0 0 1.0583070866141737,242 217 0
1772865662.846559867,0 0 1.0583070866141737,242 217 0
1772865662.854517342,0 0 1.0583070866141737,242 217 0
1772865662.861852955,0 0 1.0583070866141737,242 217 0
1772865662.868577120,0 0 0.8183070866141736,242 217 0
1772865662.879469507,0 0 0.8183070866141736,242 217 0
1772865662.885929946,0 0 0.7683070866141737,242 217 0
1772865662.892799140,0 0 0.7683070866141737,242 217 0
1772865662.900439143,0 0 0.7983070866141736,241 214 0
1772865662.909145303,0 0 0.7983070866141736,241 214 0
1772865662.919689762,0 0 0.7983070866141736,241 214 0
1772865662.927402091,0 0 0.8383070866141736,241 214 0
1772865662.933898652,0 0 0.7783070866141736,241 214 0
1772865662.943472278,0 0 0.7783070866141736,242 217 0
1772865662.955358579,0 0 0.7583070866141737,242 217 0
1772865662.962703024,0 0 0.7583070866141737,242 217 0
1772865662.972866015,0 0 0.7583070866141737,242 217 0
1772865662.980948063,0 0 0.7383070866141737,241 216 0
1772865662.988385875,0 0 0.6783070866141736,241 216 0
1772865662.995763525,0 0 0.6783070866141736,241 216 0
1772865663.003462643,0 0 0.6783070866141736,241 216 0
1772865663.009183255,0 0 0.6483070866141736,241 216 0
1772865663.016677126,0 0 0.6483070866141736,241 219 700
1772865663.024211159,0 0 0.6383070866141737,241 219 700
1772865663.032323516,0 0 0.6383070866141737,241 219 700
1772865663.045242317,0 0 0.5983070866141736,241 219 700
1772865663.053469872,0 0 0.5983070866141736,240 214 0
1772865663.060474786,0 0 0.5883070866141736,240 214 0
1772865663.067291593,0 0 0.5883070866141736,240 214 0
1772865663.072756061,0 0 0.5483070866141736,240 214 0
1772865663.079077579,0 0 0.5483070866141736,240 218 0
1772865663.084491219,0 0 0.5683070866141736,240 218 0
1772865663.091100294,0 0 0.5683070866141736,240 218 0
1772865663.097471223,0 0 0.5283070866141736,240 218 0
1772865663.105988085,0 0 0.5283070866141736,240 218 0
1772865663.112187322,0 0 0.5183070866141736,240 216 0
1772865663.120123194,0 0 0.5183070866141736,240 216 0
1772865663.128162599,0 0 0.5183070866141736,240 216 0
1772865663.136271831,0 0 0.5183070866141736,240 216 0
1772865663.144807817,0 0 0.5183070866141736,240 216 0
1772865663.152814641,0 0 0.5183070866141736,240 217 0
1772865663.159496543,0 0 0.5183070866141736,240 217 0
1772865663.166815721,0 0 0.4383070866141736,240 217 0
1772865663.171850895,0 0 0.4383070866141736,240 217 0
1772865663.177888854,0 0 0.4383070866141736,242 219 701
1772865663.185845724,0 0 0.4383070866141736,242 219 701
1772865663.191201661,0 0 0.45830708661417363,242 219 701
1772865663.197450060,0 0 0.45830708661417363,242 219 701
1772865663.203946562,0 0 0.4983070866141736,242 219 701
1772865663.210494475,0 0 0.4983070866141736,241 219 700
1772865663.308332254,0 0 0.5383070866141736,241 220 700
1772865663.315498612,0 0 0.6883070866141736,241 220 700
1772865663.322220927,0 0 0.6883070866141736,241 220 700
1772865663.327263642,0 0 0.6883070866141736,241 220 700
1772865663.333644362,0 0 0.6883070866141736,241 220 700
1772865663.342093230,0 0 0.7183070866141736,241 220 700
1772865663.348444162,0 0 0.7183070866141736,241 220 700
1772865663.354724099,0 0 0.7183070866141736,241 220 700
1772865663.362429534,0 0 0.7183070866141736,239 217 678
1772865663.369865035,0 0 0.7183070866141736,239 217 678
1772865663.378750947,0 0 0.7183070866141736,239 217 678
1772865663.385241616,0 0 0.7183070866141736,239 217 678
1772865663.391878021,0 0 0.7183070866141736,239 217 678
1772865663.403273209,0 0 0.7383070866141737,240 218 683
1772865663.410229086,0 0 0.7383070866141737,240 218 683
1772865663.416125516,0 0 0.7383070866141737,240 218 683
1772865663.422271299,0 0 0.7383070866141737,240 218 683
1772865663.428573943,0 0 0.7383070866141737,240 221 693
1772865663.437134760,0 0 1.3383070866141737,240 221 693
1772865663.444599216,0 0 1.3383070866141737,240 221 693
1772865663.450869488,0 0 1.3083070866141737,240 221 693
1772865663.458393772,0 0 1.3083070866141737,240 221 693
1772865663.466198615,0 0 1.3883070866141736,239 215 672
1772865663.473585162,0 0 1.3883070866141736,239 215 672
1772865663.480827597,0 0 1.4183070866141736,239 215 672
1772865663.488358505,0 0 1.4183070866141736,239 215 672
1772865663.499745319,0 0 1.4383070866141736,238 213 669
1772865663.507982373,0 0 1.4383070866141736,238 213 669
1772865663.516245758,0 0 1.3883070866141736,238 213 669
1772865663.524468938,0 0 1.3883070866141736,238 213 669
1772865663.532944929,0 0 1.3883070866141736,240 216 675
1772865663.540569662,0 0 1.2383070866141737,240 216 675
1772865663.678623881,0 0 1.2383070866141737,240 218 675
1772865663.686838979,0 0 1.0483070866141737,240 218 675
1772865663.695831632,0 0 1.0483070866141737,240 218 675
1772865663.703090148,0 0 1.0883070866141737,240 218 675
1772865663.710664178,0 0 1.0883070866141737,240 218 675
1772865663.718141300,0 0 1.1783070866141736,240 218 675
1772865663.726767528,0 0 1.1483070866141736,240 218 675
1772865663.733996672,0 0 1.1483070866141736,240 218 675
1772865663.742948287,0 0 1.2083070866141736,242 217 680
1772865663.753815522,0 0 1.2083070866141736,242 217 680
1772865663.761344181,0 0 1.2183070866141736,242 217 680
1772865663.770393495,0 0 1.2183070866141736,242 217 680
1772865663.779615419,0 0 1.2483070866141737,241 216 679
1772865663.788470585,0 0 1.2483070866141737,241 216 679
1772865663.795962039,0 0 1.2683070866141737,241 216 679
1772865663.804982189,0 0 1.2683070866141737,241 216 679
1772865663.813179580,0 0 1.2683070866141737,241 214 680
1772865663.822089157,0 0 1.2683070866141737,241 214 680
1772865663.830301005,0 0 1.2683070866141737,241 214 680
1772865663.837903532,0 0 1.2683070866141737,241 214 680
1772865663.845797075,0 0 1.2683070866141737,241 214 680
1772865663.855781098,0 0 1.2683070866141737,242 218 682
1772865663.863102900,0 0 1.2683070866141737,242 218 682
1772865663.871095018,0 0 1.2683070866141737,242 218 682
1772865663.877708967,0 0 1.2683070866141737,242 218 682
1772865663.886946431,0 0 1.2683070866141737,243 217 683
1772865663.895361011,0 0 1.2683070866141737,243 217 683
1772865663.904425908,0 0 1.1783070866141736,243 217 683
1772865663.914096458,0 0 1.1783070866141736,243 217 683
1772865663.921872928,0 0 1.1883070866141736,244 219 689
1772865663.929187356,0 0 1.1883070866141736,244 219 689
1772865663.936861419,0 0 1.1783070866141736,244 219 689
1772865663.945498104,0 0 1.1783070866141736,244 219 689
1772865663.951435156,0 0 1.1783070866141736,243 216 684
1772865663.958309415,0 0 1.1483070866141736,243 216 684
1772865663.967495092,0 0 1.1483070866141736,243 216 684
1772865663.975058498,0 0 1.1583070866141736,243 216 684
1772865663.981990377,0 0 1.1583070866141736,243 216 684
1772865663.988551873,0 0 1.2483070866141737,243 216 684
1772865663.993744908,0 0 1.2483070866141737,243 216 684
1772865664.000051885,0 0 1.2183070866141736,243 216 684
1772865664.006856635,0 0 1.2183070866141736,243 216 684
1772865664.013550643,0 0 1.2183070866141736,243 216 684
1772865664.021584153,0 0 1.2183070866141736,244 218 689
1772865664.028879856,0 0 1.2083070866141736,244 218 689
1772865664.045040742,0 0 1.2083070866141736,244 218 689
1772865664.052974011,0 0 1.2083070866141736,244 218 689
1772865664.059038494,0 0 1.1883070866141736,244 220 693
1772865664.066093594,0 0 1.1883070866141736,244 220 693
1772865664.074016447,0 0 1.1883070866141736,243 220 691
1772865664.081779648,0 0 1.1883070866141736,243 220 691
1772865664.088597187,0 0 1.1883070866141736,243 220 691
1772865664.094886607,0 0 1.1583070866141736,243 220 691
1772865664.102406873,0 0 1.1583070866141736,243 220 691
1772865664.108750122,0 0 1.1583070866141736,243 220 690
1772865664.115375053,0 0 1.0983070866141735,243 220 690
1772865664.120424046,0 0 1.0983070866141735,243 220 690
1772865664.126610726,0 0 1.0983070866141735,243 220 690
1772865664.132095429,0 0 1.0983070866141735,243 220 690
1772865664.139785721,0 0 1.0983070866141735,243 219 684
1772865664.148689983,0 0 1.0983070866141735,243 219 684
1772865664.156637959,0 0 1.0983070866141735,243 219 684
1772865664.164328584,0 0 1.0983070866141735,243 219 684
1772865664.171246905,0 0 1.1183070866141736,246 221 695
1772865664.179475230,0 0 1.1183070866141736,246 221 695
1772865664.185825812,0 0 1.0683070866141737,246 221 695
1772865664.192513946,0 0 1.0683070866141737,246 221 695
1772865664.200854802,0 0 1.1183070866141736,246 221 695
1772865664.209235280,0 0 1.1183070866141736,244 217 682
1772865664.216052110,0 0 1.1183070866141736,244 217 682
1772865664.224178528,0 0 1.1483070866141736,244 217 682
1772865664.232702493,0 0 1.1483070866141736,244 217 682
1772865664.241194794,0 0 1.1183070866141736,243 219 683
1772865664.247988209,0 0 1.1183070866141736,243 219 683
1772865664.254032902,0 0 1.1183070866141736,243 219 683
1772865664.265220330,0 0 1.1183070866141736,243 219 683
1772865664.273507733,0 0 1.1283070866141736,244 220 682
1772865664.280791395,0 0 1.1283070866141736,244 220 682
1772865664.288022521,0 0 1.1183070866141736,244 220 682
1772865664.296332088,0 0 1.1483070866141736,244 220 682
1772865664.303672787,0 0 1.1483070866141736,244 220 682
1772865664.310814837,0 0 1.1483070866141736,242 217 679
1772865664.317737700,0 0 1.1283070866141736,242 217 679
1772865664.325117561,0 0 1.1283070866141736,242 217 679
1772865664.331164462,0 0 1.1483070866141736,242 217 679
1772865664.340593635,0 0 1.1483070866141736,243 219 682
1772865664.346901846,0 0 1.1483070866141736,243 219 682
1772865664.357694018,0 0 1.1483070866141736,243 219 682
1772865664.363977106,0 0 1.1283070866141736,243 219 682
1772865664.369722785,0 0 1.1283070866141736,246 221 686
1772865664.375456881,0 0 1.1483070866141736,246 221 686
1772865664.381679058,0 0 1.1483070866141736,246 221 686
1772865664.388865563,0 0 1.1483070866141736,246 221 686
1772865664.395576819,0 0 1.1483070866141736,246 221 686
1772865664.402873355,0 0 1.0483070866141737,245 216 682
1772865664.410887492,0 0 1.0483070866141737,245 216 682
1772865664.418151364,0 0 1.0483070866141737,245 216 682
1772865664.424727425,0 0 1.0483070866141737,245 216 682
1772865664.433755093,0 0 1.0483070866141737,247 222 694
1772865664.441659323,0 0 1.0483070866141737,247 222 694
1772865664.449827362,0 0 1.0483070866141737,247 222 694
1772865664.456512455,0 0 1.0483070866141737,247 222 694
1772865664.467021528,0 0 1.0483070866141737,245 220 691
1772865664.475046247,0 0 1.0483070866141737,245 220 691
1772865664.485028702,0 0 1.0483070866141737,245 220 691
1772865664.499595110,0 0 1.0483070866141737,247 218 693
1772865664.506358446,0 0 1.2083070866141736,247 218 693
1772865664.514492738,0 0 1.2083070866141736,247 218 693
1772865664.521465762,0 0 1.2083070866141736,247 218 693
1772865664.623127645,0 0 1.2083070866141736,246 218 693
1772865664.632210558,0 0 1.2083070866141736,246 218 693
1772865664.640200447,0 0 1.0983070866141735,246 218 693
1772865664.648011602,0 0 1.0983070866141735,246 218 693
1772865664.655062786,0 0 1.0983070866141735,246 218 693
1772865664.674003416,0 0 1.0983070866141735,246 218 693
1772865664.682079255,0 0 1.0983070866141735,246 218 693
1772865664.693235436,0 0 1.0983070866141735,246 218 693
1772865664.701137041,0 0 1.1183070866141736,248 222 694
1772865664.709938272,0 0 1.1183070866141736,248 222 694
1772865664.717382169,0 0 1.1183070866141736,248 222 694
1772865664.724795028,0 0 1.1183070866141736,248 222 694
1772865664.736778257,0 0 1.1183070866141736,248 222 694
1772865664.744593495,0 0 1.1183070866141736,247 217 686
1772865664.752591342,0 0 1.1183070866141736,247 217 686
1772865664.761179717,0 0 1.1183070866141736,247 217 686
1772865664.769484535,0 0 1.1183070866141736,247 217 686
1772865664.777808602,0 0 1.1183070866141736,249 221 686
1772865664.786216119,0 0 1.0883070866141737,249 221 686
1772865664.792653150,0 0 1.0883070866141737,249 221 686
1772865664.799066935,0 0 1.0883070866141737,249 221 686
1772865664.805269530,0 0 1.0883070866141737,248 220 683
1772865664.809815777,0 0 1.0683070866141737,248 220 683
1772865664.814736199,0 0 1.0683070866141737,248 220 683
1772865664.964528398,0 0 1.0883070866141737,248 219 684
1772865664.972889961,0 0 1.0883070866141737,248 219 684
1772865664.980418892,0 0 1.0983070866141735,248 219 684
1772865664.991616360,0 0 1.0983070866141735,248 219 684
1772865664.999903430,0 0 1.0983070866141735,248 219 684
1772865665.008307554,0 0 1.0983070866141735,248 219 684
1772865665.017657919,0 0 1.0983070866141735,248 219 684
1772865665.027566523,0 0 1.0983070866141735,248 219 684
1772865665.036566796,0 0 1.0983070866141735,248 219 684
1772865665.045567861,0 0 1.0983070866141735,248 219 684
1772865665.053997397,0 0 1.0983070866141735,248 219 684
1772865665.061776744,0 0 1.0983070866141735,248 220 690
1772865665.069047556,0 0 1.0983070866141735,248 220 690
1772865665.076781116,0 0 1.0983070866141735,248 220 690
1772865665.084803773,0 0 1.0983070866141735,248 220 690
1772865665.093598066,0 0 1.0983070866141735,248 220 694
1772865665.100712810,0 0 1.0983070866141735,248 220 694
1772865665.107143451,0 0 1.0983070866141735,249 222 697
1772865665.114727358,0 0 1.0983070866141735,249 222 697
1772865665.121838185,0 0 1.0983070866141735,249 222 697
1772865665.138606682,0 0 1.0983070866141735,248 218 694
1772865665.145757589,0 0 1.0883070866141737,248 218 694
1772865665.153802619,0 0 1.0883070866141737,248 218 694
1772865665.161576342,0 0 1.0883070866141737,248 218 694
1772865665.168881067,0 0 1.1183070866141736,250 223 700
1772865665.176198708,0 0 1.1183070866141736,250 223 700
1772865665.183810988,0 0 1.0983070866141735,250 223 700
1772865665.192031168,0 0 1.0983070866141735,250 223 700
1772865665.199624450,0 0 1.0983070866141735,250 221 697
1772865665.206108086,0 0 1.0983070866141735,250 221 697
1772865665.214007588,0 0 1.0983070866141735,250 221 697
1772865665.221084044,0 0 1.0983070866141735,250 221 697
1772865665.229757223,0 0 1.1183070866141736,250 221 697
1772865665.237503865,0 0 1.1183070866141736,251 223 700
1772865665.245724879,0 0 1.1283070866141736,251 223 700
1772865665.253189214,0 0 1.1483070866141736,251 223 700
1772865665.259578026,0 0 1.1483070866141736,251 223 700
1772865665.267509859,0 0 1.1483070866141736,250 222 700
1772865665.274865329,0 0 1.1483070866141736,250 222 700
1772865665.281705099,0 0 1.1483070866141736,250 222 700
1772865665.290187046,0 0 1.1483070866141736,250 222 700
1772865665.297832156,0 0 1.1283070866141736,250 222 700
1772865665.306564413,0 0 1.1283070866141736,250 223 697
1772865665.315213970,0 0 1.1283070866141736,250 223 697
1772865665.321579659,0 0 1.1283070866141736,250 223 697
1772865665.328493671,0 0 1.1283070866141736,250 223 697
1772865665.336051748,0 0 1.1283070866141736,249 223 695
1772865665.345883692,0 0 1.1283070866141736,249 223 695
1772865665.353449935,0 0 1.1283070866141736,249 223 695
1772865665.361009678,0 0 1.1283070866141736,249 223 695
1772865665.370221348,0 0 1.1283070866141736,249 223 695
1772865665.377269389,0 0 1.1283070866141736,250 223 694
1772865665.386162006,0 0 1.1283070866141736,250 223 694
1772865665.394542213,0 0 1.1283070866141736,250 223 694
1772865665.401529510,0 0 1.1283070866141736,250 223 694
1772865665.409239030,0 0 1.1283070866141736,250 222 691
1772865665.417082871,0 0 1.1283070866141736,250 222 691
1772865665.422737211,0 0 1.1283070866141736,250 222 691
1772865665.427867059,0 0 1.1483070866141736,250 222 691
1772865665.435284399,0 0 1.1483070866141736,250 222 691
1772865665.441421401,0 0 1.1483070866141736,250 224 691
1772865665.451481991,0 0 1.1483070866141736,250 224 691
1772865665.458104531,0 0 1.1483070866141736,250 224 691
1772865665.467262623,0 0 1.1883070866141736,250 224 691
1772865665.474353618,0 0 1.2083070866141736,250 224 691
1772865665.480854253,0 0 1.2083070866141736,252 223 0
1772865665.581071936,0 0 1.2083070866141736,250 224 0
1772865665.590846095,0 0 1.1483070866141736,250 224 0
1772865665.598591362,0 0 1.1483070866141736,250 224 0
1772865665.606446535,0 0 1.0483070866141737,250 224 0
1772865665.613785049,0 0 1.0483070866141737,250 224 0
1772865665.622687040,0 0 1.0483070866141737,250 224 0
1772865665.630243367,0 0 1.0483070866141737,250 224 0
1772865665.637485431,0 0 1.0483070866141737,250 224 0
1772865665.644591759,0 0 1.0483070866141737,252 226 0
1772865665.653220900,0 0 1.0483070866141737,252 226 0
1772865665.660008550,0 0 1.0483070866141737,252 226 0
1772865665.667215659,0 0 1.0483070866141737,252 226 0
1772865665.674567547,0 0 1.0483070866141737,252 223 701
1772865665.682163620,0 0 1.0283070866141737,252 223 701
1772865665.689021471,0 0 1.0283070866141737,252 223 701
1772865665.697965666,0 0 1.0283070866141737,252 223 701
1772865665.704518046,0 0 1.0283070866141737,252 223 701
1772865665.710980101,0 0 1.0183070866141737,252 224 0
1772865665.718881145,0 0 1.0183070866141737,252 224 0
1772865665.725707499,0 0 1.0183070866141737,252 224 0
1772865665.731894622,0 0 1.0183070866141737,252 224 0
1772865665.741717026,0 0 1.0183070866141737,253 226 0
1772865665.749088328,0 0 1.0183070866141737,253 226 0
1772865665.756495253,0 0 0.9983070866141737,253 226 0
1772865665.762849110,0 0 0.9983070866141737,253 226 0
1772865665.768304760,0 0 0.9983070866141737,253 226 0
1772865665.775526368,0 0 0.9883070866141737,251 221 701
1772865665.781297406,0 0 0.9883070866141737,251 221 701
1772865665.788659667,0 0 0.9883070866141737,251 221 701
1772865665.795774994,0 0 0.9883070866141737,251 221 701
1772865665.802356079,0 0 0.9683070866141736,253 225 0
1772865665.808739017,0 0 0.9683070866141736,253 225 0
1772865665.815467755,0 0 0.9683070866141736,253 225 0
1772865665.823411004,0 0 0.9683070866141736,253 225 0
1772865665.830465086,0 0 0.9683070866141736,252 225 705
1772865665.838404876,0 0 0.9683070866141736,252 225 705
1772865665.845382591,0 0 0.9683070866141736,252 225 705
1772865665.854184925,0 0 0.9483070866141736,252 225 705
1772865665.863635489,0 0 0.9483070866141736,252 225 707
1772865665.871485954,0 0 0.9483070866141736,252 225 707
1772865665.878146616,0 0 0.9483070866141736,252 225 707
1772865665.888507510,0 0 0.9483070866141736,252 225 707
1772865665.897870957,0 0 0.9483070866141736,252 225 707
1772865665.905455573,0 0 0.9683070866141736,252 224 707
1772865665.911811347,0 0 0.9683070866141736,252 224 707
1772865665.919554364,0 0 0.9883070866141737,252 224 707
1772865665.928848234,0 0 0.9883070866141737,252 224 707
1772865665.935199967,0 0 0.9883070866141737,252 224 707
1772865665.944658697,0 0 0.9883070866141737,252 224 707
1772865665.952232147,0 0 1.0183070866141737,252 225 705
1772865665.960411331,0 0 1.0183070866141737,252 225 705
1772865665.967736179,0 0 1.0283070866141737,252 225 705
1772865665.973757276,0 0 1.0283070866141737,255 232 0
1772865665.980231164,0 0 1.0583070866141737,255 232 0
1772865665.988141540,0 0 1.0683070866141737,255 232 0
1772865665.995886974,0 0 1.0683070866141737,255 232 0
1772865666.003093370,0 0 1.0583070866141737,255 232 0
1772865666.009839965,0 0 1.0583070866141737,254 227 0
1772865666.017111135,0 0 1.0583070866141737,254 227 0
1772865666.024294187,0 0 1.0583070866141737,254 227 0
1772865666.030862175,0 0 1.0983070866141735,254 227 0
1772865666.036989664,0 0 1.0983070866141735,251 222 703
1772865666.043285219,0 0 1.0583070866141737,251 222 703
1772865666.050361491,0 0 1.1483070866141736,251 222 703
1772865666.056849570,0 0 1.1483070866141736,251 222 703
1772865666.063615622,0 0 1.1483070866141736,251 222 703
1772865666.070404671,0 0 1.1483070866141736,256 230 0
1772865666.077072607,0 0 1.1483070866141736,256 230 0
1772865666.082579739,0 0 1.0983070866141735,256 230 0
1772865666.089181224,0 0 1.0983070866141735,256 230 0
1772865666.095785208,0 0 1.1583070866141736,256 230 0
1772865666.101797166,0 0 1.1583070866141736,253 222 705
1772865666.108290161,0 0 1.1183070866141736,253 222 705
1772865666.114299828,0 0 1.1183070866141736,253 222 705
1772865666.121212699,0 0 1.0983070866141735,253 222 705
1772865666.128979028,0 0 1.0983070866141735,253 222 705
1772865666.136489258,0 0 1.0983070866141735,254 229 0
1772865666.143937618,0 0 1.0983070866141735,254 229 0
1772865666.151534423,0 0 1.0983070866141735,254 229 0
1772865666.160246202,0 0 1.0983070866141735,254 229 0
1772865666.166890474,0 0 1.0883070866141737,251 222 704
1772865666.175140965,0 0 1.0883070866141737,251 222 704
1772865666.182834385,0 0 1.0883070866141737,251 222 704
1772865666.188750478,0 0 1.0883070866141737,251 222 704
1772865666.195903575,0 0 1.0883070866141737,253 226 0
1772865666.202501310,0 0 1.0883070866141737,253 226 0
1772865666.210143943,0 0 1.0883070866141737,253 226 0
1772865666.215600789,0 0 1.0883070866141737,253 226 0
1772865666.223391033,0 0 1.0883070866141737,253 226 0
1772865666.233690033,0 0 1.0883070866141737,250 222 703
1772865666.240285810,0 0 1.0883070866141737,250 222 703
1772865666.248092469,0 0 1.0883070866141737,250 222 703
1772865666.255363638,0 0 1.0683070866141737,250 222 703
1772865666.262202058,0 0 1.0683070866141737,254 228 0
1772865666.272173632,0 0 1.0683070866141737,254 228 0
1772865666.278997386,0 0 1.0683070866141737,254 228 0
1772865666.286101530,0 0 1.0683070866141737,254 228 0
1772865666.292678934,0 0 1.0283070866141737,254 228 0
1772865666.299860778,0 0 1.0283070866141737,249 220 700
1772865666.307676603,0 0 1.0183070866141737,249 220 700
1772865666.313559157,0 0 1.0183070866141737,249 220 700
1772865666.322132492,0 0 1.0583070866141737,249 220 700
1772865666.328973911,0 0 1.0583070866141737,249 220 700
1772865666.336236331,0 0 1.0883070866141737,254 228 0
1772865666.342023145,0 0 1.0883070866141737,254 228 0
1772865666.348409692,0 0 1.0883070866141737,254 228 0
1772865666.356209601,0 0 1.0883070866141737,254 228 0
1772865666.362499241,0 0 1.1183070866141736,254 228 0
1772865666.368899453,0 0 1.1183070866141736,252 227 0
1772865666.375749997,0 0 1.0983070866141735,252 227 0
1772865666.383162319,0 0 1.0983070866141735,252 227 0
1772865666.390828450,0 0 1.0883070866141737,252 227 0
1772865666.399294837,0 0 1.0883070866141737,252 227 0
1772865666.408454740,0 0 1.0883070866141737,252 227 0
1772865666.414982981,0 0 1.0683070866141737,252 227 0
1772865666.421237249,0 0 1.0983070866141735,252 227 0
1772865666.427298786,0 0 1.0983070866141735,252 227 0
1772865666.434008885,0 0 1.0983070866141735,254 227 0
1772865666.440845055,0 0 1.0983070866141735,254 227 0
1772865666.447110197,0 0 1.0983070866141735,254 227 0
1772865666.452709320,0 0 1.0983070866141735,254 227 0
1772865666.462166027,0 0 1.0883070866141737,254 227 0
1772865666.470512925,0 0 1.0883070866141737,252 224 707
1772865666.477058540,0 0 1.0983070866141735,252 224 707
1772865666.485343403,0 0 1.0983070866141735,252 224 707
1772865666.492376470,0 0 1.0983070866141735,252 224 707
1772865666.498601325,0 0 1.1283070866141736,249 224 705
1772865666.504758727,0 0 1.1283070866141736,249 224 705
1772865666.518571720,0 0 1.1283070866141736,249 224 705
1772865666.525177204,0 0 1.1783070866141736,249 224 705
1772865666.536768621,0 0 1.1783070866141736,254 230 0
1772865666.544695893,0 0 1.1583070866141736,254 230 0
1772865666.551333624,0 0 1.1583070866141736,254 230 0
1772865666.558447892,0 0 1.1783070866141736,254 230 0
1772865666.566427909,0 0 1.1783070866141736,253 227 0
1772865666.573980218,0 0 1.1483070866141736,253 227 0
1772865666.581376583,0 0 1.1483070866141736,253 227 0
1772865666.586793099,0 0 -5.981692913385826,253 227 0
1772865666.592857261,0 0 -5.981692913385826,253 227 0
1772865666.600015983,0 0 -5.981692913385826,251 225 707
1772865666.609685753,0 0 1.1883070866141736,251 225 707
1772865666.616875680,0 0 1.1883070866141736,251 225 707
1772865666.626559407,0 0 1.1283070866141736,251 225 707
1772865666.632621818,0 0 1.1283070866141736,251 225 707
1772865666.640799858,0 0 1.1283070866141736,250 222 703
1772865666.648524484,0 0 1.1283070866141736,250 222 703
1772865666.655405482,0 0 1.1283070866141736,250 222 703
1772865666.663448202,0 0 1.1283070866141736,250 222 703
1772865666.669641393,0 0 1.1283070866141736,250 222 703
1772865666.676278623,0 0 1.1283070866141736,251 223 705
1772865666.683987542,0 0 1.1283070866141736,251 223 705
1772865666.691222798,0 0 1.1283070866141736,251 223 705
1772865666.823964416,0 0 1.1283070866141736,252 226 0
1772865666.829972375,0 0 1.1283070866141736,252 226 0
1772865666.834752244,0 0 1.1283070866141736,252 226 0
1772865666.842649103,0 0 1.0883070866141737,252 226 0
1772865666.848533865,0 0 1.0883070866141737,252 226 0
1772865666.856708114,0 0 1.0883070866141737,252 226 0
1772865666.867424657,0 0 1.0883070866141737,253 224 707
1772865666.878893919,0 0 1.0583070866141737,253 224 707
1772865666.891748880,0 0 1.0583070866141737,253 224 707
1772865666.898218085,0 0 1.0583070866141737,253 224 707
1772865666.906220809,0 0 1.0583070866141737,253 223 0
1772865666.919316579,0 0 1.0283070866141737,253 223 0
1772865666.928222673,0 0 1.0583070866141737,253 223 0
1772865666.937126309,0 0 1.0683070866141737,253 223 0
1772865666.947865225,0 0 1.0683070866141737,253 222 707
1772865666.960193821,0 0 1.0683070866141737,253 222 707
1772865666.968132842,0 0 1.0683070866141737,255 225 710
1772865666.976726175,0 0 1.0883070866141737,255 225 710
1772865666.984975957,0 0 1.0883070866141737,255 225 710
1772865667.020015304,0 0 1.0883070866141737,256 224 707
1772865667.030752487,0 0 1.0983070866141735,256 224 707
1772865667.042206807,0 0 1.0983070866141735,256 224 707
1772865667.050142685,0 0 1.0983070866141735,256 224 707
1772865667.058186302,0 0 1.0983070866141735,256 224 707
1772865667.066595216,0 0 1.0983070866141735,256 224 707
1772865667.075033836,0 0 1.0983070866141735,259 224 0
1772865667.083776342,0 0 1.0983070866141735,259 224 0
1772865667.093721021,0 0 1.0983070866141735,259 224 0
1772865667.100997131,0 0 1.0983070866141735,259 224 0
1772865667.106699314,0 0 1.0983070866141735,258 227 707
1772865667.120175683,0 0 1.0983070866141735,258 227 707
1772865667.127149157,0 0 1.0983070866141735,258 227 707
1772865667.135786923,0 0 1.0983070866141735,262 227 0
1772865667.156708302,0 0 1.1283070866141736,262 227 0
1772865667.171877045,0 0 1.1283070866141736,262 227 0
1772865667.184674064,0 0 1.1283070866141736,262 227 0
1772865667.192881207,0 0 1.1283070866141736,262 225 707
1772865667.201184465,0 0 1.1583070866141736,262 225 707
1772865667.211526687,0 0 1.1583070866141736,262 225 707
1772865667.224843572,0 0 1.1183070866141736,261 221 705
1772865667.234629350,0 0 1.1183070866141736,261 221 705
1772865667.260105568,0 0 1.1283070866141736,261 225 705
1772865667.279270746,0 0 1.1283070866141736,261 228 707
1772865667.290723900,0 0 1.1483070866141736,261 228 707
1772865667.299699466,0 0 1.1483070866141736,261 228 707
1772865667.308022347,0 0 1.1883070866141736,257 230 704
1772865667.316282526,0 0 1.1883070866141736,257 230 704
1772865667.329056423,0 0 1.1483070866141736,257 230 704
1772865667.340037957,0 0 1.1483070866141736,252 227 701
1772865667.353714056,0 0 1.1483070866141736,252 227 701
1772865667.366825503,0 0 1.1483070866141736,252 227 701
1772865667.375102680,0 0 1.0583070866141737,247 223 694
1772865667.386342188,0 0 1.0583070866141737,247 223 694
1772865667.397188777,0 0 1.1283070866141736,247 223 694
1772865667.404723111,0 0 1.1283070866141736,248 224 700
1772865667.415236150,0 0 1.1283070866141736,248 224 700
1772865667.423677269,0 0 1.1583070866141736,248 224 700
1772865667.432939307,0 0 1.1583070866141736,250 225 703
1772865667.442193762,0 0 1.1483070866141736,250 225 703
1772865667.451860593,0 0 1.1483070866141736,250 225 703
1772865667.460383163,0 0 1.1783070866141736,250 225 703
1772865667.473862115,0 0 1.1783070866141736,253 227 707
1772865667.481409073,0 0 1.0983070866141735,253 227 707
1772865667.493368635,0 0 1.0983070866141735,253 227 707
1772865667.500436890,0 0 1.1483070866141736,253 227 707
1772865667.507240839,0 0 1.1483070866141736,250 223 701
1772865667.513788772,0 0 1.1283070866141736,250 223 701
1772865667.520818448,0 0 1.1283070866141736,250 223 701
1772865667.527700139,0 0 1.1283070866141736,250 223 701
1772865667.535839914,0 0 1.1283070866141736,253 230 711
1772865667.543221555,0 0 1.1283070866141736,253 230 711
1772865667.552969336,0 0 1.1183070866141736,253 230 711
1772865667.561947694,0 0 1.1183070866141736,253 230 711
1772865667.575462601,0 0 1.1183070866141736,252 231 711
1772865667.585220631,0 0 1.1183070866141736,252 231 711
1772865667.592024163,0 0 1.1483070866141736,252 231 711
1772865667.599215698,0 0 1.1483070866141736,252 231 711
1772865667.606087974,0 0 1.0983070866141735,250 229 710
1772865667.639075403,0 0 1.0983070866141735,250 229 711
1772865667.646310809,0 0 1.1483070866141736,250 229 711
1772865667.654826505,0 0 1.0883070866141737,250 229 711
1772865667.661505133,0 0 1.0883070866141737,250 229 711
1772865667.668032567,0 0 1.0883070866141737,250 229 711
1772865667.675100740,0 0 1.1183070866141736,250 229 711
1772865667.683554483,0 0 1.0983070866141735,250 229 711
1772865667.690826302,0 0 1.0983070866141735,250 229 711
1772865667.697217375,0 0 -5.981692913385826,250 229 711
1772865667.705633414,0 0 -5.981692913385826,247 227 708
1772865667.714557110,0 0 -5.981692913385826,247 227 708
1772865667.723618251,0 0 -5.981692913385826,247 227 708
1772865667.731549213,0 0 -5.981692913385826,247 227 708
1772865667.741671540,0 0 -5.981692913385826,248 230 711
1772865667.750851628,0 0 -5.981692913385826,248 230 711
1772865667.759054979,0 0 1.0883070866141737,248 230 711
1772865667.767116970,0 0 1.0883070866141737,248 230 711
1772865667.775236538,0 0 1.0883070866141737,248 230 711
1772865667.782544103,0 0 1.0883070866141737,244 232 713
1772865667.791271194,0 0 1.0883070866141737,244 232 713
1772865667.798212587,0 0 1.0883070866141737,244 232 713
1772865667.805000663,0 0 1.0883070866141737,244 232 713
1772865667.813460780,0 0 1.0883070866141737,240 231 708
1772865667.824341657,0 0 1.0983070866141735,240 231 708
1772865667.831754212,0 0 1.0983070866141735,240 231 708
1772865667.842071479,0 0 1.0883070866141737,240 231 708
1772865667.852223011,0 0 1.0883070866141737,237 231 705
1772865667.860284168,0 0 1.0983070866141735,237 231 705
1772865667.876682497,0 0 1.0983070866141735,237 231 705
1772865667.885777843,0 0 1.0983070866141735,232 230 701
1772865667.900352186,0 0 1.0983070866141735,232 230 701
1772865667.909264884,0 0 1.0983070866141735,232 230 701
1772865667.920997384,0 0 1.0983070866141735,229 231 700
1772865667.930097313,0 0 1.0983070866141735,229 231 700
1772865667.943088939,0 0 1.0983070866141735,229 231 700
1772865667.951646672,0 0 1.0983070866141735,229 232 703
1772865667.959454521,0 0 1.0883070866141737,229 232 703
1772865667.967427728,0 0 1.0883070866141737,229 232 703
1772865667.975172042,0 0 -5.981692913385826,229 232 703
1772865667.983693612,0 0 -5.981692913385826,227 231 697
1772865667.994717808,0 0 1.1483070866141736,227 231 697
1772865668.001849595,0 0 1.2083070866141736,227 231 697
1772865668.008469172,0 0 1.2083070866141736,227 231 697
1772865668.015258815,0 0 1.2083070866141736,228 231 693
1772865668.022829920,0 0 1.2183070866141736,228 231 693
1772865668.032456650,0 0 1.2183070866141736,228 231 693
1772865668.038475580,0 0 1.2183070866141736,229 228 690
1772865668.047741346,0 0 1.2383070866141737,229 228 690
1772865668.058503461,0 0 1.2383070866141737,229 228 690
1772865668.066828906,0 0 1.1883070866141736,229 228 690
1772865668.073514227,0 0 1.1883070866141736,230 230 691
1772865668.081065126,0 0 1.1883070866141736,230 230 691
1772865668.087295534,0 0 1.1883070866141736,230 230 691
1772865668.099204948,0 0 1.1883070866141736,230 230 691
1772865668.109117066,0 0 1.1883070866141736,230 230 690
1772865668.116297253,0 0 1.1883070866141736,230 230 690
1772865668.124453715,0 0 1.1883070866141736,230 230 690
1772865668.131197738,0 0 1.1883070866141736,230 230 690
1772865668.137320074,0 0 1.1883070866141736,230 230 690
1772865668.146225960,0 0 1.1883070866141736,225 230 684
1772865668.154668102,0 0 1.1883070866141736,225 230 684
1772865668.166532979,0 0 1.1883070866141736,225 230 684
1772865668.172766304,0 0 1.2083070866141736,227 232 684
1772865668.181519456,0 0 1.2083070866141736,227 232 684
1772865668.190228821,0 0 1.2083070866141736,227 232 684
1772865668.197659149,0 0 1.1783070866141736,227 232 684
1772865668.204779716,0 0 1.1783070866141736,227 232 684
1772865668.212247291,0 0 1.1783070866141736,228 234 686
1772865668.219087054,0 0 1.1483070866141736,228 234 686
1772865668.225099818,0 0 1.1483070866141736,228 234 686
1772865668.232674339,0 0 1.1283070866141736,228 234 686
1772865668.241230261,0 0 1.1283070866141736,226 234 684
1772865668.250820203,0 0 1.0483070866141737,226 234 684
1772865668.260215665,0 0 1.0483070866141737,226 234 684
1772865668.267489050,0 0 1.0483070866141737,226 234 684
1772865668.279173654,0 0 1.0483070866141737,227 233 689
1772865668.288790302,0 0 1.0483070866141737,227 233 689
1772865668.295641938,0 0 1.0483070866141737,227 233 689
1772865668.301859098,0 0 1.0483070866141737,227 233 689
1772865668.309121485,0 0 1.5183070866141737,228 235 687
1772865668.315658195,0 0 1.5183070866141737,228 235 687
1772865668.325809122,0 0 1.3383070866141737,228 235 687
1772865668.332997433,0 0 1.3383070866141737,228 235 687
1772865668.339397116,0 0 1.3383070866141737,226 234 683
1772865668.350247596,0 0 1.2983070866141737,226 234 683
1772865668.356309813,0 0 1.2983070866141737,226 234 683
1772865668.364673296,0 0 1.2983070866141737,226 234 683
1772865668.373580474,0 0 1.2983070866141737,226 234 683
1772865668.381423010,0 0 1.2983070866141737,225 234 683
1772865668.388729226,0 0 0.6683070866141736,225 234 683
1772865668.396708581,0 0 0.6683070866141736,225 234 683
1772865668.405162222,0 0 0.6383070866141737,226 234 684
1772865668.412278999,0 0 0.6383070866141737,226 234 684
1772865668.418098032,0 0 0.6883070866141736,226 234 684
1772865668.426693325,0 0 0.6883070866141736,226 234 684
1772865668.436727972,0 0 0.7083070866141736,226 234 684
1772865668.446725497,0 0 0.7083070866141736,227 236 684
1772865668.455970974,0 0 0.7283070866141736,227 236 684
1772865668.462880980,0 0 0.7283070866141736,227 236 684
1772865668.470710934,0 0 0.7083070866141736,227 235 684
1772865668.481025677,0 0 0.7083070866141736,227 235 684
1772865668.487621298,0 0 0.7283070866141736,227 235 684
1772865668.497618532,0 0 0.7283070866141736,227 235 684
1772865668.506510545,0 0 0.7283070866141736,225 233 682
1772865668.513639153,0 0 0.7283070866141736,225 233 682
1772865668.521283085,0 0 0.7183070866141736,225 233 682
1772865668.528601549,0 0 0.7183070866141736,225 233 682
1772865668.536355303,0 0 0.7283070866141736,226 235 682
1772865668.544319618,0 0 0.7183070866141736,226 235 682
1772865668.551821272,0 0 0.7183070866141736,226 235 682
1772865668.557296965,0 0 0.7183070866141736,226 235 682
1772865668.565099589,0 0 0.7083070866141736,226 235 682
1772865668.571647923,0 0 0.7083070866141736,224 233 679
1772865668.579727560,0 0 0.7183070866141736,224 233 679
1772865668.588483295,0 0 0.7183070866141736,224 233 679
1772865668.595692437,0 0 0.7083070866141736,224 233 679
1772865668.603383739,0 0 0.7083070866141736,225 233 679
1772865668.611660064,0 0 0.7083070866141736,225 233 679
1772865668.619307662,0 0 0.7083070866141736,225 233 679
1772865668.629536497,0 0 0.7183070866141736,225 233 679
1772865668.639364706,0 0 0.7183070866141736,224 233 682
1772865668.647097670,0 0 0.6883070866141736,224 233 682
1772865668.655356373,0 0 0.6883070866141736,224 233 682
1772865668.660579508,0 0 0.7083070866141736,224 233 682
1772865668.666949694,0 0 0.7083070866141736,223 232 680
1772865668.674792522,0 0 0.7083070866141736,223 232 680
1772865668.686230442,0 0 0.7083070866141736,223 232 680
1772865668.693244396,0 0 0.7283070866141736,223 232 680
1772865668.704260401,0 0 0.7283070866141736,224 232 678
1772865668.713848052,0 0 0.7183070866141736,224 232 678
1772865668.721545561,0 0 0.7183070866141736,224 232 678
1772865668.730305837,0 0 0.7283070866141736,224 232 678
1772865668.736725226,0 0 0.7283070866141736,226 238 707
1772865668.742479225,0 0 0.7183070866141736,226 238 707
1772865668.752418339,0 0 0.7183070866141736,226 238 707
1772865668.764815662,0 0 0.6883070866141736,226 238 707
1772865668.773980731,0 0 0.6883070866141736,221 232 687
1772865668.781247159,0 0 0.7283070866141736,221 232 687
1772865668.789250137,0 0 0.7283070866141736,221 232 687
1772865668.805302797,0 0 0.7183070866141736,221 232 687
1772865668.818386633,0 0 0.7183070866141736,224 233 697
1772865668.835009694,0 0 0.7083070866141736,224 233 697
1772865668.847091549,0 0 0.7083070866141736,224 233 697
1772865668.854302524,0 0 0.7183070866141736,224 233 697
1772865668.866699514,0 0 0.7183070866141736,221 234 693
1772865668.876092392,0 0 0.7183070866141736,221 234 693
1772865668.885882981,0 0 0.7183070866141736,221 234 693
1772865668.892629003,0 0 0.7183070866141736,221 234 693
1772865668.900233605,0 0 0.7083070866141736,223 236 697
1772865668.908546968,0 0 0.7083070866141736,223 236 697
1772865668.915412937,0 0 0.7083070866141736,223 236 697
1772865668.922841974,0 0 0.7183070866141736,223 236 697
1772865668.929436095,0 0 0.7183070866141736,223 236 697
1772865668.936017509,0 0 0.7183070866141736,225 237 707
1772865668.942967886,0 0 0.7083070866141736,225 237 707
1772865668.948507531,0 0 0.7083070866141736,225 237 707
1772865668.954964208,0 0 0.7083070866141736,225 237 707
1772865668.961247403,0 0 0.7083070866141736,221 232 693
1772865668.968419466,0 0 0.7083070866141736,221 232 693
1772865668.974648374,0 0 0.7083070866141736,221 232 693
1772865668.981196417,0 0 0.7083070866141736,221 232 693
1772865668.987016200,0 0 0.7183070866141736,223 233 695
1772865668.992820610,0 0 0.7183070866141736,223 233 695
1772865668.998795419,0 0 0.7383070866141737,223 233 695
1772865669.004257232,0 0 0.7383070866141737,223 233 695
1772865669.009645256,0 0 0.7283070866141736,222 234 694
1772865669.015747164,0 0 0.7283070866141736,222 234 694
1772865669.022326855,0 0 0.7383070866141737,222 234 694
1772865669.028423264,0 0 0.7383070866141737,222 234 694
1772865669.035807497,0 0 0.7383070866141737,223 232 691
1772865669.043007166,0 0 0.7383070866141737,223 232 691
1772865669.049330176,0 0 0.7383070866141737,223 232 691
1772865669.057812754,0 0 0.7383070866141737,223 232 691
1772865669.065705601,0 0 0.7383070866141737,223 232 691
1772865669.075124747,0 0 0.7383070866141737,224 236 0
1772865669.083875672,0 0 0.7383070866141737,224 236 0
1772865669.093302943,0 0 0.7383070866141737,224 236 0
1772865669.100303216,0 0 0.7383070866141737,224 236 0
1772865669.108286887,0 0 0.7383070866141737,224 237 704
1772865669.115436186,0 0 0.7383070866141737,224 237 704
1772865669.123235085,0 0 0.7383070866141737,224 237 704
1772865669.129292664,0 0 0.7383070866141737,224 237 704
1772865669.140193073,0 0 0.7383070866141737,224 237 704
1772865669.146660610,0 0 0.7383070866141737,223 234 698
1772865669.154990995,0 0 0.7383070866141737,223 234 698
1772865669.162518463,0 0 0.7983070866141736,223 234 698
1772865669.169848410,0 0 0.7983070866141736,222 232 691
1772865669.181222313,0 0 0.8183070866141736,222 232 691
1772865669.190013150,0 0 0.8183070866141736,222 232 691
1772865669.196742034,0 0 0.8083070866141736,222 232 691
1772865669.204727788,0 0 0.8583070866141737,220 232 691
1772865669.211022676,0 0 0.8583070866141737,220 232 691
1772865669.219481673,0 0 0.8583070866141737,220 232 691
1772865669.228237430,0 0 0.8583070866141737,220 232 691
1772865669.238668514,0 0 0.8583070866141737,221 232 690
1772865669.252475288,0 0 0.8883070866141737,221 232 690
1772865669.264272980,0 0 0.8883070866141737,221 232 690
1772865669.272010884,0 0 0.8883070866141737,225 232 698
1772865669.283040114,0 0 0.8883070866141737,225 232 698
1772865669.292310526,0 0 0.8883070866141737,225 232 698
1772865669.299428287,0 0 0.9283070866141736,225 232 698
1772865669.306835310,0 0 0.9283070866141736,223 233 694
1772865669.314294202,0 0 0.9283070866141736,223 233 694
1772865669.321752136,0 0 0.9583070866141736,223 233 694
1772865669.330142306,0 0 0.9583070866141736,223 233 694
1772865669.337404177,0 0 0.9983070866141737,225 236 704
1772865669.344849154,0 0 0.9983070866141737,225 236 704
1772865669.356025368,0 0 0.9983070866141737,225 236 704
1772865669.364134151,0 0 0.9983070866141737,225 236 704
1772865669.372815541,0 0 0.9983070866141737,224 235 701
1772865669.379354029,0 0 1.0983070866141735,224 235 701
1772865669.390743888,0 0 1.0983070866141735,224 235 701
1772865669.402093751,0 0 1.0183070866141737,224 235 701
1772865669.412729188,0 0 1.0183070866141737,226 237 710
1772865669.422441971,0 0 1.0183070866141737,226 237 710
1772865669.429424079,0 0 1.0683070866141737,226 237 710
1772865669.438774983,0 0 1.0683070866141737,226 237 710
1772865669.445458664,0 0 1.0683070866141737,226 237 711
1772865669.460076687,0 0 1.0983070866141735,226 237 711
1772865669.467542912,0 0 1.0983070866141735,226 237 711
1772865669.474294253,0 0 1.0983070866141735,227 236 713
1772865669.490255720,0 0 1.1283070866141736,227 236 713
1772865669.500416248,0 0 1.1283070866141736,224 235 700
1772865669.516157905,0 0 1.1283070866141736,224 235 700
1772865669.525011194,0 0 1.2183070866141736,224 235 700
1772865669.534540871,0 0 1.2183070866141736,226 234 707
1772865669.541780328,0 0 1.2183070866141736,226 234 707
1772865669.551538898,0 0 1.2183070866141736,226 234 707
1772865669.559238640,0 0 1.2183070866141736,226 234 707
1772865669.567659015,0 0 1.2183070866141736,226 234 707
1772865669.576395233,0 0 1.2183070866141736,223 228 687
1772865669.584348532,0 0 1.2183070866141736,223 228 687
1772865669.594645046,0 0 1.2683070866141737,223 228 687
1772865669.600956016,0 0 -5.981692913385826,228 235 708
1772865669.615464426,0 0 -5.981692913385826,228 235 708
1772865669.623062137,0 0 -5.981692913385826,228 235 708
1772865669.630116571,0 0 -5.981692913385826,228 235 708
1772865669.637945799,0 0 -5.981692913385826,224 230 694
1772865669.651296663,0 0 -0.5516929133858264,224 230 694
1772865669.659215216,0 0 -0.5516929133858264,224 230 694
1772865669.672746352,0 0 -0.5516929133858264,227 234 705
1772865669.684197788,0 0 -0.5616929133858264,227 234 705
1772865669.691168314,0 0 -0.5616929133858264,227 234 705
1772865669.706072474,0 0 -5.981692913385826,230 234 710
1772865669.714883101,0 0 -5.981692913385826,230 234 710
1772865669.724039234,0 0 -5.981692913385826,230 234 710
1772865669.732401865,0 0 -5.981692913385826,230 234 710
1772865669.741194952,0 0 -5.981692913385826,229 237 0
1772865669.749296361,0 0 -5.981692913385826,229 237 0
1772865669.760217185,0 0 -5.981692913385826,229 237 0
1772865669.767971713,0 0 -5.981692913385826,229 237 0
1772865669.775721741,0 0 -5.981692913385826,231 235 705
1772865669.782527451,0 0 -5.981692913385826,231 235 705
1772865669.796611697,0 0 -5.981692913385826,231 235 705
1772865669.808270695,0 0 -5.981692913385826,228 232 701
1772865669.819060991,0 0 -0.5916929133858264,228 232 701
1772865669.826509634,0 0 -0.5916929133858264,228 232 701
1772865669.834050309,0 0 -0.5916929133858264,228 232 701
1772865669.841798338,0 0 -0.7916929133858264,227 235 707
1772865669.848454855,0 0 -0.7916929133858264,227 235 707
1772865669.855542744,0 0 -0.7916929133858264,227 235 707
1772865669.864759328,0 0 -0.7916929133858264,227 235 707
1772865669.872376287,0 0 -0.8116929133858264,227 235 707
1772865669.883542711,0 0 -0.8116929133858264,230 238 714
1772865669.891552921,0 0 -0.8016929133858264,230 238 714
1772865669.900548153,0 0 -0.8016929133858264,230 238 714
1772865669.910501370,0 0 -0.8016929133858264,230 238 714
1772865669.926371763,0 0 -0.8016929133858264,227 235 710
1772865669.934169954,0 0 -0.8016929133858264,227 235 710
1772865669.945159229,0 0 -0.8016929133858264,227 235 710
1772865669.953136984,0 0 -0.8016929133858264,227 235 710
1772865669.960593668,0 0 -0.8016929133858264,226 236 711
1772865669.967528656,0 0 -0.8016929133858264,226 236 711
1772865669.975651812,0 0 -0.8016929133858264,226 236 711
1772865669.983629776,0 0 -0.8016929133858264,228 237 713
1772865669.991488084,0 0 -0.8016929133858264,228 237 713
1772865669.998484400,0 0 -0.8016929133858264,228 237 713
1772865670.005341345,0 0 -0.8116929133858264,228 237 713
1772865670.011081486,0 0 -0.8116929133858264,225 233 707
1772865670.017377736,0 0 -0.8116929133858264,225 233 707
1772865670.024499981,0 0 -0.9816929133858264,225 233 707
1772865670.038955699,0 0 -0.9816929133858264,228 234 711
1772865670.049242692,0 0 -1.0216929133858264,228 234 711
1772865670.057079153,0 0 -1.0216929133858264,228 234 711
1772865670.063708034,0 0 -1.0416929133858264,228 234 711
1772865670.074594797,0 0 -1.0416929133858264,225 235 707
1772865670.082548163,0 0 -1.0716929133858264,225 235 707
1772865670.088947193,0 0 -1.0716929133858264,225 235 707
1772865670.100785855,0 0 -1.0916929133858264,225 235 707
1772865670.113500632,0 0 -1.0916929133858264,228 235 710
1772865670.121165862,0 0 -1.1416929133858265,228 235 710
1772865670.130729765,0 0 -1.1416929133858265,228 235 710
1772865670.139062507,0 0 -1.1716929133858265,227 229 698
1772865670.146902384,0 0 -1.1716929133858265,227 229 698
1772865670.154971071,0 0 -1.2016929133858265,227 229 698
1772865670.163810093,0 0 -1.2016929133858265,227 229 698
1772865670.172750020,0 0 -1.2016929133858265,229 233 707
1772865670.181217581,0 0 -5.981692913385826,229 233 707
1772865670.188217339,0 0 -5.981692913385826,229 233 707
1772865670.195653885,0 0 -5.981692913385826,229 233 707
1772865670.207602243,0 0 -5.981692913385826,231 236 714
1772865670.216388854,0 0 -5.981692913385826,231 236 714
1772865670.223697829,0 0 -5.981692913385826,231 236 714
1772865670.232581721,0 0 -5.981692913385826,231 236 714
1772865670.243327749,0 0 -5.981692913385826,231 234 710
1772865670.252331711,0 0 1.5683070866141737,231 234 710
1772865670.262623746,0 0 1.5983070866141738,231 234 710
1772865670.272841038,0 0 1.5983070866141738,228 233 708
1772865670.280860813,0 0 1.7383070866141737,228 233 708
1772865670.286630952,0 0 1.7383070866141737,228 233 708
1772865670.293414566,0 0 1.7383070866141737,228 233 708
1772865670.300606554,0 0 1.8383070866141737,228 233 708
1772865670.307237393,0 0 1.8383070866141737,230 238 717
1772865670.314329433,0 0 1.8183070866141737,230 238 717
1772865670.320655554,0 0 1.8183070866141737,230 238 717
1772865670.326871187,0 0 -5.981692913385826,230 238 717
1772865670.337052858,0 0 -5.981692913385826,229 238 714
1772865670.345245823,0 0 1.7683070866141737,229 238 714
1772865670.353337049,0 0 1.7683070866141737,229 238 714
1772865670.361239045,0 0 1.6283070866141736,229 238 714
1772865670.367137920,0 0 1.6283070866141736,231 239 719
1772865670.374791442,0 0 1.6283070866141736,231 239 719
1772865670.382368889,0 0 1.5383070866141737,231 239 719
1772865670.389473803,0 0 1.5383070866141737,231 239 719
1772865670.396800526,0 0 1.5183070866141737,231 239 719
1772865670.403407784,0 0 1.5183070866141737,231 239 719
1772865670.410421874,0 0 1.1783070866141736,229 236 713
1772865670.418452357,0 0 1.2083070866141736,229 236 713
1772865670.425143689,0 0 1.2083070866141736,229 236 713
1772865670.432897201,0 0 1.1883070866141736,229 236 713
1772865670.440133267,0 0 1.1583070866141736,228 230 700
1772865670.448433138,0 0 1.1583070866141736,228 230 700
1772865670.455630208,0 0 1.1883070866141736,228 230 700
1772865670.463148370,0 0 1.1883070866141736,228 230 700
1772865670.471292882,0 0 1.2083070866141736,228 230 700
1772865670.480586230,0 0 1.2083070866141736,230 233 708
1772865670.486424737,0 0 1.1783070866141736,230 233 708
1772865670.501551217,0 0 1.1783070866141736,230 233 708
1772865670.509550536,0 0 1.1883070866141736,230 233 708
1772865670.518256988,0 0 1.1883070866141736,231 235 713
1772865670.526472451,0 0 1.1883070866141736,231 235 713
1772865670.532703707,0 0 1.1883070866141736,231 235 713
1772865670.540719066,0 0 1.1883070866141736,231 235 713
1772865670.547768277,0 0 1.1883070866141736,229 232 704
1772865670.555115582,0 0 1.1883070866141736,229 232 704
1772865670.561950108,0 0 1.1783070866141736,229 232 704
1772865670.569160885,0 0 1.1783070866141736,229 232 704
1772865670.575444261,0 0 1.1783070866141736,229 227 694
1772865670.581978319,0 0 1.1783070866141736,229 227 694
1772865670.588900293,0 0 1.1583070866141736,229 227 694
1772865670.596115362,0 0 1.1583070866141736,229 227 694
1772865670.604407775,0 0 1.1583070866141736,229 227 694
1772865670.611248925,0 0 1.1583070866141736,230 227 691
1772865670.617295867,0 0 1.1483070866141736,230 227 691
1772865670.624079482,0 0 1.1483070866141736,230 227 691
1772865670.632036639,0 0 1.1483070866141736,230 227 691
1772865670.638325722,0 0 1.1483070866141736,230 227 691
1772865670.645501878,0 0 1.0883070866141737,230 227 691
1772865670.651842623,0 0 1.0683070866141737,230 227 691
1772865670.658529289,0 0 1.0683070866141737,230 227 691
1772865670.665629870,0 0 1.0683070866141737,230 227 691
1772865670.672696830,0 0 1.0683070866141737,233 225 691
1772865670.678064511,0 0 1.0683070866141737,233 225 691
1772865670.685016149,0 0 1.0683070866141737,233 225 691
1772865670.691455550,0 0 1.0683070866141737,233 225 691
1772865670.698400689,0 0 1.0683070866141737,233 225 691
1772865670.706139035,0 0 1.0683070866141737,235 231 705
1772865670.713272821,0 0 1.0683070866141737,235 231 705
1772865670.719855790,0 0 1.0683070866141737,235 231 705
1772865670.727842860,0 0 1.0683070866141737,235 231 705
1772865670.734520194,0 0 1.0683070866141737,235 231 705
1772865670.741059418,0 0 1.0683070866141737,236 229 703
1772865670.750397012,0 0 1.0883070866141737,236 229 703
1772865670.758654220,0 0 1.0883070866141737,236 229 703
1772865670.766080225,0 0 1.0483070866141737,236 229 703
1772865670.773190638,0 0 1.0483070866141737,235 230 700
1772865670.780057202,0 0 1.0583070866141737,235 230 700
1772865670.787096706,0 0 1.0583070866141737,235 230 700
1772865670.794831095,0 0 1.0883070866141737,235 230 700
1772865670.802373712,0 0 1.0883070866141737,235 230 700
1772865670.808411864,0 0 1.0883070866141737,235 230 703
1772865670.815343546,0 0 1.0683070866141737,235 230 703
1772865670.823887515,0 0 1.0683070866141737,235 230 703
1772865670.831370014,0 0 1.0683070866141737,235 230 703
1772865670.838458679,0 0 1.0683070866141737,237 228 703
1772865670.844227776,0 0 1.1283070866141736,237 228 703
1772865670.850143649,0 0 1.1283070866141736,237 228 703
1772865670.858577714,0 0 1.1783070866141736,237 228 703
1772865670.869759821,0 0 1.1783070866141736,237 228 703
1772865670.878533682,0 0 1.2083070866141736,238 232 711
1772865670.887713543,0 0 1.2083070866141736,238 232 711
1772865670.893442269,0 0 1.2083070866141736,238 232 711
1772865670.900839902,0 0 1.2083070866141736,234 226 694
1772865670.908656990,0 0 1.2083070866141736,234 226 694
1772865670.915877142,0 0 1.2083070866141736,234 226 694
1772865670.922400700,0 0 1.2083070866141736,234 226 694
1772865670.929617102,0 0 1.2083070866141736,234 226 694
1772865670.937933054,0 0 1.2083070866141736,238 230 717
1772865670.944885276,0 0 1.2083070866141736,238 230 717
1772865670.952282492,0 0 1.2083070866141736,238 230 717
1772865670.962425125,0 0 1.2083070866141736,238 230 717
1772865670.969678732,0 0 1.1483070866141736,238 230 717
1772865670.979150978,0 0 1.1483070866141736,237 230 707
1772865670.986207230,0 0 1.1783070866141736,237 230 707
1772865670.993757138,0 0 1.1783070866141736,237 230 707
1772865671.000836305,0 0 1.1583070866141736,237 230 707
1772865671.007188369,0 0 1.1583070866141736,236 228 707
1772865671.013594427,0 0 1.1283070866141736,236 228 707
1772865671.024496374,0 0 1.1283070866141736,236 228 707
1772865671.031477661,0 0 1.1283070866141736,236 228 707
1772865671.039568787,0 0 1.1283070866141736,236 223 701
1772865671.046861208,0 0 1.1183070866141736,236 223 701
1772865671.053263724,0 0 1.1183070866141736,236 223 701
1772865671.059836264,0 0 1.1283070866141736,236 223 701
1772865671.066656444,0 0 1.1283070866141736,236 223 701
1772865671.075528277,0 0 1.1283070866141736,237 228 707
1772865671.082759621,0 0 1.1283070866141736,237 228 707
1772865671.090162988,0 0 1.1483070866141736,237 228 707
1772865671.096562171,0 0 1.1483070866141736,237 228 707
1772865671.104734997,0 0 1.1583070866141736,239 231 716
1772865671.112705594,0 0 1.1583070866141736,239 231 716
1772865671.120059799,0 0 1.1883070866141736,239 231 716
1772865671.128481223,0 0 1.1883070866141736,239 231 716
1772865671.134634892,0 0 1.1883070866141736,237 228 710
1772865671.142471253,0 0 1.1583070866141736,237 228 710
1772865671.149669059,0 0 1.1583070866141736,237 228 710
1772865671.156578104,0 0 1.1583070866141736,237 228 710
1772865671.163441113,0 0 1.1883070866141736,237 228 710
1772865671.169137289,0 0 1.1883070866141736,237 226 707
1772865671.175324537,0 0 1.1883070866141736,237 226 707
1772865671.182297284,0 0 1.1883070866141736,237 226 707
1772865671.188990186,0 0 1.1883070866141736,237 226 707
1772865671.195449905,0 0 1.1883070866141736,237 226 707
1772865671.203157530,0 0 1.1783070866141736,236 228 710
1772865671.209060934,0 0 1.1783070866141736,236 228 710
1772865671.217138228,0 0 1.2083070866141736,236 228 710
1772865671.224033941,0 0 1.2083070866141736,236 228 710
1772865671.231510050,0 0 1.1783070866141736,236 228 710
1772865671.238571871,0 0 1.1783070866141736,236 229 711
1772865671.244706666,0 0 1.1583070866141736,236 229 711
1772865671.252353799,0 0 1.1583070866141736,236 229 711
1772865671.259695839,0 0 1.1483070866141736,236 229 711
1772865671.266529725,0 0 1.1483070866141736,236 229 711
1772865671.273560424,0 0 1.1483070866141736,236 227 708
1772865671.280063347,0 0 1.1883070866141736,236 227 708
1772865671.289047001,0 0 1.1883070866141736,236 227 708
1772865671.295818519,0 0 1.1883070866141736,236 227 708
1772865671.302196455,0 0 1.1583070866141736,238 234 720
1772865671.309854253,0 0 1.1583070866141736,238 234 720
1772865671.317425768,0 0 1.1483070866141736,238 234 720
1772865671.325559223,0 0 1.1583070866141736,238 234 720
1772865671.332157968,0 0 1.1883070866141736,238 234 720
1772865671.338801667,0 0 1.1883070866141736,237 235 719
1772865671.345161480,0 0 1.1883070866141736,237 235 719
1772865671.350763583,0 0 1.1883070866141736,237 235 719
1772865671.359894180,0 0 1.1883070866141736,237 235 719
1772865671.366661324,0 0 1.1883070866141736,237 235 719
1772865671.373291691,0 0 1.1883070866141736,236 233 717
1772865671.380977277,0 0 1.1783070866141736,236 233 717
1772865671.387288179,0 0 1.1783070866141736,236 233 717
1772865671.394719668,0 0 1.1783070866141736,236 233 717
1772865671.403242205,0 0 1.1883070866141736,235 234 717
1772865671.411748161,0 0 1.1883070866141736,235 234 717
1772865671.418481351,0 0 1.1883070866141736,235 234 717
1772865671.427821550,0 0 1.1883070866141736,235 234 717
1772865671.438199220,0 0 1.1583070866141736,236 234 717
1772865671.447725316,0 0 1.1583070866141736,236 234 717
1772865671.453598557,0 0 1.2083070866141736,236 234 717
1772865671.461927032,0 0 1.2083070866141736,236 234 717
1772865671.470472817,0 0 1.1883070866141736,234 229 707
1772865671.481266026,0 0 1.1883070866141736,234 229 707
1772865671.487745159,0 0 1.1883070866141736,234 229 707
1772865671.498649940,0 0 1.1883070866141736,234 229 707
1772865671.505654766,0 0 1.1883070866141736,235 230 703
1772865671.515454916,0 0 1.1883070866141736,235 230 703
1772865671.522965104,0 0 1.1883070866141736,235 230 703
1772865671.530749263,0 0 1.2383070866141737,235 230 703
1772865671.540859379,0 0 1.2383070866141737,237 232 704
1772865671.547139618,0 0 1.2083070866141736,237 232 704
1772865671.556424531,0 0 1.2083070866141736,237 232 704
1772865671.563605339,0 0 1.1883070866141736,237 232 704
1772865671.572534416,0 0 1.1883070866141736,237 230 701
1772865671.578695042,0 0 1.1883070866141736,237 230 701
1772865671.585483642,0 0 1.1883070866141736,237 230 701
1772865671.593262010,0 0 1.1783070866141736,237 230 701
1772865671.600630130,0 0 1.1783070866141736,237 230 701
1772865671.607882722,0 0 1.1883070866141736,237 232 701
1772865671.615958224,0 0 1.1883070866141736,237 232 701
1772865671.627229632,0 0 1.2083070866141736,237 232 701
1772865671.634949839,0 0 1.2083070866141736,235 230 695
1772865671.641248075,0 0 1.2083070866141736,235 230 695
1772865671.648655650,0 0 1.2083070866141736,235 230 695
1772865671.654425152,0 0 1.2083070866141736,235 230 695
1772865671.660418171,0 0 1.2183070866141736,235 230 695
1772865671.668564291,0 0 1.2183070866141736,236 232 703
1772865671.676356074,0 0 1.2183070866141736,236 232 703
1772865671.684595142,0 0 1.2183070866141736,236 232 703
1772865671.690651571,0 0 1.1783070866141736,236 232 703
1772865671.697803924,0 0 1.1783070866141736,236 232 703
1772865671.703416984,0 0 1.1883070866141736,236 232 703
1772865671.711068574,0 0 1.1883070866141736,234 229 695
1772865671.718641172,0 0 1.1783070866141736,234 229 695
1772865671.724629942,0 0 1.1783070866141736,234 229 695
1772865671.732229954,0 0 1.1783070866141736,234 229 695
1772865671.739016346,0 0 1.1883070866141736,233 230 701
1772865671.745024822,0 0 1.1883070866141736,233 230 701
1772865671.752588005,0 0 1.1883070866141736,233 230 701
1772865671.758507782,0 0 1.1883070866141736,233 230 701
1772865671.765403245,0 0 1.1783070866141736,233 230 701
1772865671.772271378,0 0 1.1783070866141736,233 232 707
1772865671.782297337,0 0 1.1283070866141736,233 232 707
1772865671.788857836,0 0 1.1283070866141736,233 232 707
1772865671.795593734,0 0 1.1783070866141736,233 232 707
1772865671.803011182,0 0 1.1783070866141736,233 232 707
1772865671.809902063,0 0 1.1783070866141736,233 235 720
1772865671.816117100,0 0 1.1783070866141736,233 235 720
1772865671.822974942,0 0 1.1483070866141736,233 235 720
1772865671.829782165,0 0 1.1483070866141736,233 235 720
1772865671.837385677,0 0 1.1283070866141736,235 236 719
1772865671.844737549,0 0 1.1283070866141736,235 236 719
1772865671.850492761,0 0 1.1283070866141736,235 236 719
1772865671.858990843,0 0 1.1283070866141736,235 236 719
1772865671.865823771,0 0 1.1483070866141736,235 236 719
1772865671.872112592,0 0 1.1483070866141736,234 237 722
1772865671.880748950,0 0 1.2783070866141737,234 237 722
1772865671.887633790,0 0 1.2783070866141737,234 237 722
1772865671.893137404,0 0 1.3283070866141737,234 237 722
1772865671.902001571,0 0 1.3283070866141737,231 234 717
1772865671.910950188,0 0 1.3383070866141737,231 234 717
1772865671.917583221,0 0 1.3383070866141737,231 234 717
1772865671.923667730,0 0 1.3383070866141737,231 234 717
1772865671.929890850,0 0 1.3283070866141737,231 234 717
1772865671.938321897,0 0 1.3283070866141737,233 235 719
1772865671.946818688,0 0 1.2783070866141737,233 235 719
1772865671.955133748,0 0 1.2783070866141737,233 235 719
1772865671.961552262,0 0 1.2783070866141737,233 235 719
1772865671.968739486,0 0 1.1183070866141736,232 234 717
1772865671.981628760,0 0 1.1183070866141736,232 234 717
1772865671.987771513,0 0 1.1183070866141736,232 234 717
1772865671.995848516,0 0 1.1183070866141736,232 234 717
1772865672.002997197,0 0 1.0883070866141737,232 234 717
1772865672.009102901,0 0 -5.981692913385826,234 237 722
1772865672.018003463,0 0 -5.981692913385826,234 237 722
1772865672.026128486,0 0 -5.981692913385826,234 237 722
1772865672.038352016,0 0 -5.981692913385826,234 235 720
1772865672.045383325,0 0 1.0883070866141737,234 235 720
1772865672.056280376,0 0 1.0883070866141737,234 235 720
1772865672.070120603,0 0 1.0883070866141737,234 234 723
1772865672.076030703,0 0 1.0883070866141737,234 234 723
1772865672.082620353,0 0 -5.981692913385826,234 234 723
1772865672.091276900,0 0 -5.981692913385826,234 234 723
1772865672.097784601,0 0 1.0883070866141737,234 234 723
1772865672.106666915,0 0 1.0883070866141737,234 235 720
1772865672.122519379,0 0 1.0883070866141737,234 235 720
1772865672.129114195,0 0 1.0883070866141737,234 235 720
1772865672.142314660,0 0 1.1283070866141736,234 235 720
1772865672.152693059,0 0 1.1283070866141736,232 233 713
1772865672.163041254,0 0 1.1283070866141736,232 233 713
1772865672.170933386,0 0 1.1283070866141736,232 233 713
1772865672.180950825,0 0 1.1283070866141736,232 233 716
1772865672.194153081,0 0 1.1583070866141736,232 233 716
1772865672.202655312,0 0 1.1483070866141736,232 233 716
1772865672.209577592,0 0 1.1483070866141736,232 233 716
1772865672.216438420,0 0 1.1483070866141736,231 236 717
1772865672.223226590,0 0 1.1183070866141736,231 236 717
1772865672.230325225,0 0 1.1183070866141736,231 236 717
1772865672.240414199,0 0 1.0983070866141735,231 236 717
1772865672.247371933,0 0 1.0983070866141735,231 236 717
1772865672.254135939,0 0 1.1283070866141736,231 233 707
1772865672.260791831,0 0 1.1283070866141736,231 233 707
1772865672.268901481,0 0 1.1183070866141736,231 233 707
1772865672.275418014,0 0 1.1183070866141736,231 233 707
1772865672.283765429,0 0 1.1283070866141736,231 237 719
1772865672.290771699,0 0 1.1283070866141736,231 237 719
1772865672.297124042,0 0 1.0883070866141737,231 237 719
1772865672.305606484,0 0 1.0883070866141737,231 237 719
1772865672.312025111,0 0 1.0883070866141737,233 236 717
1772865672.320273578,0 0 1.0883070866141737,233 236 717
1772865672.326048901,0 0 1.,233 236 717
1772865672.333484874,,233 236 717
1772865672.341168529,,233 236 717
1772865672.349610600,,234 234 717
1772865672.356118467,,234 234 717
1772865672.363211062,,234 234 717
1772865672.369422837,,234 234 717
1772865672.376633335,,235 234 717
1772865672.384243039,,235 234 717
1772865672.391951650,,235 234 717
1772865672.399148066,,235 234 717
1772865672.406287030,,235 234 717
1772865672.412480641,,234 232 713
1772865672.421404909,,234 232 713
1772865672.429783945,,234 232 713
1772865672.438175480,,234 232 713
1772865672.444106286,,234 231 711
1772865672.450896080,,234 231 711
1772865672.459354191,,234 231 711
1772865672.466639056,,234 231 711
1772865672.474256010,,235 233 716
1772865672.480687886,,235 233 716
1772865672.491682926,,235 233 716
1772865672.499539520,,235 233 716
1772865672.506305317,,236 233 719
1772865672.513601681,,236 233 719
1772865672.520306443,,236 233 719
1772865672.527736750,,236 233 719
1772865672.534141587,,236 233 719
1772865672.542582158,,236 229 710
1772865672.553560659,,236 229 710
1772865672.560476440,,236 229 710
1772865672.568050648,,239 232 719
1772865672.577260093,,239 232 719
1772865672.588891563,,239 232 719
1772865672.598047305,,239 232 719
1772865672.607141305,,242 233 720
1772865672.614182988,,242 233 720
1772865672.621677914,,242 233 720
1772865672.630047993,,242 233 720
1772865672.635727743,,242 233 720
1772865672.642041756,,241 230 719
1772865672.649883393,,241 230 719
1772865672.663409030,,241 230 719
1772865672.673108213,,243 236 723
1772865672.682530676,,243 236 723
1772865672.695150788,,243 236 723
1772865672.702298001,,243 236 723
1772865672.711804413,,240 230 717
1772865672.724083271,,240 230 717
1772865672.736474282,,240 230 717
1772865672.744134731,,241 234 722
1772865672.757839223,,241 234 722
1772865672.767707179,,241 234 722
1772865672.784867457,,242 235 723
1772865672.793881341,,242 235 723
1772865672.803611228,,242 235 723
1772865672.817714885,,239 229 716
1772865672.828407542,,239 229 716
1772865672.844212136,,241 232 720
1772865672.857040224,,241 232 720
1772865672.868279738,,241 232 720
1772865672.876760929,,239 230 716
1772865672.887367971,,239 230 716
1772865672.898209861,,239 230 716
1772865672.916233419,,244 236 725
1772865672.930088687,,244 236 725
1772865672.939581559,,244 236 725
1772865672.948739551,,244 235 723
1772865672.958346286,,244 235 723
1772865672.966718614,,244 235 723
1772865672.978360333,,242 234 722
1772865672.985233785,,242 234 722
1772865672.991887512,,242 234 722
1772865673.002118884,,242 234 722
1772865673.013066366,,245 237 725
1772865673.019579179,,245 237 725
1772865673.025789400,,245 237 725
1772865673.031582501,,245 237 725
1772865673.046720806,,243 234 720
1772865673.054179763,,243 234 720
1772865673.062155453,,243 234 720
1772865673.071539152,,245 235 723
1772865673.078374762,,245 235 723
1772865673.089158430,,245 235 723
1772865673.097632189,,245 235 723
1772865673.103859867,,245 235 723
1772865673.117557417,,244 236 723
1772865673.134658752,,244 236 723
1772865673.141361376,,244 236 723
1772865673.149179209,,244 236 723
1772865673.156198632,,245 234 723
1772865673.162793977,,245 234 723
1772865673.170211729,,245 234 723
1772865673.176559560,,245 234 723
1772865673.183151905,,245 234 723
1772865673.190341225,,246 235 725
1772865673.196901199,,246 235 725
1772865673.203987573,,246 235 725
1772865673.210463639,,246 235 725
1772865673.216034057,,243 232 720
1772865673.223734278,,243 232 720
1772865673.230554056,,243 232 720
1772865673.236606795,,243 232 720
1772865673.242837973,,243 232 720
1772865673.250246601,,244 234 722
1772865673.256761580,,244 234 722
1772865673.262592177,,244 234 722
1772865673.268361281,,244 234 722
1772865673.275797449,,244 234 722
1772865673.283346229,,245 234 722
1772865673.290521967,,245 234 722
1772865673.299815676,,245 234 722
1772865673.307231054,,245 234 722
1772865673.314813497,,244 234 723
1772865673.322782730,,244 234 723
1772865673.331031973,,244 234 723
1772865673.344017602,,245 235 723
1772865673.353108876,,245 235 723
1772865673.363401140,,245 235 723
1772865673.373806975,,245 237 723
1772865673.382111712,,245 237 723
1772865673.398042470,,245 237 723
1772865673.405352693,,245 237 723
1772865673.411153710,,245 237 723
1772865673.420113374,,243 235 722
1772865673.433157538,,243 235 722
1772865673.442535071,,243 235 722
1772865673.449387138,,243 235 722
1772865673.456778643,,244 231 711
1772865673.463660289,,244 231 711
1772865673.471576611,,244 231 711
1772865673.480704506,,244 231 711
1772865673.488316362,,246 236 723
1772865673.497696687,,246 236 723
1772865673.506462372,,246 236 723
1772865673.512515403,,246 234 722
1772865673.518988261,,246 234 722
1772865673.524899849,,246 234 722
1772865673.532401718,,246 234 722
1772865673.542504295,,246 234 722
1772865673.552172296,,243 229 705
1772865673.559808066,,243 229 705
1772865673.567084959,,243 229 705
1772865673.584127009,,243 229 705
1772865673.594150429,,245 230 708
1772865673.602382549,,245 230 708
1772865673.608796831,,245 230 708
1772865673.618605316,,245 230 708
1772865673.626191008,,245 230 708
1772865673.633092319,,243 227 707
1772865673.641950702,,243 227 707
1772865673.648268494,,243 227 707
1772865673.654692775,,243 227 707
1772865673.660356349,,243 231 711
1772865673.666670726,,243 231 711
1772865673.674646124,,243 231 711
1772865673.681717749,,243 231 711
1772865673.688264474,,241 231 707
1772865673.695664771,,241 231 707
1772865673.704527778,,241 231 707
1772865673.717310181,,241 231 707
1772865673.725878513,,241 230 0
1772865673.736396669,,241 230 0
1772865673.746297727,,241 230 0
1772865673.752819996,,241 230 0
1772865673.762811919,,241 231 705
1772865673.770119018,,241 231 705
1772865673.778609734,,241 231 705
1772865673.785405015,,241 231 705
1772865673.791888039,,244 236 722
1772865673.799656669,,244 236 722
1772865673.807787925,,244 236 722
1772865673.814218830,,243 234 719
1772865673.820820424,,243 234 719
1772865673.829460957,,243 234 719
1772865673.836719061,,243 234 719
1772865673.846826096,,242 232 717
1772865673.852608907,,242 232 717
1772865673.859019355,,242 232 717
1772865673.867146654,,242 232 717
1772865673.873575517,,242 231 717
1772865673.880786752,,242 231 717
1772865673.889113611,,242 231 717
1772865673.897640698,,242 231 717
1772865673.907330113,,244 233 719
1772865673.912988896,,244 233 719
1772865673.919882916,,244 233 719
1772865673.925776464,,244 233 719
1772865673.933014529,,244 233 719
1772865673.940230554,,242 231 719
1772865673.951011597,,242 231 719
1772865673.959219011,,242 231 719
1772865673.972039493,,242 231 719
1772865673.981509891,,242 231 717
1772865673.992778129,,242 231 717
1772865674.005770040,,242 231 717
1772865674.014948620,,243 235 722
1772865674.022071518,,243 235 722
1772865674.028659601,,243 235 722
1772865674.038336583,,242 233 720
1772865674.045684080,,242 233 720
1772865674.053897020,,242 233 720
1772865674.064614633,,242 233 720
1772865674.074528754,,244 233 722
1772865674.081385724,,244 233 722
1772865674.089573875,,244 233 722
1772865674.097301953,,244 233 722
1772865674.104336736,,242 233 720
1772865674.119613372,,242 233 720
1772865674.128949309,,242 233 720
1772865674.138753484,,242 233 720
1772865674.147156195,,242 232 720
1772865674.154311505,,242 232 720
1772865674.164685491,,242 232 720
1772865674.175476804,,242 234 722
1772865674.183545760,,242 234 722
1772865674.190864344,,242 234 722
1772865674.200017885,,242 234 722
1772865674.209341115,,242 234 722
1772865674.225372249,,242 234 722
1772865674.234732308,,242 234 722
1772865674.243170473,,242 234 722
1772865674.249638153,,241 232 719
1772865674.256303602,,241 232 719
1772865674.264078634,,241 232 719
1772865674.272713984,,241 232 719
1772865674.278805749,,240 231 717
1772865674.287867593,,240 231 717
1772865674.295002447,,240 231 717
1772865674.303648671,,240 231 717
1772865674.311161024,,240 232 719
1772865674.319725466,,240 232 719
1772865674.327090836,,240 232 719
1772865674.335635488,,240 232 719
1772865674.347132971,,240 231 719
1772865674.354816721,,240 231 719
1772865674.362057855,,240 231 719
1772865674.370427111,,240 231 719
1772865674.376465631,,241 230 719
1772865674.383591529,,241 230 719
1772865674.390043502,,241 230 719
1772865674.399382981,,241 230 719
1772865674.409325432,,241 230 719
1772865674.416977811,,240 230 717
1772865674.425218623,,240 230 717
1772865674.434691961,,240 230 717
1772865674.441784570,,240 230 717
1772865674.448837809,,241 235 720
1772865674.456173807,,241 235 720
1772865674.463685494,,241 235 720
1772865674.470611747,,241 235 720
1772865674.483451077,,241 234 719
1772865674.495123207,,241 234 719
1772865674.502525781,,241 234 719
1772865674.512839856,,238 230 717
1772865674.521293227,,238 230 717
1772865674.529100839,,238 230 717
1772865674.538191595,,241 235 722
1772865674.550995471,,241 235 722
1772865674.561800533,,241 235 722
1772865674.573523198,,241 232 720
1772865674.582207168,,241 232 720
1772865674.590141640,,241 232 720
1772865674.597618664,,241 232 720
1772865674.605132183,,241 232 720
1772865674.614110453,,242 233 723
1772865674.621509069,,242 233 723
1772865674.633571571,,242 233 723
1772865674.641812091,,242 233 722
1772865674.649837552,,242 233 722
1772865674.660788139,,242 233 722
1772865674.676363366,,241 231 720
1772865674.684577597,,241 231 720
1772865674.696224271,,241 231 720
1772865674.702450771,,241 231 720
1772865674.709391939,,241 231 720
1772865674.718019540,,243 232 722
1772865674.731033684,,243 232 722
1772865674.739009234,,243 232 722
1772865674.749319727,,243 232 722
1772865674.761303738,,242 230 719
1772865674.771736092,,242 230 719
1772865674.779516373,,242 230 719
1772865674.789586643,,242 230 719
1772865674.797405711,,242 230 719
1772865674.804925480,,242 234 722
1772865674.814005488,,242 234 722
1772865674.822649296,,242 234 722
1772865674.834073537,,242 234 722
1772865674.844654707,,241 231 719
1772865674.851203462,,241 231 719
1772865674.857515785,,241 231 719
1772865674.865534789,,242 234 722
1772865674.872445294,,242 234 722
1772865674.879503032,,242 234 722
1772865674.887341015,,242 234 722
1772865674.894279350,,242 234 722
1772865674.901045538,,241 234 720
1772865674.908078404,,241 234 720
1772865674.915162889,,240 230 717
1772865674.923429531,,240 230 717
1772865674.931644054,,240 230 717
1772865674.941161388,,240 230 717
1772865674.949364620,,240 230 717
1772865674.961621350,,241 233 720
1772865674.970485841,,241 233 720
1772865674.978085809,,241 233 720
1772865674.984505120,,241 231 717
1772865674.993096559,,241 231 717
1772865674.998972973,,241 231 717
1772865675.007165946,,241 231 717
1772865675.013537834,,242 236 720
1772865675.021823625,,242 236 720
1772865675.031568332,,242 236 720
1772865675.042043287,,240 232 719
1772865675.049772976,,240 232 719
1772865675.057392928,,240 232 719
1772865675.063015903,,240 232 719
1772865675.069495279,,240 232 719
1772865675.074966896,,240 233 719
1772865675.084568535,,240 233 719
1772865675.091854068,,240 233 719
1772865675.098157297,,240 233 719
1772865675.105335425,,240 233 719
1772865675.113011454,,241 236 722
1772865675.121269082,,241 236 722
1772865675.129842257,,241 236 722
1772865675.137385302,,241 236 722
1772865675.146478000,,242 232 719
1772865675.151862002,,242 232 719
1772865675.159887366,,242 232 719
1772865675.167296051,,242 232 719
1772865675.177001803,,241 233 719
1772865675.184374409,,241 233 719
1772865675.191793842,,241 233 719
1772865675.199814498,,241 233 719
1772865675.206841769,,240 230 716
1772865675.213882538,,240 230 716
1772865675.221792789,,240 230 716
1772865675.228555257,,240 230 716
1772865675.238065282,,242 233 719
1772865675.245791805,,242 233 719
1772865675.254399435,,242 233 719
1772865675.261001421,,242 233 719
1772865675.268164635,,242 233 719
1772865675.276558080,,242 234 720
1772865675.285403599,,242 234 720
1772865675.292222144,,242 234 720
1772865675.300283045,,242 234 720
1772865675.306932734,,243 233 720
1772865675.313891221,,243 233 720
1772865675.321215582,,243 233 720
1772865675.333140911,,243 233 720
1772865675.339990494,,243 233 720
1772865675.346877823,,242 232 720
1772865675.354672754,,242 232 720
1772865675.361595704,,242 232 720
1772865675.368040583,,242 232 720
1772865675.374672191,,240 231 719
1772865675.380749363,,240 231 719
1772865675.390170024,,240 231 719
1772865675.400445127,,240 231 719
1772865675.408278138,,240 231 719
1772865675.415800018,,241 231 719
1772865675.426674719,,241 231 719
1772865675.434164811,,241 231 719
1772865675.442817018,,244 234 723
1772865675.451698033,,244 234 723
1772865675.505871934,,244 234 723
1772865675.516538867,,244 236 725
1772865675.527513806,,244 236 725
1772865675.538960024,,244 236 725
1772865675.547067211,,242 236 723
1772865675.553564376,,242 236 723
1772865675.564004461,,242 235 722
1772865675.570594032,,242 235 722
1772865675.578834745,,242 235 722
1772865675.592741429,,242 235 722
1772865675.604835655,,240 235 722
1772865675.615688858,,240 235 722
1772865675.626990301,,240 235 722
1772865675.635723916,,241 234 722
1772865675.648663586,,241 234 722
1772865675.655053014,,240 230 719
1772865675.664634322,,240 230 719
1772865675.673700732,,240 230 719
1772865675.683606420,,240 230 719
1772865675.692836685,,240 230 719
1772865675.702989553,,241 234 722
1772865675.714807144,,241 234 722
1772865675.721303226,,241 234 722
1772865675.730518244,,240 233 719
1772865675.738997055,,240 233 719
1772865675.746438569,,240 233 719
1772865675.752625979,,242 236 722
1772865675.759608046,,242 236 722
1772865675.766659522,,242 236 722
1772865675.777621921,,239 234 720
1772865675.785306741,,239 234 720
1772865675.794133345,,239 234 720
1772865675.804684208,,239 231 717
1772865675.813268132,,239 231 717
1772865675.821711655,,239 231 717
1772865675.830469517,,239 231 717
1772865675.847694775,,240 232 719
1772865675.855715347,,240 232 719
1772865675.866321704,,240 232 719
1772865675.878588994,,241 233 722
1772865675.888451853,,241 233 722
1772865675.895817084,,241 233 722
1772865675.906249586,,241 233 722
1772865675.915540470,,243 234 722
1772865675.923710358,,243 234 722
1772865675.932795849,,243 234 722
1772865675.947897603,,241 236 723
1772865675.955743445,,241 236 723
1772865675.961548482,,241 236 723
1772865675.968538882,,241 236 723
1772865675.978780947,,240 233 720
1772865675.985384017,,240 233 720
1772865675.996121692,,240 233 720
1772865676.004817762,,240 233 720
1772865676.014536954,,241 234 722
1772865676.025021598,,241 234 722
1772865676.034448074,,241 234 722
1772865676.046133369,,242 235 722
1772865676.070337944,,242 235 722
1772865676.084135699,,242 235 722
1772865676.100298093,,242 232 722
1772865676.110435569,,242 232 722
1772865676.118045926,,242 232 722
1772865676.125825970,,241 231 720
1772865676.134266771,,241 231 720
1772865676.142663202,,241 231 720
1772865676.149555226,,241 231 720
1772865676.156355427,,243 233 722
1772865676.165736451,,243 233 722
1772865676.176094526,,243 233 722
1772865676.184341350,,243 233 722
1772865676.192323621,,243 234 723
1772865676.199517735,,243 234 723
1772865676.207363438,,243 234 723
1772865676.216040836,,244 231 722
1772865676.223449466,,244 231 722
1772865676.231023660,,244 231 722
1772865676.238615311,,244 231 722
1772865676.245309941,,241 232 722
1772865676.252886302,,241 232 722
1772865676.261474210,,241 232 722
1772865676.271404127,,241 232 722
1772865676.278784636,,241 229 719
1772865676.285767399,,241 229 719
1772865676.293212234,,241 229 719
1772865676.300568453,,241 229 719
1772865676.311614365,,241 229 719
1772865676.319126066,,241 229 719
1772865676.329988874,,241 229 719
1772865676.341284672,,242 231 722
1772865676.350106720,,242 231 722
1772865676.359390297,,242 231 722
1772865676.369530356,,242 231 722
1772865676.383004316,,244 235 723
1772865676.393848667,,244 235 723
1772865676.402057912,,244 235 723
1772865676.410688357,,244 233 722
1772865676.417609544,,244 233 722
1772865676.424400330,,244 233 722
1772865676.435651551,,244 233 722
1772865676.444167009,,243 235 723
1772865676.451861106,,243 235 723
1772865676.459664898,,243 235 723
1772865676.469222067,,243 235 723
1772865676.481631944,,241 230 719
1772865676.494801481,,241 230 719
1772865676.502034256,,241 230 719
1772865676.516056068,,241 231 719
1772865676.523719252,,241 231 719
1772865676.530705890,,241 231 719
1772865676.539750078,,241 231 719
1772865676.546633103,,242 231 720
1772865676.555504353,,242 231 720
1772865676.568355053,,242 231 720
1772865676.584940772,,244 234 723
1772865676.596224780,,244 234 723
1772865676.604448940,,244 234 723
1772865676.626213593,,243 234 722
1772865676.639683136,,243 234 722
1772865676.652414266,,242 231 719
1772865676.672466620,,242 231 719
1772865676.696278449,,245 234 723
1772865676.713239166,,242 231 719
1772865676.720162437,,242 231 719
1772865676.732205314,,242 231 719
1772865676.742802778,,241 231 719
1772865676.767206455,,241 231 719
1772865676.774664371,,241 231 719
1772865676.792344878,,241 230 717
1772865676.807229589,,241 230 717
1772865676.822310610,,240 230 716
1772865676.832550116,,240 230 716
1772865676.838495834,,240 230 716
1772865676.852002998,,238 226 708
1772865676.860710101,,238 226 708
1772865676.870842703,,238 226 708
1772865676.894776435,,240 231 717
1772865676.904286943,,240 231 717
1772865676.915732266,,240 229 716
1772865676.923612757,,240 229 716
1772865676.933841014,,240 229 716
1772865676.947166367,,240 229 716
1772865676.959351394,,240 233 720
1772865676.968078036,,240 233 720
1772865676.980572403,,241 234 722
1772865676.989827941,,241 234 722
1772865676.998013771,,241 234 722
1772865677.008491487,,241 234 722
1772865677.020556383,,239 228 714
1772865677.031394425,,239 228 714
1772865677.040742145,,239 229 716
1772865677.051190317,,239 229 716
1772865677.080814122,,239 229 716
1772865677.091727905,,239 229 716
1772865677.100471239,,242 230 719
1772865677.111083433,,242 230 719
1772865677.118817178,,242 230 719
1772865677.128099364,,242 230 719
1772865677.141525390,,242 230 719
1772865677.149833150,,240 228 708
1772865677.159117503,,240 228 708
1772865677.166443297,,240 228 708
1772865677.175045397,,242 230 717
1772865677.182082517,,242 230 717
1772865677.188565953,,242 230 717
1772865677.198753365,,242 231 717
1772865677.208606691,,242 231 717
1772865677.221679592,,242 231 717
1772865677.234652839,,242 231 717
1772865677.249781161,,242 229 707
1772865677.260628161,,242 229 707
1772865677.270428827,,242 229 707
1772865677.280059346,,241 231 711
1772865677.288251537,,241 231 711
1772865677.296661702,,241 231 711
1772865677.303632205,,240 229 703
1772865677.312180437,,240 229 703
1772865677.321274854,,240 229 703
1772865677.330409224,,241 230 705
1772865677.341302843,,241 230 705
1772865677.349498700,,241 230 705
1772865677.358574202,,237 228 701
1772865677.366804264,,237 228 701
1772865677.378288979,,237 228 701
1772865677.389628420,,237 228 701
1772865677.399713052,,240 231 704
1772865677.407251904,,240 231 704
1772865677.414862747,,240 231 704
1772865677.425262134,,238 230 703
1772865677.433550438,,238 230 703
1772865677.442338266,,238 230 703
1772865677.449516453,,238 230 703
1772865677.461736622,,238 231 708
1772865677.469731336,,238 231 708
1772865677.484109749,,238 231 708
1772865677.503009497,,240 231 714
1772865677.514052140,,240 231 714
1772865677.524029619,,240 231 717
1772865677.533072500,,240 231 717
1772865677.540755043,,240 231 717
1772865677.547548484,,240 231 717
1772865677.557216415,,238 232 719
1772865677.564720980,,238 232 719
1772865677.572304368,,238 232 719
1772865677.582087786,,241 237 722
1772865677.588242636,,241 237 722
1772865677.596092243,,241 237 722
1772865677.603714710,,241 237 722
1772865677.610558770,,239 233 719
1772865677.617830695,,239 233 719
1772865677.625798496,,239 233 719
1772865677.634786217,,239 233 719
1772865677.644645543,,241 233 720
1772865677.651762195,,241 233 720
1772865677.658576300,,241 233 720
1772865677.665858766,,241 233 720
1772865677.682183738,,241 236 720
1772865677.688350503,,241 236 720
1772865677.696430249,,241 236 720
1772865677.705851627,,241 236 720
1772865677.713083641,,240 236 720
1772865677.722334164,,240 236 720
1772865677.733493543,,240 236 720
1772865677.741630407,,240 236 720
1772865677.748870878,,241 234 720
1772865677.756724900,,241 234 720
1772865677.763902170,,241 234 720
1772865677.770872549,,241 234 720
1772865677.778492766,,238 234 720
1772865677.784505175,,238 234 720
1772865677.800517267,,238 234 720
1772865677.808104280,,238 234 720
1772866154.659018906,pygame 2.6.1 (SDL 2.28.4, Python 3.13.7),259 262 680
1772866154.794549319,Hello from the pygame community. https://www.pygame.org/contribute.html,259 259 678
1772866154.871772168,Calibrare Kinect: tine mana in pozitia centrala...,271 254 656
1772866154.944079886,Offset Kinect: (434.15, 436.79, 261.97),273 259 648
1772866154.983179815,0 0 -2.6197441364605543,272 263 648
1772866155.046859732,0 0 -2.6197441364605543,273 265 652
1772866155.121966834,0 0 -2.6197441364605543,275 266 656
1772866155.465422880,0 0 -2.6197441364605543,288 261 652
1772866155.959867697,0 0 -2.6197441364605543,279 263 653
1772866155.980876200,0 0 -2.6197441364605543,280 263 655
1772866156.162500815,0 0 -2.6197441364605543,278 263 655
1772866156.165291980,0 0 -2.6197441364605543,278 264 656
1772866156.168162390,0 0 -2.6197441364605543,281 262 658
1772866156.221508053,0 0 -2.6197441364605543,281 263 657
1772866156.274802219,0 0 -2.6197441364605543,282 263 657
1772866156.322448226,0 0 -2.6197441364605543,284 262 660
1772866156.338418403,0 0 -2.6197441364605543,284 263 658
1772866156.356629411,0 0 -2.6197441364605543,284 263 658
1772866156.375682314,0 0 -2.6197441364605543,283 261 661
1772866156.609645295,0 0 -2.6197441364605543,283 262 661
1772866156.958227715,0 0 -2.6197441364605543,283 263 662
1772866157.011890147,0 0 -2.6197441364605543,284 262 658
1772866157.048155764,0 0 -2.6197441364605543,285 262 657
1772866157.292028495,0 0 -2.6197441364605543,293 257 657
1772866157.298080041,0 0 -2.6197441364605543,293 257 657
1772866157.347236234,0 0 -2.6197441364605543,320 238 639
1772866157.440526870,0 0 -2.6197441364605543,319 237 628
1772866157.503758341,0 0 -2.6197441364605543,315 238 624
1772866157.831214227,0 0 -2.6197441364605543,315 236 618
1772866157.841603574,0 0 -2.6197441364605543,315 236 618
1772866157.845924250,0 0 -2.6197441364605543,315 236 618
1772866157.867574087,0 0 -2.6197441364605543,315 236 618
1772866157.971376436,0 0 -2.6197441364605543,310 240 608
1772866158.230464184,0 0 -2.6197441364605543,311 238 612
1772866158.566540306,0 0 -2.6197441364605543,310 232 614
1772866158.569800479,0 0 -2.6197441364605543,309 232 614
1772866158.788520958,0 0 -2.6197441364605543,314 231 612
1772866158.876196652,0 0 -2.6197441364605543,323 233 607
1772866159.107826265,0 0 -2.6197441364605543,324 231 606
1772866159.118238780,0 0 -2.6197441364605543,324 231 606
1772866159.187050936,0 0 -2.6197441364605543,325 226 604
1772866159.207543490,0 0 -2.6197441364605543,325 226 604
1772866159.580303255,0 0 -2.6197441364605543,324 220 604
1772866159.844309219,0 0 -2.6197441364605543,317 235 609
1772866159.847062888,0 0 -2.6197441364605543,317 235 609
1772866159.853996037,0 0 -2.6197441364605543,317 235 609
1772866160.003088328,0 0 -2.6197441364605543,316 238 611
1772866160.050768860,0 0 -2.6197441364605543,317 238 609
1772866160.216793284,0 0 -2.6197441364605543,316 236 611
1772866160.220118120,0 0 -2.6197441364605543,316 236 611
1772866160.520897090,0 0 -2.6197441364605543,317 244 611
1772866160.559591458,0 0 -2.6197441364605543,317 244 611
1772866160.607503681,0 0 -2.6197441364605543,318 231 609
1772866160.679559397,0 0 -2.6197441364605543,320 227 607
1772866160.726983864,0 0 -2.6197441364605543,321 228 606
1772866160.929138973,0 0 -2.6197441364605543,319 236 612
1772866161.333817917,0 0 -2.6197441364605543,318 237 612
1772866161.504413566,0 0 -2.6197441364605543,318 236 612
1772866161.604689194,0 0 -2.6197441364605543,318 237 612
1772866161.637931681,0 0 -2.6197441364605543,318 237 612
1772866161.686358247,0 0 -2.6197441364605543,318 237 612
1772866161.989457045,0 0 -2.6197441364605543,317 237 611
1772866162.016436000,0 0 -2.6197441364605543,317 237 611
1772866162.135466500,0 0 -2.6197441364605543,316 237 613
1772866162.305516047,0 0 -2.6197441364605543,315 237 613
1772866162.362522525,0 0 -2.6197441364605543,315 237 613
1772866162.598476306,0 0 -2.6197441364605543,318 239 613
1772866163.053665658,0 0 -2.6197441364605543,317 239 612
1772866163.386405927,0 0 -2.6197441364605543,316 238 613
1772866163.392609468,0 0 -2.6197441364605543,316 238 613
1772866163.400392808,0 0 -2.6197441364605543,316 238 613
1772866163.446620717,0 0 -2.6197441364605543,316 237 612
1772866163.538088317,0 0 -2.6197441364605543,317 237 612
1772866163.614660020,0 0 -2.6197441364605543,317 240 612
1772866163.655057611,0 0 -2.6197441364605543,318 237 612
1772866163.665766567,0 0 -2.6197441364605543,318 237 612
1772866163.672580896,0 0 -2.6197441364605543,318 237 612
1772866164.157333510,0 0 -2.6197441364605543,316 239 612
1772866164.353125241,0 0 -2.6197441364605543,316 240 612
1772866164.362204320,0 0 -2.6197441364605543,316 240 612
1772866164.422244839,0 0 -2.6197441364605543,317 240 612
1772866164.487018092,0 0 -2.6197441364605543,316 238 613
1772866164.720315134,0 0 -2.6197441364605543,318 238 612
1772866164.724225345,0 0 -2.6197441364605543,318 237 612
1772866164.739001711,0 0 -2.6197441364605543,318 238 612
1772866164.848118893,0 0 -2.6197441364605543,315 252 614
1772866164.958068972,0 0 -2.6197441364605543,314 251 615
1772866165.018649995,0 0 -2.6197441364605543,314 234 613
1772866165.023529593,0 0 -2.6197441364605543,314 234 613
1772866165.037417026,0 0 -2.6197441364605543,314 234 613
1772866165.048769605,0 0 -2.6197441364605543,316 226 609
1772866165.110083080,0 0 -2.6197441364605543,315 227 612
1772866165.123740947,0 0 -2.6197441364605543,315 227 612
1772866165.385702822,0 0 -2.6197441364605543,316 236 612
1772866165.410813844,0 0 -2.6197441364605543,316 236 612
1772866165.459822768,0 0 -2.6197441364605543,316 236 611
1772866165.558270919,0 0 -2.6197441364605543,316 237 613
1772866165.799738140,0 0 -2.6197441364605543,316 235 615
1772866165.901148655,0 0 -2.6197441364605543,300 247 647
1772866165.915477181,0 0 -2.6197441364605543,296 252 641
1772866166.004451032,0 0 -2.6197441364605543,292 256 644
1772866166.658250534,0 0 -2.6197441364605543,295 256 651
1772866166.794017115,0 0 -2.6197441364605543,295 255 652
1772866166.798387085,0 0 -2.6197441364605543,295 255 652
1772866166.801494731,0 0 -2.6197441364605543,295 255 651
1772866166.812139655,0 0 -2.6197441364605543,295 255 652
1772866166.882962729,0 0 -2.6197441364605543,294 258 650
1772866167.149602398,0 0 -2.6197441364605543,293 259 650
1772866167.256692023,0 0 -2.6197441364605543,295 255 652
1772866167.476804712,0 0 -2.6197441364605543,295 255 651
1772866167.572740657,0 0 -2.6197441364605543,295 255 651
1772866167.620676882,0 0 -2.6197441364605543,296 256 650
1772866167.764443560,0 0 -2.6197441364605543,297 256 650
1772866167.773118297,0 0 -2.6197441364605543,297 256 650
1772866167.782777253,0 0 -2.6197441364605543,297 256 650
1772866167.800773805,0 0 -2.6197441364605543,297 256 650
1772866167.805710442,0 0 -2.6197441364605543,297 256 650
1772866167.853722328,0 0 -2.6197441364605543,297 256 650
1772866167.876396369,0 0 -2.6197441364605543,295 257 648
1772866168.164834472,0 0 -2.6197441364605543,297 256 651
1772866168.190257230,0 0 -2.6197441364605543,295 256 651
1772866168.250712418,0 0 -2.6197441364605543,294 256 651
1772866168.308848859,0 0 -2.6197441364605543,295 257 650
1772866168.631629165,0 0 -2.6197441364605543,295 258 650
1772866168.840112195,0 0 -2.6197441364605543,297 257 648
1772866169.550366423,0 0 -2.6197441364605543,295 256 650
1772866169.830509771,0 0 -2.6197441364605543,295 257 652
1772866169.834971777,0 0 -2.6197441364605543,295 257 652
1772866169.891878566,0 0 -2.6197441364605543,295 256 651
1772866170.106238581,0 0 -2.6197441364605543,296 256 651
1772866170.113788820,0 0 -2.6197441364605543,296 256 651
1772866170.128106565,0 0 -2.6197441364605543,295 256 650
1772866170.581969534,0 0 -2.6197441364605543,324 238 629
1772866170.803398338,0 0 -2.6197441364605543,325 234 626
1772866170.805354362,0 0 -2.6197441364605543,328 233 624
1772866170.807554118,0 0 -2.6197441364605543,328 233 623
1772866170.898101411,0 0 -2.6197441364605543,323 233 616
1772866170.908143260,0 0 -2.6197441364605543,323 233 616
1772866170.929258549,0 0 -2.6197441364605543,322 234 616
1772866171.191222454,0 0 -2.6197441364605543,318 238 618
1772866171.320258658,0 0 -2.6197441364605543,311 231 620
1772866171.513001418,0 0 -2.6197441364605543,311 231 622
1772866171.577062741,0 0 -2.6197441364605543,310 233 622
1772866171.872463047,0 0 -2.6197441364605543,312 232 620
1772866171.936557951,0 0 -2.6197441364605543,324 239 615
1772866171.971484400,0 0 -2.6197441364605543,324 239 615
1772866172.018533176,0 0 -2.6197441364605543,327 226 611
1772866172.077497670,0 0 -2.6197441364605543,330 223 608
1772866172.118391731,0 0 -2.6197441364605543,330 228 611
1772866172.121227566,0 0 -2.6197441364605543,330 228 611
1772866172.210788871,0 0 -2.6197441364605543,330 228 611
1772866172.216068611,0 0 -2.6197441364605543,329 227 611
1772866172.218378401,0 0 -2.6197441364605543,329 227 611
1772866172.230018761,0 0 -2.6197441364605543,328 229 612
1772866172.283329667,0 0 -2.6197441364605543,328 229 612
1772866172.289842068,0 0 -2.6197441364605543,328 229 612
1772866172.327358625,0 0 -2.6197441364605543,329 227 611
1772866172.360508792,0 0 -2.6197441364605543,328 228 612
1772866172.419587319,0 0 -2.6197441364605543,327 229 614
1772866172.633200291,0 0 -2.6197441364605543,329 234 614
1772866172.645808706,0 0 -2.6197441364605543,329 234 614
1772866172.926120066,0 0 -2.6197441364605543,327 242 616
1772866172.978075238,0 0 -2.6197441364605543,331 221 609
1772866172.988380237,0 0 -2.6197441364605543,331 221 609
1772866172.998490541,0 0 -2.6197441364605543,331 221 609
1772866173.042710657,0 0 -2.6197441364605543,325 227 615
1772866173.063511185,0 0 -2.6197441364605543,324 230 615
1772866173.076317795,0 0 -2.6197441364605543,324 230 615
1772866173.297121729,0 0 -2.6197441364605543,323 236 617
1772866173.352351711,0 0 -2.6197441364605543,312 243 624
1772866173.428302476,0 0 -2.6197441364605543,310 245 625
1772866173.592510112,0 0 -2.6197441364605543,311 238 623
1772866173.608553986,0 0 -2.6197441364605543,311 238 623
1772866173.761506107,0 0 -2.6197441364605543,314 236 622
1772866174.002864546,0 0 -2.6197441364605543,316 233 622
1772866174.377264977,0 0 -2.6197441364605543,318 237 620
1772866174.609277917,0 0 -2.6197441364605543,313 250 625
1772866174.766457167,0 0 -2.6197441364605543,313 251 626
1772866175.146671652,0 0 -2.6197441364605543,313 251 626
1772866175.454757688,0 0 -2.6197441364605543,321 230 619
1772866175.675929234,0 0 -2.6197441364605543,324 231 616
1772866175.715136474,0 0 -2.6197441364605543,324 231 616
1772866176.235447026,0 0 -2.6197441364605543,312 228 623
1772866176.422204008,0 0 -2.6197441364605543,313 230 623
1772866176.452547936,0 0 -2.6197441364605543,313 230 623
1772866176.558110128,0 0 -2.6197441364605543,319 230 620
1772866176.595799317,0 0 -2.6197441364605543,318 231 620
1772866177.086920111,0 0 -2.6197441364605543,318 230 620
1772866177.090359029,0 0 -2.6197441364605543,318 230 620
1772866177.112374771,0 0 -2.6197441364605543,318 230 620
1772866177.209551832,0 0 -2.6197441364605543,317 233 620
1772866177.219386747,0 0 -2.6197441364605543,317 233 620
1772866177.293192788,0 0 -2.6197441364605543,319 232 619
1772866177.337627452,0 0 -2.6197441364605543,317 232 620
1772866177.372415563,0 0 -2.6197441364605543,317 232 620
1772866177.477865235,0 0 -2.6197441364605543,317 232 622
1772866177.769293217,0 0 -2.6197441364605543,317 232 620
1772866177.834054037,0 0 -2.6197441364605543,317 232 622
1772866177.862178380,0 0 -2.6197441364605543,317 232 620
1772866177.867531285,0 0 -2.6197441364605543,317 232 620
1772866177.881208047,0 0 -2.6197441364605543,317 232 620
1772866177.930901622,0 0 -2.6197441364605543,317 232 620
1772866177.944022091,0 0 5.350255863539446,317 232 620
1772866178.171689368,0 0 5.350255863539446,316 232 620
1772866178.185330176,0 0 -2.6197441364605543,316 232 620
1772866178.368682407,0 0 -2.6197441364605543,316 233 622
1772866178.381061306,0 0 -2.6197441364605543,316 233 622
1772866178.483991588,0 0 -2.6197441364605543,316 232 622
1772866178.604391028,0 0 -2.6197441364605543,321 234 619
1772866178.825145311,0 0 -2.6197441364605543,326 231 617
1772866178.868401524,0 0 -2.6197441364605543,326 231 616
1772866179.093691782,0 0 -2.6197441364605543,323 234 618
1772866179.147330044,0 0 -2.6197441364605543,322 234 618
1772866179.283197259,0 0 -2.6197441364605543,321 235 619
1772866179.630172395,0 0 -2.6197441364605543,328 224 614
1772866179.913016025,0 0 -2.6197441364605543,325 247 618
1772866179.918062120,0 0 -2.6197441364605543,324 248 619
1772866179.919983690,0 0 -2.6197441364605543,327 232 616
1772866179.921823557,0 0 -2.6197441364605543,322 236 618
1772866179.985129581,0 0 -2.6197441364605543,315 249 625
1772866180.389416344,0 0 -2.6197441364605543,322 223 616
1772866180.551812876,0 0 -2.6197441364605543,322 237 618
1772866180.823524091,0 0 -2.6197441364605543,317 248 624
1772866181.068235296,0 0 -2.6197441364605543,318 233 620
1772866181.071927197,0 0 -2.6197441364605543,318 231 620
1772866181.076149186,0 0 -2.6197441364605543,318 231 620
1772866181.078185623,0 0 -2.6197441364605543,317 227 620
1772866181.087292511,0 0 -2.6197441364605543,317 227 620
1772866181.313231251,0 0 -2.6197441364605543,321 234 617
1772866181.434816899,0 0 -2.6197441364605543,321 233 617
1772866181.439307201,0 0 -2.6197441364605543,321 233 617
1772866181.443284208,0 0 -2.6197441364605543,321 233 617
1772866181.457190126,0 0 -2.6197441364605543,321 233 617
1772866181.857078755,0 0 5.170255863539446,321 233 618
1772866181.914272650,0 0 5.170255863539446,319 234 619
1772866182.138095642,0 0 5.100255863539446,319 233 620
1772866182.403715190,0 0 5.100255863539446,309 233 626
1772866182.577791590,0 0 5.060255863539446,309 233 626
1772866182.846230437,0 0 5.060255863539446,308 232 627
1772866183.296823306,0 0 5.010255863539446,309 233 625
1772866183.528301786,0 0 4.990255863539446,310 233 626
1772866183.877423016,0 0 4.990255863539446,312 237 623
1772866183.971585571,0 0 4.990255863539446,310 238 625
1772866184.169358024,0 0 4.990255863539446,313 237 623
1772866184.600586764,0 0 5.130255863539446,312 238 625
1772866184.645128082,0 0 5.130255863539446,311 226 626
1772866184.753559671,0 0 5.110255863539446,315 234 623
1772866184.757467142,0 0 5.110255863539446,317 238 622
1772866184.855577925,0 0 5.100255863539446,317 238 622
1772866184.859414776,0 0 5.100255863539446,317 238 622
1772866184.862452851,0 0 5.100255863539446,317 238 622
1772866184.865001544,0 0 5.100255863539446,320 242 622
1772866184.867050856,0 0 5.100255863539446,320 242 620
1772866185.229487869,0 0 5.100255863539446,319 242 622
1772866185.276374108,0 0 5.100255863539446,318 243 624
1772866185.669443577,0 0 5.100255863539446,296 255 645
1772866185.699084797,0 0 5.100255863539446,294 258 645
1772866185.957990500,0 0 5.050255863539446,299 254 653
1772866186.319370973,0 0 5.050255863539446,301 255 656
1772866186.351144545,0 0 5.050255863539446,302 253 658
1772866186.610322841,0 0 4.800255863539446,301 255 653
1772866186.777643012,0 0 4.800255863539446,301 255 646
1772866186.854858472,0 0 4.800255863539446,299 257 0
1772866187.081839071,0 0 4.800255863539446,300 254 646
1772866187.406364043,0 0 4.740255863539446,299 257 0
1772866187.438327313,0 0 4.740255863539446,298 257 651
1772866187.509259646,0 0 4.700255863539446,300 257 0
1772866187.530895358,0 0 4.700255863539446,300 257 0
1772866187.782513430,0 0 4.700255863539446,299 254 0
1772866187.793167256,0 0 4.690255863539446,299 254 0
1772866187.801878637,0 0 4.690255863539446,298 255 0
1772866187.871525602,0 0 4.640255863539446,300 255 645
1772866187.939358280,0 0 4.640255863539446,301 254 645
1772866188.037928528,0 0 4.640255863539446,300 256 644
1772866188.366844392,0 0 4.640255863539446,300 255 647
1772866188.482453437,0 0 -2.6197441364605543,301 254 645
1772866188.505811862,0 0 -2.6197441364605543,300 255 648
1772866188.640321733,0 0 4.570255863539446,299 255 647
1772866188.861034318,0 0 4.570255863539446,299 255 648
1772866188.865125403,0 0 4.570255863539446,299 255 648
1772866188.898978417,0 0 4.570255863539446,300 256 650
1772866188.902808062,0 0 4.570255863539446,301 255 0
1772866189.189811547,0 0 4.570255863539446,299 255 0
1772866189.278572257,0 0 4.550255863539446,301 255 0
1772866189.282681799,0 0 4.550255863539446,300 255 647
1772866189.391207192,0 0 4.550255863539446,302 255 0
1772866189.404050657,0 0 4.550255863539446,300 254 646
1772866189.546782710,0 0 4.510255863539446,301 254 0
1772866189.557519824,0 0 4.510255863539446,301 254 0
1772866189.614083649,0 0 4.520255863539446,301 255 0
1772866189.675184944,0 0 4.520255863539446,301 254 650
1772866189.693704715,0 0 4.600255863539446,301 254 650
1772866189.721200184,0 0 4.600255863539446,301 254 0
1772866189.836987312,0 0 4.630255863539445,300 257 0
1772866190.074929960,0 0 4.630255863539445,299 255 652
1772866190.152054920,0 0 4.630255863539445,300 255 647
1772866190.248854071,0 0 4.170255863539445,299 256 0
1772866190.578491250,0 0 4.170255863539445,300 255 652
1772866190.965601237,0 0 4.130255863539445,299 252 658
1772866191.392260885,0 0 4.130255863539445,322 302 661
1772866191.446467431,0 0 4.0802558635394455,331 302 660
1772866191.485608583,0 0 4.0802558635394455,336 301 660
1772866191.498240691,0 0 4.050255863539446,336 301 660
1772866191.512163624,0 0 4.000255863539445,339 298 661
1772866191.520825554,0 0 4.000255863539445,339 298 661
1772866191.523183054,0 0 4.000255863539445,339 298 661
1772866191.549207924,0 0 3.9902558635394456,342 296 663
1772866191.680894955,0 0 3.9902558635394456,345 298 671
1772866191.923815753,0 0 3.9502558635394456,350 294 675
1772866192.545136464,0 0 3.9502558635394456,360 294 690
1772866192.551949234,0 0 4.070255863539446,360 294 690
1772866192.643659266,0 0 4.070255863539446,366 289 691
1772866192.947824271,0 0 4.050255863539446,366 290 691
1772866193.342349399,0 0 4.050255863539446,374 261 737
1772866193.386152897,0 0 4.050255863539446,376 262 737
1772866193.645783364,0 0 4.070255863539446,379 266 737
1772866193.734333086,0 0 4.070255863539446,379 273 734
1772866193.937259796,0 0 4.070255863539446,392 240 748
1772866194.043612477,0 0 4.070255863539446,364 273 732
1772866194.228978360,0 0 4.070255863539446,359 302 689
1772866194.241015305,0 0 4.0802558635394455,358 304 0
1772866194.276019469,0 0 4.0802558635394455,356 306 0
1772866194.304347602,0 0 4.0802558635394455,356 306 0
1772866194.433618263,0 0 4.0802558635394455,335 307 0
1772866194.612873408,0 0 4.0802558635394455,321 313 0
1772866194.644121586,0 0 4.0802558635394455,321 313 0
1772866194.681257308,0 0 4.0802558635394455,317 326 689
1772866194.685002462,0 0 4.0802558635394455,317 326 689
1772866194.717461471,0 0 4.0802558635394455,313 334 683
1772866194.720994098,0 0 4.0802558635394455,313 334 683
1772866195.237204742,0 0 4.0802558635394455,308 343 682
1772866195.692554440,0 0 4.0802558635394455,333 343 670
1772866195.706833812,0 0 4.1202558635394455,357 310 0
1772866196.014854688,0 0 4.1202558635394455,363 300 0
1772866196.069947410,0 0 4.1202558635394455,369 292 0
1772866196.252182135,0 0 4.1202558635394455,367 301 0
1772866196.438207261,0 0 4.1202558635394455,347 307 0
1772866196.872502191,0 0 4.240255863539446,366 300 0
1772866197.060462604,0 0 4.240255863539446,371 300 0
1772866197.102884676,0 0 4.270255863539446,371 300 0
1772866197.163285615,0 0 4.270255863539446,371 300 0
1772866197.205582113,0 0 4.210255863539445,374 300 0
1772866197.475368104,0 0 4.210255863539445,363 294 0
1772866197.578147576,0 0 4.210255863539445,357 291 0
1772866197.916503600,0 0 4.210255863539445,351 293 0
1772866198.129308968,0 0 4.180255863539446,351 298 0
1772866198.262462703,0 0 4.180255863539446,354 299 0
1772866198.295435899,0 0 4.1602558635394455,355 301 0
1772866198.437508052,0 0 4.1602558635394455,354 301 0
1772866198.440063790,0 0 4.1602558635394455,356 305 0
1772866198.443969851,0 0 4.1602558635394455,358 306 0
1772866198.800568552,0 0 4.1602558635394455,356 305 0
1772866198.806833156,0 0 4.1202558635394455,356 305 0
1772866198.893473309,0 0 4.1202558635394455,356 308 0
1772866198.974479647,0 0 4.030255863539446,354 309 0
1772866198.995424391,0 0 4.030255863539446,354 308 0
1772866199.103538262,0 0 3.960255863539446,356 310 0
1772866199.168157086,0 0 3.960255863539446,355 310 0
1772866199.198559964,0 0 3.940255863539446,355 311 0
1772866199.329750808,0 0 3.940255863539446,355 313 0
1772866199.346538054,0 0 3.940255863539446,356 317 0
1772866199.462108905,0 0 3.8602558635394457,355 319 0
1772866199.542944972,0 0 3.8602558635394457,351 319 0
1772866199.653690826,0 0 3.8602558635394457,350 322 678
1772866199.721563089,0 0 3.8602558635394457,350 322 679
1772866199.751921887,0 0 3.8602558635394457,348 319 680
1772866199.824272338,0 0 3.8602558635394457,350 324 679
1772866200.249323699,0 0 3.8602558635394457,345 312 684
1772866200.283403075,0 0 3.8802558635394457,344 311 684
1772866200.321302642,0 0 3.8802558635394457,344 308 686
1772866200.348223849,0 0 3.9002558635394458,344 308 686
1772866200.559898390,0 0 3.9002558635394458,354 287 0
1772866200.639632667,0 0 3.9002558635394458,355 283 0
1772866200.716536099,0 0 3.9002558635394458,356 274 0
1772866200.720405871,0 0 3.940255863539446,356 274 0
1772866201.269233778,0 0 3.940255863539446,357 274 726
1772866201.623823395,0 0 3.960255863539446,361 274 723
1772866201.731792882,0 0 3.9902558635394456,361 282 720
1772866202.028323709,0 0 3.9902558635394456,357 287 719
1772866202.099101333,0 0 3.9902558635394456,357 287 684
1772866202.324903769,0 0 3.9902558635394456,357 282 720
1772866202.341126766,0 0 4.000255863539445,357 282 720
1772866202.428460448,0 0 4.000255863539445,362 320 672
1772866202.439177453,0 0 4.000255863539445,362 320 672
1772866202.472474931,0 0 4.000255863539445,362 319 674
1772866202.568087288,0 0 4.000255863539445,359 321 676
1772866202.586669788,0 0 4.000255863539445,358 323 676
1772866202.670996554,0 0 3.9902558635394456,359 323 679
1772866202.788680419,0 0 3.9902558635394456,362 323 682
1772866202.793377884,0 0 3.9902558635394456,362 323 682
1772866202.804655767,0 0 3.9902558635394456,362 323 682
1772866202.839092749,0 0 3.9302558635394456,362 322 682
1772866202.895763645,0 0 3.9302558635394456,363 323 680
1772866202.988336296,0 0 3.9002558635394458,364 324 680
1772866202.992479758,0 0 3.9002558635394458,364 324 680
1772866203.326056904,0 0 3.8902558635394455,366 321 679
1772866203.328565230,0 0 3.8902558635394455,366 323 675
1772866203.383343596,0 0 3.8902558635394455,365 320 674
1772866203.431307435,0 0 3.8902558635394455,366 325 672
1772866203.492530687,0 0 3.8902558635394455,365 322 672
1772866203.672334128,0 0 3.8902558635394455,365 322 672
1772866203.676886021,0 0 3.8902558635394455,366 321 670
1772866203.893411914,0 0 3.8902558635394455,364 323 669
1772866204.050338364,0 0 3.8902558635394455,364 323 669
1772866204.053665592,0 0 3.9002558635394458,365 321 670
1772866204.114049825,0 0 3.9002558635394458,364 319 669
1772866204.212180901,0 0 3.9002558635394458,364 320 669
1772866204.366829686,0 0 3.9002558635394458,365 321 670
1772866204.477384610,0 0 3.9002558635394458,365 319 670
1772866204.497289439,0 0 3.9002558635394458,365 321 670
1772866204.815040841,0 0 3.9002558635394458,365 321 670
1772866205.034942983,0 0 3.9002558635394458,365 320 670
1772866205.080621865,0 0 3.9002558635394458,364 320 670
1772866205.098206231,0 0 3.9002558635394458,365 323 670
1772866205.422507711,0 0 3.9002558635394458,365 322 670
1772866205.426735085,0 0 3.9002558635394458,365 322 670
1772866205.530330793,0 0 3.9002558635394458,365 322 671
1772866205.911099366,0 0 3.9002558635394458,364 320 670
1772866206.181245318,0 0 3.9002558635394458,364 321 670
1772866206.228156203,0 0 3.9002558635394458,364 321 670
1772866206.598134808,0 0 3.9302558635394456,364 321 669
1772866206.904407065,0 0 3.9302558635394456,364 320 669
1772866206.969248294,0 0 3.9102558635394455,364 319 670
1772866207.017696782,0 0 3.9102558635394455,364 320 670
1772866207.239341532,0 0 3.9302558635394456,364 319 670
1772866207.277359118,0 0 3.9302558635394456,364 320 670
1772866207.581006794,0 0 3.9302558635394456,364 321 669
1772866207.629751389,0 0 3.9302558635394456,363 320 670
1772866207.645306358,0 0 3.9302558635394456,363 320 670
1772866207.693691686,0 0 3.9302558635394456,362 319 671
1772866207.862401422,0 0 3.9302558635394456,357 314 672
1772866207.888839640,0 0 3.9302558635394456,356 316 672
1772866207.980188587,0 0 3.940255863539446,353 316 674
1772866208.223199427,0 0 3.940255863539446,350 318 672
1772866208.233831486,0 0 3.960255863539446,350 318 672
1772866208.365887513,0 0 3.960255863539446,337 320 674
1772866208.578970500,0 0 3.9502558635394456,336 320 674
1772866208.982400914,0 0 3.9502558635394456,348 315 670
1772866209.035885066,0 0 3.9502558635394456,366 313 665
1772866209.112394802,0 0 3.9502558635394456,374 311 665
1772866209.403384741,0 0 3.9502558635394456,402 312 670
1772866210.113710216,0 0 3.9502558635394456,385 319 683
1772866210.399962132,0 0 3.9502558635394456,361 294 684
1772866210.466312699,0 0 3.9502558635394456,339 291 708
1772866210.691118462,0 0 3.980255863539446,329 296 680
1772866210.715901385,0 0 3.9902558635394456,329 296 680
1772866210.786773765,0 0 3.980255863539446,303 301 676
1772866210.837490864,0 0 3.980255863539446,286 291 679
1772866211.164027570,0 0 3.980255863539446,287 270 633
1772866211.169450073,0 0 3.980255863539446,287 270 633
1772866211.297767561,0 0 3.9502558635394456,291 268 622
1772866211.348040612,0 0 3.9502558635394456,294 271 617
1772866211.359886174,0 0 3.9902558635394456,295 270 617
1772866211.367504193,0 0 3.9902558635394456,295 270 617
1772866211.428457553,0 0 3.9902558635394456,295 268 619
1772866211.842257787,0 0 3.9902558635394456,302 279 642
1772866211.897403629,0 0 4.000255863539445,302 275 648
1772866211.983161995,0 0 4.000255863539445,302 275 648
1772866211.986280531,0 0 4.000255863539445,301 276 650
1772866211.988553833,0 0 4.000255863539445,301 276 650
1772866211.998245377,0 0 4.000255863539445,300 275 652
1772866212.079486643,0 0 4.000255863539445,296 278 647
1772866212.093677254,0 0 4.000255863539445,296 278 645
1772866212.391758914,0 0 4.000255863539445,299 275 641
1772866212.395818636,0 0 4.000255863539445,300 276 639
1772866212.465788926,0 0 4.000255863539445,298 274 641
1772866212.767986887,0 0 4.000255863539445,298 274 636
1772866212.773651415,0 0 4.000255863539445,298 274 636
1772866212.897175077,0 0 3.960255863539446,297 274 631
1772866213.114238010,0 0 3.960255863539446,299 273 631
1772866213.117376026,0 0 3.9502558635394456,299 273 632
1772866213.120462956,0 0 3.9502558635394456,301 272 633
1772866213.123053288,0 0 3.940255863539446,300 271 636
1772866213.134887537,0 0 3.940255863539446,300 271 638
1772866213.167113888,0 0 3.9502558635394456,301 271 636
1772866213.447876421,0 0 3.9502558635394456,302 272 638
1772866213.450005863,0 0 3.9502558635394456,302 272 640
1772866213.455953968,0 0 3.9502558635394456,302 273 641
1772866213.957752232,0 0 3.9502558635394456,302 272 646
1772866214.247135935,0 0 3.9502558635394456,304 271 0
1772866214.285509358,0 0 3.9502558635394456,304 269 0
1772866214.571738424,0 0 3.9502558635394456,302 268 0
1772866215.379594670,0 0 3.9502558635394456,302 271 650
1772866215.505252120,0 0 3.9502558635394456,303 272 651
1772866215.517697307,0 0 3.9502558635394456,303 272 651
1772866215.545994455,0 0 3.9502558635394456,304 272 0
1772866215.562635234,0 0 3.9502558635394456,303 272 652
1772866215.570361479,0 0 3.770255863539446,303 272 652
1772866215.591417690,0 0 3.770255863539446,303 272 652
1772866215.616596781,0 0 3.730255863539446,304 271 0
1772866215.622645723,0 0 3.730255863539446,304 271 0
1772866215.902932085,0 0 3.7002558635394456,303 272 652
1772866216.701447136,0 0 3.7002558635394456,306 270 0
1772866217.027333144,0 0 3.7002558635394456,306 268 0
1772866217.120178777,0 0 3.6602558635394455,306 270 636
1772866217.327979498,0 0 3.6402558635394455,307 269 0
1772866217.352263565,0 0 3.6402558635394455,307 269 0
1772866217.646859268,0 0 3.6202558635394455,307 271 0
1772866218.380477403,0 0 3.6202558635394455,307 270 0
1772866218.484340105,0 0 3.5802558635394455,306 272 0
1772866219.082980246,0 0 3.5802558635394455,305 271 0
1772866219.493325427,0 0 3.5802558635394455,304 272 0
1772866219.537506263,0 0 3.560255863539446,306 271 0
1772866220.504992217,0 0 3.560255863539446,344 276 638
1772866220.512764134,0 0 3.560255863539446,344 276 638
1772866221.930304206,0 0 3.560255863539446,348 260 0
1772866221.966365995,0 0 3.560255863539446,349 265 0
1772866222.185208037,0 0 3.560255863539446,350 273 0
1772866222.248308289,0 0 3.560255863539446,341 278 0
1772866222.532454990,0 0 3.460255863539446,335 275 0
1772866222.647619469,0 0 3.460255863539446,332 269 0
1772866222.880210959,0 0 3.460255863539446,332 268 0
1772866222.882305319,0 0 3.4702558635394456,332 268 0
1772866222.887890333,0 0 3.4702558635394456,330 267 0
1772866222.890020569,0 0 3.4702558635394456,331 266 0
1772866222.891830877,0 0 3.4902558635394456,332 264 0
1772866222.894462546,0 0 3.4902558635394456,332 264 0
1772866222.897332639,0 0 3.500255863539446,333 262 0
1772866222.899361371,0 0 3.500255863539446,336 264 0
1772866222.901676780,0 0 3.500255863539446,336 264 0
1772866222.903848183,0 0 3.5102558635394456,336 264 0
1772866222.905851956,0 0 3.5102558635394456,336 264 0
1772866223.019538514,0 0 3.520255863539446,341 283 0
1772866223.119404424,0 0 3.520255863539446,337 279 0
1772866223.252352448,0 0 3.5102558635394456,337 285 0
1772866223.337428836,0 0 3.5102558635394456,337 284 0
1772866223.491707345,0 0 3.520255863539446,338 279 0
1772866223.593522400,0 0 3.520255863539446,338 280 0
1772866223.655690002,0 0 3.5102558635394456,341 276 0
1772866223.658596055,0 0 3.5102558635394456,341 276 0
1772866223.961762023,0 0 3.5102558635394456,339 259 0
1772866224.048973567,0 0 3.5102558635394456,363 250 661
1772866224.175809154,0 0 3.5302558635394456,351 273 653
1772866224.202985456,0 0 3.5302558635394456,351 273 653
1772866224.975439684,0 0 3.5302558635394456,297 265 620
