time,roll,pitch,yaw,x,y,z
1774271230.5113037,0.0,0.0,0.0,0.011666666666666856,-0.018333333333333143,-0.013333333333333712
1774271230.520139,0.0,0.0,0.0,0.011666666666666856,-0.018333333333333143,-0.013333333333333712
1774271230.5276654,0.0,0.0,0.0,0.011666666666666856,-0.018333333333333143,-0.013333333333333712
1774271230.5435598,0.0,0.0,0.0,0.001666666666666856,-0.008333333333333144,0.01666666666666629
1774271230.560062,0.0,0.0,0.0,0.001666666666666856,-0.018333333333333143,-0.003333333333333712
1774271230.5768285,0.0,0.0,0.0,0.001666666666666856,-0.018333333333333143,-0.003333333333333712
1774271230.5914981,0.0,0.0,0.0,0.001666666666666856,-0.008333333333333144,-0.003333333333333712
1774271230.6071243,0.0,0.0,0.0,0.001666666666666856,-0.008333333333333144,-0.003333333333333712
1774271230.6258616,0.0,0.0,0.0,0.001666666666666856,-0.008333333333333144,-0.003333333333333712
1774271230.6416447,0.0,0.0,0.0,0.001666666666666856,-0.008333333333333144,-0.003333333333333712
1774271230.658253,0.0,0.0,0.0,-0.008333333333333144,-0.008333333333333144,0.01666666666666629
1774271230.6753767,0.0,0.0,0.0,-0.008333333333333144,-0.008333333333333144,0.01666666666666629
1774271230.715055,0.0,0.0,0.0,0.001666666666666856,-0.008333333333333144,0.01666666666666629
1774271230.7295358,0.0,0.0,0.0,0.011666666666666856,-0.008333333333333144,-0.003333333333333712
1774271230.746123,0.0,0.0,0.0,0.011666666666666856,-0.008333333333333144,-0.003333333333333712
1774271230.7620468,0.0,0.0,0.0,0.001666666666666856,-0.008333333333333144,-0.003333333333333712
1774271230.7776983,0.0,0.0,0.0,0.001666666666666856,-0.008333333333333144,-0.003333333333333712
1774271230.793618,0.0,0.0,0.0,0.001666666666666856,0.001666666666666856,-0.003333333333333712
1774271230.8095753,0.0,0.0,0.0,0.001666666666666856,0.001666666666666856,-0.003333333333333712
1774271230.8256662,0.0,0.0,0.0,0.011666666666666856,-0.008333333333333144,-0.003333333333333712
1774271230.8416953,0.0,0.0,0.0,0.011666666666666856,-0.008333333333333144,-0.003333333333333712
1774271230.8577485,0.0,0.0,0.0,0.001666666666666856,-0.008333333333333144,0.01666666666666629
1774271230.8734193,0.0,0.0,0.0,0.001666666666666856,-0.008333333333333144,0.01666666666666629
1774271230.8889928,0.0,0.0,0.0,0.001666666666666856,-0.008333333333333144,0.01666666666666629
1774271230.9054775,0.0,0.0,0.0,0.001666666666666856,-0.008333333333333144,0.01666666666666629
1774271230.9209044,0.0,0.0,0.0,0.001666666666666856,-0.008333333333333144,0.01666666666666629
1774271230.9373186,0.0,0.0,0.0,0.001666666666666856,-0.008333333333333144,0.01666666666666629
1774271230.9536881,0.0,0.0,0.0,0.001666666666666856,-0.008333333333333144,0.01666666666666629
1774271230.9701571,0.0,0.0,0.0,0.001666666666666856,-0.008333333333333144,0.01666666666666629
1774271230.9865835,0.0,0.0,0.0,0.001666666666666856,-0.008333333333333144,0.01666666666666629
1774271231.0019827,0.0,0.0,0.0,0.001666666666666856,-0.008333333333333144,0.01666666666666629
1774271231.0184789,0.0,0.0,0.0,0.001666666666666856,-0.008333333333333144,0.01666666666666629
1774271231.033929,0.0,0.0,0.0,0.001666666666666856,-0.008333333333333144,0.01666666666666629
1774271231.051363,0.0,0.0,0.0,0.001666666666666856,-0.008333333333333144,0.01666666666666629
1774271231.0844154,0.0,0.0,0.0,0.001666666666666856,-0.018333333333333143,-0.013333333333333712
1774271231.098937,0.0,0.0,0.0,0.001666666666666856,-0.018333333333333143,-0.013333333333333712
1774271231.1157389,0.0,0.0,0.0,0.001666666666666856,-0.018333333333333143,-0.013333333333333712
1774271231.1316588,0.0,0.0,0.0,-0.008333333333333144,-0.008333333333333144,0.01666666666666629
1774271231.1474097,0.0,0.0,0.0,-0.008333333333333144,-0.008333333333333144,0.01666666666666629
1774271231.1630492,0.0,0.0,0.0,0.011666666666666856,-0.008333333333333144,-0.013333333333333712
1774271231.1796005,0.0,0.0,0.0,0.011666666666666856,-0.008333333333333144,-0.013333333333333712
1774271231.1975288,0.0,0.0,0.0,0.001666666666666856,-0.008333333333333144,-0.003333333333333712
1774271231.2114568,0.0,0.0,0.0,0.001666666666666856,-0.008333333333333144,-0.003333333333333712
1774271231.228582,0.0,0.0,0.0,0.011666666666666856,-0.008333333333333144,-0.013333333333333712
1774271231.2434235,0.0,0.0,0.0,0.011666666666666856,-0.008333333333333144,-0.013333333333333712
1774271231.2593064,0.0,0.0,0.0,-0.008333333333333144,0.001666666666666856,0.01666666666666629
1774271231.275087,0.0,0.0,0.0,-0.008333333333333144,0.001666666666666856,0.01666666666666629
1774271231.2921264,0.0,0.0,0.0,0.001666666666666856,-0.008333333333333144,-0.003333333333333712
1774271231.307946,0.0,0.0,0.0,0.001666666666666856,-0.008333333333333144,-0.003333333333333712
1774271231.3235872,0.0,0.0,0.0,0.011666666666666856,0.001666666666666856,-0.003333333333333712
1774271231.33953,0.0,0.0,0.0,0.011666666666666856,0.001666666666666856,-0.003333333333333712
1774271231.355128,0.0,0.0,0.0,0.011666666666666856,0.001666666666666856,-0.003333333333333712
1774271231.3731453,0.0,0.0,0.0,-0.008333333333333144,0.001666666666666856,0.026666666666666287
1774271231.3899307,0.0,0.0,0.0,0.011666666666666856,-0.018333333333333143,-0.013333333333333712
1774271231.4199684,0.0,0.0,0.0,0.011666666666666856,-0.018333333333333143,-0.013333333333333712
1774271231.435449,0.0,0.0,0.0,0.001666666666666856,0.001666666666666856,-0.003333333333333712
1774271231.4513528,0.0,0.0,0.0,0.001666666666666856,0.001666666666666856,-0.003333333333333712
1774271231.4669957,0.0,0.0,0.0,0.001666666666666856,0.001666666666666856,-0.003333333333333712
1774271231.4836094,0.0,0.0,0.0,0.001666666666666856,0.001666666666666856,-0.003333333333333712
1774271231.4992337,0.0,0.0,0.0,-0.008333333333333144,0.011666666666666856,0.026666666666666287
1774271231.5161662,0.0,0.0,0.0,-0.008333333333333144,0.011666666666666856,0.026666666666666287
1774271231.5331182,0.0,0.0,0.0,0.001666666666666856,0.001666666666666856,-0.003333333333333712
1774271231.549765,0.0,0.0,0.0,0.001666666666666856,0.001666666666666856,-0.003333333333333712
1774271231.5663211,0.0,0.0,0.0,0.001666666666666856,0.001666666666666856,-0.003333333333333712
1774271231.5818694,0.0,0.0,0.0,0.001666666666666856,0.001666666666666856,-0.003333333333333712
1774271231.598378,0.0,0.0,0.0,0.001666666666666856,0.001666666666666856,-0.003333333333333712
1774271231.613817,0.0,0.0,0.0,0.001666666666666856,0.001666666666666856,-0.003333333333333712
1774271231.6301563,0.0,0.0,0.0,0.001666666666666856,0.001666666666666856,-0.003333333333333712
1774271231.6465135,0.0,0.0,0.0,0.001666666666666856,0.001666666666666856,-0.003333333333333712
1774271231.6629753,0.0,0.0,0.0,0.001666666666666856,0.001666666666666856,-0.003333333333333712
1774271231.679514,0.0,0.0,0.0,0.001666666666666856,0.001666666666666856,-0.003333333333333712
1774271231.6949663,0.0,0.0,0.0,0.001666666666666856,0.001666666666666856,-0.003333333333333712
1774271231.7112668,0.0,0.0,0.0,0.001666666666666856,0.001666666666666856,-0.003333333333333712
1774271231.726738,0.0,0.0,0.0,0.001666666666666856,0.001666666666666856,-0.003333333333333712
1774271231.7674885,0.0,0.0,0.0,0.001666666666666856,0.001666666666666856,-0.003333333333333712
1774271231.7832522,0.0,0.0,0.0,0.001666666666666856,0.001666666666666856,-0.003333333333333712
1774271231.798193,0.0,0.0,0.0,-0.008333333333333144,0.001666666666666856,0.01666666666666629
1774271231.813838,0.0,0.0,0.0,-0.008333333333333144,0.001666666666666856,0.01666666666666629
1774271231.831466,0.0,0.0,0.0,0.001666666666666856,-0.008333333333333144,-0.003333333333333712
1774271231.8472612,0.0,0.0,0.0,0.001666666666666856,-0.008333333333333144,-0.003333333333333712
1774271231.8627827,0.0,0.0,0.0,0.001666666666666856,-0.008333333333333144,0.01666666666666629
1774271231.879354,0.0,0.0,0.0,0.001666666666666856,-0.008333333333333144,0.01666666666666629
1774271231.8950121,0.0,0.0,0.0,-0.008333333333333144,0.001666666666666856,-0.003333333333333712
1774271232.0906487,0.0,0.0,0.0,-0.008333333333333144,0.021666666666666858,0.01666666666666629
1774271232.1064823,0.0,0.0,0.0,0.001666666666666856,0.011666666666666856,-0.003333333333333712
1774271232.136888,0.0,0.0,0.0,0.001666666666666856,0.011666666666666856,-0.003333333333333712
1774271232.1536853,0.0,0.0,0.0,0.001666666666666856,0.011666666666666856,-0.003333333333333712
1774271232.1693234,0.0,0.0,0.0,0.001666666666666856,-0.008333333333333144,-0.003333333333333712
1774271232.1852162,0.0,0.0,0.0,0.001666666666666856,-0.008333333333333144,-0.003333333333333712
1774271232.2010124,0.0,0.0,0.0,-0.008333333333333144,-0.008333333333333144,0.01666666666666629
1774271232.2176392,0.0,0.0,0.0,-0.008333333333333144,-0.008333333333333144,0.01666666666666629
1774271232.2333689,0.0,0.0,0.0,-0.008333333333333144,0.011666666666666856,0.01666666666666629
1774271232.249209,0.0,0.0,0.0,-0.008333333333333144,0.011666666666666856,0.01666666666666629
1774271232.265081,0.0,0.0,0.0,-0.008333333333333144,-0.008333333333333144,0.01666666666666629
1774271232.3051538,0.0,0.0,0.0,-0.008333333333333144,-0.008333333333333144,0.01666666666666629
1774271232.3059022,0.0,0.0,0.0,-0.008333333333333144,-0.008333333333333144,0.01666666666666629
1774271232.322699,0.0,0.0,0.0,-0.008333333333333144,-0.008333333333333144,0.01666666666666629
1774271232.338115,0.0,0.0,0.0,-0.008333333333333144,-0.018333333333333143,0.01666666666666629
1774271232.3536112,0.0,0.0,0.0,-0.008333333333333144,-0.018333333333333143,0.01666666666666629
1774271232.370258,0.0,0.0,0.0,-0.008333333333333144,-0.008333333333333144,0.01666666666666629
1774271232.3873365,0.0,0.0,0.0,-0.008333333333333144,-0.008333333333333144,0.01666666666666629
1774271232.4030602,0.0,0.0,0.0,-0.008333333333333144,-0.008333333333333144,0.026666666666666287
1774271232.4187698,0.0,0.0,0.0,-0.008333333333333144,-0.008333333333333144,0.026666666666666287
1774271232.4352088,0.0,0.0,0.0,-0.008333333333333144,0.001666666666666856,0.01666666666666629
1774271232.4507952,0.0,0.0,0.0,-0.008333333333333144,0.001666666666666856,0.01666666666666629
1774271232.4862924,0.0,0.0,0.0,0.001666666666666856,0.021666666666666858,0.01666666666666629
1774271232.5017252,0.0,0.0,0.0,0.001666666666666856,0.001666666666666856,0.01666666666666629
1774271232.5186257,0.0,0.0,0.0,0.001666666666666856,0.001666666666666856,0.01666666666666629
1774271232.5341425,0.0,0.0,0.0,0.001666666666666856,0.001666666666666856,0.01666666666666629
1774271232.5500453,0.0,0.0,0.0,0.001666666666666856,0.001666666666666856,0.01666666666666629
1774271232.5681434,0.0,0.0,0.0,-0.018333333333333143,0.011666666666666856,0.026666666666666287
1774271232.5827322,0.0,0.0,0.0,-0.018333333333333143,0.011666666666666856,0.026666666666666287
1774271232.599152,0.0,0.0,0.0,-0.018333333333333143,0.011666666666666856,0.026666666666666287
1774271232.614471,0.0,0.0,0.0,-0.018333333333333143,0.011666666666666856,0.026666666666666287
1774271232.6308012,0.0,0.0,0.0,-0.018333333333333143,0.011666666666666856,0.026666666666666287
1774271232.6473982,0.0,0.0,0.0,-0.018333333333333143,0.011666666666666856,0.026666666666666287
1774271232.6628175,0.0,0.0,0.0,-0.018333333333333143,0.011666666666666856,0.026666666666666287
1774271232.6792314,0.0,0.0,0.0,-0.018333333333333143,0.011666666666666856,0.026666666666666287
1774271232.694765,0.0,0.0,0.0,-0.018333333333333143,0.011666666666666856,0.026666666666666287
1774271232.711116,0.0,0.0,0.0,-0.018333333333333143,0.011666666666666856,0.026666666666666287
1774271232.7264624,0.0,0.0,0.0,-0.018333333333333143,0.011666666666666856,0.026666666666666287
1774271232.7427883,0.0,0.0,0.0,-0.018333333333333143,0.011666666666666856,0.026666666666666287
1774271232.7593677,0.0,0.0,0.0,-0.018333333333333143,0.011666666666666856,0.026666666666666287
1774271232.7751396,0.0,0.0,0.0,0.011666666666666856,-0.008333333333333144,-0.003333333333333712
1774271232.7910388,0.0,0.0,0.0,0.011666666666666856,-0.008333333333333144,-0.003333333333333712
1774271232.8077621,0.0,0.0,0.0,0.011666666666666856,-0.008333333333333144,-0.003333333333333712
1774271232.8234692,0.0,0.0,0.0,0.011666666666666856,-0.008333333333333144,-0.003333333333333712
1774271232.8401158,0.0,0.0,0.0,-0.028333333333333145,-0.028333333333333145,-0.003333333333333712
1774271232.8556933,0.0,0.0,0.0,-0.028333333333333145,-0.028333333333333145,-0.003333333333333712
1774271232.8728452,0.0,0.0,0.0,-0.048333333333333145,-0.028333333333333145,-0.013333333333333712
1774271232.8887265,0.0,0.0,0.0,-0.048333333333333145,-0.028333333333333145,-0.013333333333333712
1774271232.9045181,0.0,0.0,0.0,-0.06833333333333315,-0.03833333333333314,-0.003333333333333712
1774271232.9216394,0.0,0.0,0.0,-0.06833333333333315,-0.03833333333333314,-0.003333333333333712
1774271232.936426,0.0,0.0,0.0,-0.07833333333333314,-0.03833333333333314,-0.013333333333333712
1774271232.9520705,0.0,0.0,0.0,-0.07833333333333314,-0.03833333333333314,-0.013333333333333712
1774271232.9676197,0.0,0.0,0.0,-0.08833333333333314,-0.028333333333333145,-0.033333333333333715
1774271232.9845257,0.0,0.0,0.0,-0.08833333333333314,-0.028333333333333145,-0.033333333333333715
1774271233.0002825,0.0,0.0,0.0,-0.10833333333333314,-0.018333333333333143,-0.043333333333333716
1774271233.0161748,0.0,0.0,0.0,-0.10833333333333314,-0.018333333333333143,-0.043333333333333716
1774271233.0322034,0.0,0.0,0.0,-0.14833333333333315,-0.03833333333333314,-0.013333333333333712
1774271233.0500286,0.0,0.0,0.0,-0.14833333333333315,-0.03833333333333314,-0.013333333333333712
1774271233.0637736,0.0,0.0,0.0,-0.17833333333333315,-0.03833333333333314,-0.033333333333333715
1774271233.0804896,0.0,0.0,0.0,-0.17833333333333315,-0.03833333333333314,-0.033333333333333715
1774271233.0962539,0.0,0.0,0.0,-0.21833333333333316,-0.048333333333333145,-0.033333333333333715
1774271233.1148577,0.0,0.0,0.0,-0.21833333333333316,-0.048333333333333145,-0.033333333333333715
1774271233.1517026,0.0,0.0,0.0,-0.22833333333333314,-0.048333333333333145,-0.05333333333333371
1774271233.1683466,0.0,0.0,0.0,-0.26833333333333315,-0.03833333333333314,-0.05333333333333371
1774271233.184074,0.0,0.0,0.0,-0.26833333333333315,-0.03833333333333314,-0.05333333333333371
1774271233.1997375,0.0,0.0,0.0,-0.3083333333333331,-0.03833333333333314,-0.05333333333333371
1774271233.2163064,0.0,0.0,0.0,-0.3083333333333331,-0.03833333333333314,-0.05333333333333371
1774271233.2319267,0.0,0.0,0.0,-0.32833333333333314,-0.028333333333333145,-0.05333333333333371
1774271233.2474453,0.0,0.0,0.0,-0.32833333333333314,-0.028333333333333145,-0.05333333333333371
1774271233.2641613,0.0,0.0,0.0,-0.35833333333333317,-0.028333333333333145,-0.05333333333333371
1774271233.2796867,0.0,0.0,0.0,-0.35833333333333317,-0.028333333333333145,-0.05333333333333371
1774271233.4829435,0.0,0.0,0.0,-0.4883333333333332,0.001666666666666856,-0.07333333333333371
1774271233.4981072,0.0,0.0,0.0,-0.5083333333333332,0.011666666666666856,-0.07333333333333371
1774271233.530464,0.0,0.0,0.0,-0.5083333333333332,0.011666666666666856,-0.07333333333333371
1774271233.5442731,0.0,0.0,0.0,-0.4883333333333332,0.021666666666666858,-0.05333333333333371
1774271233.5612793,0.0,0.0,0.0,-0.47833333333333317,0.021666666666666858,-0.05333333333333371
1774271233.5763407,0.0,0.0,0.0,-0.47833333333333317,0.021666666666666858,-0.05333333333333371
1774271233.5920775,0.0,0.0,0.0,-0.47833333333333317,0.001666666666666856,-0.07333333333333371
1774271233.6077085,0.0,0.0,0.0,-0.47833333333333317,0.001666666666666856,-0.07333333333333371
1774271233.624386,0.0,0.0,0.0,-0.44833333333333314,0.001666666666666856,-0.08333333333333372
1774271233.640407,0.0,0.0,0.0,-0.44833333333333314,0.001666666666666856,-0.08333333333333372
1774271233.655801,0.0,0.0,0.0,-0.44833333333333314,0.001666666666666856,-0.08333333333333372
1774271233.6722593,0.0,0.0,0.0,-0.44833333333333314,0.001666666666666856,-0.08333333333333372
1774271233.6886926,0.0,0.0,0.0,-0.44833333333333314,0.001666666666666856,-0.08333333333333372
1774271233.7051895,0.0,0.0,0.0,-0.44833333333333314,0.001666666666666856,-0.08333333333333372
1774271233.7215874,0.0,0.0,0.0,-0.44833333333333314,0.001666666666666856,-0.08333333333333372
1774271233.7379456,0.0,0.0,0.0,-0.44833333333333314,0.001666666666666856,-0.08333333333333372
1774271233.7534564,0.0,0.0,0.0,-0.44833333333333314,0.001666666666666856,-0.08333333333333372
1774271233.7699294,0.0,0.0,0.0,-0.44833333333333314,0.001666666666666856,-0.08333333333333372
1774271233.785772,0.0,0.0,0.0,-0.44833333333333314,0.001666666666666856,-0.08333333333333372
1774271233.802206,0.0,0.0,0.0,-0.44833333333333314,0.001666666666666856,-0.08333333333333372
1774271233.8186345,0.0,0.0,0.0,-0.44833333333333314,0.001666666666666856,-0.08333333333333372
1774271233.8352816,0.0,0.0,0.0,-0.44833333333333314,0.001666666666666856,-0.08333333333333372
1774271233.8730717,0.0,0.0,0.0,-0.44833333333333314,-0.008333333333333144,-0.08333333333333372
1774271233.887634,0.0,0.0,0.0,-0.44833333333333314,-0.008333333333333144,-0.08333333333333372
1774271233.9044182,0.0,0.0,0.0,-0.44833333333333314,-0.008333333333333144,-0.08333333333333372
1774271233.9199984,0.0,0.0,0.0,-0.44833333333333314,-0.008333333333333144,-0.08333333333333372
1774271233.9357746,0.0,0.0,0.0,-0.20833333333333315,-0.08833333333333314,-0.09333333333333371
1774271233.952688,0.0,0.0,0.0,-0.20833333333333315,-0.08833333333333314,-0.09333333333333371
1774271233.9694993,0.0,0.0,0.0,-0.14833333333333315,-0.09833333333333315,-0.09333333333333371
1774271233.9868283,0.0,0.0,0.0,-0.14833333333333315,-0.09833333333333315,-0.09333333333333371
1774271234.0013504,0.0,0.0,0.0,-0.10833333333333314,-0.10833333333333314,-0.11333333333333372
1774271234.017935,0.0,0.0,0.0,-0.10833333333333314,-0.10833333333333314,-0.11333333333333372
1774271234.0334923,0.0,0.0,0.0,-0.05833333333333315,-0.12833333333333313,-0.11333333333333372
1774271234.138934,0.0,0.0,0.0,0.11166666666666686,-0.16833333333333314,-0.08333333333333372
1774271234.1400917,0.0,0.0,0.0,0.11166666666666686,-0.16833333333333314,-0.08333333333333372
1774271234.1568048,-0.21810521576448424,-0.13555546804995,2.2427241007487368e-08,0.11166666666666686,-0.16833333333333314,-0.08333333333333372
1774271234.1742077,-0.4220111057884244,-0.25272271522849865,2.913475036621207e-08,0.17166666666666686,-0.18833333333333316,-0.07333333333333371
1774271234.1888354,-0.5952870414566915,-0.34727727443441764,3.319581349690887e-08,0.17166666666666686,-0.18833333333333316,-0.07333333333333371
1774271234.2042851,-0.9113093218968085,-0.5106543042026869,7.25746154785179e-08,0.25166666666666687,-0.20833333333333315,-0.07333333333333371
1774271234.2426527,-1.3086119238662426,-0.7095623183721038,7.831255594889588e-08,0.3216666666666669,-0.21833333333333316,-0.043333333333333716
1774271234.2560954,-1.3995468348229376,-0.7616763162105583,9.5971425374352e-08,0.3216666666666669,-0.21833333333333316,-0.043333333333333716
1774271234.2725906,-1.4825210996479776,-0.8033194255673023,1.1839866638183936e-07,0.40166666666666684,-0.24833333333333316,-0.05333333333333371
1774271234.2889965,-1.5578303500994268,-0.8411156506305855,1.248439153035518e-07,0.40166666666666684,-0.24833333333333316,-0.05333333333333371
1774271234.304778,-1.6319024481131676,-0.881219301220585,1.5203952789307041e-07,0.47166666666666685,-0.26833333333333315,-0.043333333333333716
1774271234.3204002,-1.7607949534626022,-0.973199914825341,1.3490517934163884e-07,0.47166666666666685,-0.26833333333333315,-0.043333333333333716
1774271234.337082,-1.8216121214567544,-1.0008780115500686,1.270453135172575e-07,0.5416666666666669,-0.27833333333333315,-0.043333333333333716
1774271234.3697188,-1.9171626991837296,-1.0555236332781328,1.3039906819661986e-07,0.5416666666666669,-0.27833333333333315,-0.043333333333333716
1774271234.3867822,-1.9952410056954728,-1.1108913787767871,1.2589295705160088e-07,0.6116666666666669,-0.2983333333333332,-0.043333333333333716
1774271234.4023476,-2.0288677774553503,-1.1201546521548031,1.2041727701823517e-07,0.6516666666666668,-0.3083333333333331,-0.033333333333333715
1774271234.419334,-2.0648397319824663,-1.1401067802373086,1.3330777486166003e-07,0.6516666666666668,-0.3083333333333331,-0.033333333333333715
1774271234.434956,-2.1042444623180314,-1.1468943722025629,1.349846522013412e-07,0.6916666666666669,-0.32833333333333314,-0.033333333333333715
1774271234.450626,-2.1380005471743817,-1.1922420184789124,1.5122890472412842e-07,0.6916666666666669,-0.32833333333333314,-0.033333333333333715
1774271234.4672499,-2.1525153893567412,-1.2175576925676206,1.5935103098552203e-07,0.7316666666666669,-0.31833333333333313,-0.013333333333333712
1774271234.4840293,-2.1659164344160873,-1.2347669602016111,1.6747315724691563e-07,0.7316666666666669,-0.31833333333333313,-0.013333333333333712
1774271234.4995432,-2.171960082411482,-1.2561551336783925,1.7153422037761243e-07,0.7716666666666668,-0.33833333333333315,-0.043333333333333716
1774271234.5159733,-2.1877233865712005,-1.2703418705160612,1.884857813517341e-07,0.7716666666666668,-0.33833333333333315,-0.043333333333333716
1774271234.531964,-2.203761949894089,-1.2826693088092804,1.9183953603109645e-07,0.8016666666666669,-0.32833333333333314,-0.043333333333333716
1774271234.5499732,-2.2178563934962505,-1.2994831696514197,1.7541249593099933e-07,0.8016666666666669,-0.32833333333333314,-0.043333333333333716
1774271234.5635948,-2.2313514428601757,-1.2974656252842904,1.7470518747966488e-07,0.7916666666666669,-0.27833333333333315,-0.043333333333333716
1774271234.580482,-2.2426776615752724,-1.2951019263719146,1.7876625061036168e-07,0.7916666666666669,-0.27833333333333315,-0.043333333333333716
1774271234.597567,-2.262496544999614,-1.3077266903315559,2.1240711212159273e-07,0.7916666666666669,-0.24833333333333316,-0.043333333333333716
1774271234.6133976,-2.2713932404190444,-1.3164647637971008,2.045472462972114e-07,0.7916666666666669,-0.24833333333333316,-0.043333333333333716
1774271234.6303985,-2.2856025026501707,-1.3127394331217879,2.12669372558605e-07,0.7916666666666669,-0.24833333333333316,-0.043333333333333716
1774271234.6461232,-2.2923557546141593,-1.3230318795604212,1.7504692077637951e-07,0.7916666666666669,-0.24833333333333316,-0.043333333333333716
1774271234.661726,-2.3041486698649285,-1.3243204986957902,1.6718705495199818e-07,0.7916666666666669,-0.32833333333333314,-0.05333333333333371
1774271234.8598797,-2.379369171305597,-1.334885048283274,1.4059543609620652e-07,0.7916666666666669,-0.32833333333333314,-0.05333333333333371
1774271234.8757594,-2.383352071813006,-1.3352136627491766,1.5277862548829693e-07,0.8016666666666669,-0.34833333333333316,-0.08333333333333372
1774271234.905243,-2.3810778979981673,-1.3355175587025276,1.5922387441000936e-07,0.8016666666666669,-0.34833333333333316,-0.08333333333333372
1774271234.922169,-2.3524055650804794,-1.3361868468770453,1.652240753173996e-07,0.8016666666666669,-0.34833333333333316,-0.08333333333333372
1774271234.9384055,-2.3527455936681063,-1.3421548804807462,1.5736420949301828e-07,0.8016666666666669,-0.34833333333333316,-0.08333333333333372
1774271234.9544113,-2.3594150954008275,-1.3596274879929189,1.321077346801931e-07,0.8016666666666669,-0.34833333333333316,-0.08333333333333372
1774271234.9712837,-2.3831662608823043,-1.3791797221892586,1.428763071696146e-07,0.36166666666666686,-0.26833333333333315,-0.033333333333333715
1774271234.9881127,-2.398333993491888,-1.369366938002738,1.4623006184897696e-07,0.36166666666666686,-0.26833333333333315,-0.033333333333333715
1774271235.0043054,-2.400303700231725,-1.3781489940672995,4.714250564575438e-07,0.30166666666666686,-0.25833333333333314,-0.013333333333333712
1774271235.0211465,-2.3959634895086364,-1.3800906943232139,4.754861195882406e-07,0.30166666666666686,-0.25833333333333314,-0.013333333333333712
1774271235.0389464,-2.3837403242090387,-1.3675400167840834,4.6382745107017473e-07,0.20166666666666686,-0.23833333333333315,0.036666666666666285
1774271235.0548716,-2.3696526652759675,-1.3648656664346288,4.655043284098559e-07,0.20166666666666686,-0.23833333333333315,0.036666666666666285
1774271235.0685298,-2.356625640952724,-1.362298648308616,4.5764446258547457e-07,0.20166666666666686,-0.23833333333333315,0.036666666666666285
1774271235.0850575,-2.350456623184711,-1.353933227075185,4.5764446258547457e-07,0.20166666666666686,-0.23833333333333315,0.036666666666666285
1774271235.1014946,-2.331125546544753,-1.3577812962549778,4.5216878255210887e-07,0.20166666666666686,-0.23833333333333315,0.036666666666666285
1774271235.1178885,-2.328013504509896,-1.3738217725085355,4.514614741007744e-07,0.20166666666666686,-0.23833333333333315,0.036666666666666285
1774271235.13444,-2.32473445304468,-1.3645287351841282,4.436016082763931e-07,0.20166666666666686,-0.23833333333333315,0.036666666666666285
1774271235.150912,-2.3276524137220234,-1.3501987508589428,4.040400187174742e-07,0.20166666666666686,-0.23833333333333315,0.036666666666666285
1774271235.1673784,-2.327244967963345,-1.3309973849283747,3.8832028706871153e-07,0.20166666666666686,-0.23833333333333315,0.036666666666666285
1774271235.1838014,-2.335573301488254,-1.3255210164143199,3.8690567016604263e-07,0.20166666666666686,-0.23833333333333315,0.036666666666666285
1774271235.199352,-2.3431401034341084,-1.3087703518544873,3.8381417592369255e-07,0.20166666666666686,-0.23833333333333315,0.036666666666666285
1774271235.2159784,-2.362018716162024,-1.2995844958584994,3.8381417592369255e-07,0.20166666666666686,-0.23833333333333315,0.036666666666666285
1774271235.2317116,-2.3780090295752854,-1.294637482733881,3.6571025848391426e-07,0.20166666666666686,-0.23833333333333315,0.036666666666666285
1774271235.2474468,-2.3759903080994045,-1.292668622262856,3.721555074056267e-07,0.14166666666666686,-0.22833333333333314,0.036666666666666285
1774271235.2808807,-2.3612273426237436,-1.305842632537307,3.707408905029578e-07,0.14166666666666686,-0.22833333333333314,0.036666666666666285
1774271235.2974846,-2.3709877860996222,-1.3161250777299,3.788630167643514e-07,-0.17833333333333315,-0.17833333333333315,0.05666666666666629
1774271235.3142025,-2.364211174931281,-1.3183352825367416,3.838936487833949e-07,-0.17833333333333315,-0.17833333333333315,0.05666666666666629
1774271235.3314388,-2.346286802411077,-1.314458798405763,3.5316149393720403e-07,-0.19833333333333314,-0.16833333333333314,0.036666666666666285
1774271235.347203,-2.3322348692862285,-1.295556968863072,3.574848175049131e-07,-0.19833333333333314,-0.16833333333333314,0.036666666666666285
1774271235.365206,-2.3400896027806106,-1.3051463253311588,3.5130182902021295e-07,-0.21833333333333316,-0.15833333333333316,0.026666666666666287
1774271235.550664,-2.3559852026835353,-1.3118002443939103,3.9765040079755896e-07,-0.21833333333333316,-0.13833333333333314,0.026666666666666287
1774271235.5665464,-2.356252636513767,-1.302484734361,4.296143849691088e-07,-0.20833333333333315,-0.11833333333333315,0.036666666666666285
1774271235.58207,-2.3616389141346126,-1.3112972309551079,4.5204162597659615e-07,-0.20833333333333315,-0.11833333333333315,0.036666666666666285
1774271235.599001,-2.3609000522646455,-1.3266666494101405,5.498727162679392e-07,-0.20833333333333315,-0.11833333333333315,0.036666666666666285
1774271235.6145818,-2.3533678873066113,-1.3210601225884442,5.498727162679392e-07,-0.20833333333333315,-0.11833333333333315,0.036666666666666285
1774271235.630539,-2.3479777005381273,-1.322678413548503,6.049712498983109e-07,-0.20833333333333315,-0.11833333333333315,0.036666666666666285
1774271235.646233,-2.354390147972893,-1.3120820321923314,6.209532419840858e-07,-0.20833333333333315,-0.11833333333333315,0.036666666666666285
1774271235.6630042,-2.365170036142375,-1.3104597101995599,6.188313166300825e-07,-0.08833333333333314,-0.14833333333333315,0.07666666666666629
1774271235.678716,-2.369978604394603,-1.312777240032648,6.412585576375699e-07,-0.08833333333333314,-0.14833333333333315,0.07666666666666629
1774271235.6942303,-2.369178907945937,-1.3211841560195254,6.636857986450572e-07,-0.05833333333333315,-0.14833333333333315,0.09666666666666629
1774271235.7110314,-2.3668546961621226,-1.323421894756932,6.789604822794978e-07,-0.05833333333333315,-0.14833333333333315,0.09666666666666629
1774271235.7265716,-2.365625313071109,-1.3186530826657261,6.95204734802285e-07,-0.05833333333333315,-0.14833333333333315,0.09666666666666629
1774271235.74218,-2.3642613503458976,-1.3200813682019719,6.849606831868881e-07,-0.05833333333333315,-0.14833333333333315,0.09666666666666629
1774271235.7588809,-2.369890751613924,-1.3160218943316502,6.930828094482817e-07,-0.05833333333333315,-0.14833333333333315,0.09666666666666629
1774271235.7744477,-2.3745115813771935,-1.312067900894057,6.971438725789785e-07,-0.05833333333333315,-0.14833333333333315,0.09666666666666629
1774271235.7909927,-2.3826980256749506,-1.339060842379306,7.195711135864659e-07,-0.05833333333333315,-0.14833333333333315,0.09666666666666629
1774271235.8074412,-2.3858823485044582,-1.338728048922105,7.467667261759845e-07,-0.05833333333333315,-0.14833333333333315,0.09666666666666629
1774271235.8239512,-2.383117225481345,-1.350352296343324,7.484436035156657e-07,-0.05833333333333315,-0.14833333333333315,0.09666666666666629
1774271235.840561,-2.369579511468074,-1.3436510104922823,7.453521092733156e-07,-0.05833333333333315,-0.14833333333333315,0.09666666666666629
1774271235.8561969,-2.3616258984492684,-1.3370006155026544,7.742245992025154e-07,-0.05833333333333315,-0.14833333333333315,0.09666666666666629
1774271235.8728447,-2.349593918937362,-1.325365656112517,7.935603459676527e-07,-0.05833333333333315,-0.14833333333333315,0.09666666666666629
1774271235.8883846,-2.332295800368116,-1.3263237423805156,7.904688517253026e-07,-0.05833333333333315,-0.14833333333333315,0.09666666666666629
1774271235.9049275,-2.32908792516562,-1.3334847025898746,7.652123769124775e-07,-0.03833333333333314,-0.13833333333333314,0.09666666666666629
1774271235.9423761,-2.3313855428178183,-1.3511558739883422,7.044553756714302e-07,-0.03833333333333314,-0.13833333333333314,0.09666666666666629
1774271235.9591956,-2.347562341026287,-1.3427676915305822,7.006565729777456e-07,-0.03833333333333314,-0.13833333333333314,0.09666666666666629
1774271235.9762876,-2.366269849299693,-1.336463121700545,7.118701934814893e-07,0.11166666666666686,-0.17833333333333315,0.06666666666666629
1774271235.9930027,-2.377347027711082,-1.3425319713183748,7.111628850301548e-07,0.12166666666666685,-0.17833333333333315,0.05666666666666629
1774271236.0096674,-2.3876391760724265,-1.3540709683919745,7.12839762369836e-07,0.12166666666666685,-0.17833333333333315,0.05666666666666629
1774271236.027422,-2.377172044124061,-1.3457260278413155,7.297913233439577e-07,0.12166666666666685,-0.18833333333333316,0.036666666666666285
1774271236.041221,-2.369580598185908,-1.3450633767957292,7.348219553630012e-07,0.12166666666666685,-0.18833333333333316,0.036666666666666285
1774271236.0577445,-2.3685855293137563,-1.3385642074215562,8.028109868367978e-07,0.12166666666666685,-0.18833333333333316,0.036666666666666285
1774271236.2428343,-2.3199726526552955,-1.3348939388862693,8.420070012410971e-07,0.12166666666666685,-0.17833333333333315,0.026666666666666287
1774271236.2588325,-2.3325992077771978,-1.3304252366762397,8.328119913737491e-07,0.11166666666666686,-0.19833333333333314,0.026666666666666287
1774271236.2743275,-2.3325992077771978,-1.3304252366762397,8.328119913737491e-07,0.11166666666666686,-0.19833333333333314,0.026666666666666287
1774271236.2913084,-2.3352641617486407,-1.3254158023441984,8.409341176351427e-07,0.11166666666666686,-0.19833333333333314,0.026666666666666287
1774271236.308223,-2.3504848402208354,-1.3273157333526724,8.593002955119333e-07,0.11166666666666686,-0.19833333333333314,0.026666666666666287
1774271236.3247843,-2.356184249461245,-1.3340084052172163,8.547941843669143e-07,0.11166666666666686,-0.19833333333333314,0.026666666666666287
1774271236.3406649,-2.361825442517865,-1.3341437781235137,8.383671442668172e-07,0.08166666666666686,-0.21833333333333316,-0.043333333333333716
1774271236.3563836,-2.367198162925751,-1.3226207010495166,8.42428207397514e-07,0.08166666666666686,-0.21833333333333316,-0.043333333333333716
1774271236.3724518,-2.3715804984925812,-1.317785196570522,8.488734563192264e-07,0.08166666666666686,-0.21833333333333316,-0.043333333333333716
1774271236.3881836,-2.380674055214164,-1.3223413226216074,9.175697962443572e-07,0.08166666666666686,-0.21833333333333316,-0.043333333333333716
1774271236.405135,-2.384279062564094,-1.335476843141182,9.399970372518445e-07,0.061666666666666856,-0.20833333333333315,-0.033333333333333715
1774271236.4207695,-2.3875783125859,-1.317938780690045,9.512106577555882e-07,0.061666666666666856,-0.20833333333333315,-0.033333333333333715
1774271236.4364228,-2.3849189144951013,-1.3139479222864705,9.736378987630756e-07,0.03166666666666686,-0.20833333333333315,0.036666666666666285
1774271236.4527965,-2.381770970033128,-1.3099224670649092,9.681622187297098e-07,0.03166666666666686,-0.20833333333333315,0.036666666666666285
1774271236.4683955,-2.3825661873212503,-1.3146881597556943,9.62686538696344e-07,0.021666666666666858,-0.18833333333333316,0.05666666666666629
1774271236.484519,-2.3744700938629886,-1.3227879727719154,9.572108586629783e-07,0.021666666666666858,-0.18833333333333316,0.05666666666666629
1774271236.5009222,-2.384549378054678,-1.324093344655014,9.407838185628813e-07,0.011666666666666856,-0.19833333333333314,0.06666666666666629
1774271236.5166574,-2.382414982546753,-1.3196688740813869,9.744246800741123e-07,0.011666666666666856,-0.19833333333333314,0.06666666666666629
1774271236.5324743,-2.3680286765178744,-1.3120183174872642,9.651501973470622e-07,0.001666666666666856,-0.19833333333333314,0.06666666666666629
1774271236.5482104,-2.3610343596478964,-1.3202291903838723,9.685039520264245e-07,0.001666666666666856,-0.19833333333333314,0.06666666666666629
1774271236.5659537,-2.355177274277793,-1.3220602276552382,9.861628214518807e-07,-0.018333333333333143,-0.17833333333333315,0.10666666666666628
1774271236.5833666,-2.3666201214123284,-1.340996932542779,9.707053502401302e-07,-0.018333333333333143,-0.17833333333333315,0.10666666666666628
1774271236.5980232,-2.3715381451242483,-1.3406224672424971,9.604612986247333e-07,-0.018333333333333143,-0.17833333333333315,0.10666666666666628
1774271236.6144333,-2.3651968573876134,-1.3408451890562076,9.669065475464457e-07,-0.028333333333333145,-0.16833333333333314,0.10666666666666628
1774271236.6317272,-2.3705062924666747,-1.3229458231345954,9.719371795654892e-07,-0.03833333333333314,-0.15833333333333316,0.10666666666666628
1774271236.6474698,-2.351758954395774,-1.3185080148265242,9.991327921550077e-07,-0.03833333333333314,-0.15833333333333316,0.10666666666666628
1774271236.6631048,-2.351758954395774,-1.3185080148265242,9.991327921550077e-07,-0.03833333333333314,-0.15833333333333316,0.10666666666666628
1774271236.6797552,-2.322738030863237,-1.3122227573995793,1.0137001673381137e-06,-0.03833333333333314,-0.14833333333333315,-6.873333333333334
1774271236.6952913,-2.3199418604816153,-1.3145231771344188,1.0122855504354447e-06,-0.048333333333333145,-0.15833333333333316,-0.22333333333333372
1774271236.7109492,-2.3294261391624596,-1.310842579317947,1.0115782419841103e-06,-0.048333333333333145,-0.15833333333333316,-0.22333333333333372
1774271236.7277536,-2.3351741440417793,-1.3098404823638203,9.808460871379194e-07,-0.06833333333333315,-0.14833333333333315,-0.2133333333333337
1774271236.74327,-2.343013947186905,-1.3005671311709672,9.80138778686585e-07,-0.06833333333333315,-0.14833333333333315,-0.2133333333333337
1774271236.7619643,-2.344229143791096,-1.303940982552463,1.0066270828247691e-06,-0.06833333333333315,-0.14833333333333315,-0.2133333333333337
1774271236.7765641,-2.3399300560512537,-1.301383734766107,9.90200042724672e-07,-0.06833333333333315,-0.13833333333333314,-0.22333333333333372
1774271236.7920082,-2.332997661307867,-1.3081844405647707,9.649435679118469e-07,-0.06833333333333315,-0.13833333333333314,-0.22333333333333372
1774271236.8084424,-2.3356145625302176,-1.317015668302235,9.618520736694967e-07,-0.06833333333333315,-0.13833333333333314,-0.22333333333333372
1774271236.8240604,-2.337755048958263,-1.3190024414267445,9.65205828348859e-07,-0.06833333333333315,-0.13833333333333314,-0.22333333333333372
1774271236.840421,-2.3401788608261502,-1.3210771017184162,9.65205828348859e-07,-0.06833333333333315,-0.13833333333333314,-0.22333333333333372
1774271236.8558207,-2.3598192659024737,-1.3186643844533656,9.9884668986009e-07,-0.06833333333333315,-0.13833333333333314,-0.22333333333333372
1774271236.8721797,-2.359241796880597,-1.3143364422005948,1.0172128677368807e-06,-0.06833333333333315,-0.13833333333333314,-0.22333333333333372
1774271236.8886533,-2.3594506897944183,-1.3049203540040417,1.0284264882406244e-06,-0.06833333333333315,-0.13833333333333314,-0.22333333333333372
1774271236.9052222,-2.358670192444579,-1.2958419917932489,1.0324875513713212e-06,-0.06833333333333315,-0.13833333333333314,-0.22333333333333372
1774271236.9216712,-2.363145360403319,-1.280937694990923,1.0406096776327147e-06,-0.06833333333333315,-0.13833333333333314,-0.22333333333333372
1774271236.9397259,-2.3622541553426797,-1.285996416431802,1.0487318038941082e-06,-0.06833333333333315,-0.13833333333333314,-0.22333333333333372
1774271236.9760926,-2.349917455382294,-1.2848380201230418,1.099769274393783e-06,-0.06833333333333315,-0.13833333333333314,-0.2733333333333337
1774271236.9916713,-2.337220639788353,-1.289002187191651,1.0895252227783861e-06,-0.06833333333333315,-0.13833333333333314,-0.2733333333333337
1774271237.0072143,-2.32766808254139,-1.2996163808581063,1.1007388432821298e-06,-0.07833333333333314,-0.08833333333333314,-0.31333333333333374
1774271237.0240357,-2.3504468642428153,-1.329047025974505,1.1153062184652359e-06,-0.07833333333333314,-0.08833333333333314,-0.31333333333333374
1774271237.040991,-2.3573525514948113,-1.324159247474659,1.1043548583985043e-06,-0.06833333333333315,-0.10833333333333314,-0.36333333333333373
1774271237.0575452,-2.351116198065066,-1.3193276541149173,1.1124769846598978e-06,-0.06833333333333315,-0.10833333333333314,-0.36333333333333373
1774271237.0733085,-2.345703913691509,-1.3091871674201714,1.111062367757229e-06,-0.048333333333333145,-0.11833333333333315,-0.3433333333333337
1774271237.0889833,-2.342432723054306,-1.3260250439737162,1.10964775085456e-06,-0.048333333333333145,-0.11833333333333315,-0.3433333333333337
1774271237.1056135,-2.3559628022576082,-1.3273035294060158,1.1137088139852568e-06,-0.048333333333333145,-0.12833333333333313,-0.3433333333333337
1774271237.1235359,-2.356706155987215,-1.3286120376227224,1.1218309402466505e-06,-0.048333333333333145,-0.12833333333333313,-0.3433333333333337
1774271237.1411645,-2.352662516475235,-1.3137458557607586,1.1302153269450564e-06,-0.028333333333333145,-0.14833333333333315,-0.31333333333333374
1774271237.1558986,-2.3588726466984196,-1.315894111746372,1.1199712753296595e-06,-0.028333333333333145,-0.14833333333333315,-0.31333333333333374
1774271237.1726158,-2.358393116423287,-1.3000410027659521,1.1042515436808968e-06,-0.018333333333333143,-0.15833333333333316,-0.3433333333333337
1774271237.1883707,-2.3581846523393097,-1.303463550122269,1.098775863647531e-06,-0.018333333333333143,-0.15833333333333316,-0.3433333333333337
1774271237.2044568,-2.351871185754166,-1.300549509563204,1.1004527409872122e-06,-0.008333333333333144,-0.15833333333333316,-0.2733333333333337
1774271237.2202463,-2.342322684413709,-1.2968133013238965,1.104513804117909e-06,-0.008333333333333144,-0.15833333333333316,-0.2733333333333337
1774271237.2365382,-2.344319164071043,-1.3068296122779828,1.1030991872152402e-06,-0.03833333333333314,-0.14833333333333315,0.09666666666666629
1774271237.2522132,-2.351301696113283,-1.309618128352098,1.0907332102458398e-06,-0.03833333333333314,-0.14833333333333315,0.09666666666666629
1774271237.2680337,-2.3461025874311363,-1.3122945058631994,1.0988553365072333e-06,-0.008333333333333144,-0.14833333333333315,0.05666666666666629
1774271237.284907,-2.3590449825482636,-1.3205986546102577,1.10291639963793e-06,-0.008333333333333144,-0.14833333333333315,0.05666666666666629
1774271237.3008626,-2.3822066317330512,-1.312899580972975,1.0974407196045643e-06,-0.008333333333333144,-0.15833333333333316,0.05666666666666629
1774271237.316347,-2.3687582498983244,-1.3037608203846363,1.0721842447917392e-06,-0.008333333333333144,-0.15833333333333316,0.05666666666666629
1774271237.3467467,-2.3624359667453962,-1.3013539385078192,1.0707696278890704e-06,-0.008333333333333144,-0.15833333333333316,0.05666666666666629
1774271237.3622997,-2.3512187919053957,-1.320896130120794,1.0519584019979575e-06,0.001666666666666856,-0.15833333333333316,0.05666666666666629
1774271237.3786645,-2.3573256586652835,-1.3163557516273656,1.0440985361735762e-06,0.001666666666666856,-0.15833333333333316,0.05666666666666629
1774271237.3943071,-2.3518167058575066,-1.3126516254534877,1.0433912277222418e-06,0.001666666666666856,-0.15833333333333316,0.05666666666666629
1774271237.410176,-2.3529482491319165,-1.3094187294722721,1.041976610819573e-06,0.011666666666666856,-0.17833333333333315,0.036666666666666285
1774271237.4268303,-2.354445811198464,-1.3035647207116352,1.0398546854655696e-06,0.011666666666666856,-0.17833333333333315,0.036666666666666285
1774271237.442474,-2.3548329668475976,-1.3185799437129182,1.0510683059693133e-06,0.001666666666666856,-0.13833333333333314,0.05666666666666629
1774271237.4580917,-2.361322044989692,-1.3264450698993626,1.0687271753947695e-06,0.001666666666666856,-0.13833333333333314,0.05666666666666629
1774271237.4748383,-2.355201845082637,-1.3216731123791725,1.0687271753947695e-06,0.001666666666666856,-0.13833333333333314,0.05666666666666629
1774271237.4917195,-2.343790918237069,-1.3179947130390672,1.08400185902921e-06,0.001666666666666856,-0.13833333333333314,0.05666666666666629
1774271237.5072768,-2.3387998802134304,-1.3255160217265225,1.082587242126541e-06,0.001666666666666856,-0.13833333333333314,0.05666666666666629
1774271237.5230181,-2.3347623431233635,-1.32082997768394,1.079495747884191e-06,0.011666666666666856,-0.13833333333333314,0.036666666666666285
1774271237.5396237,-2.3247203230569857,-1.3280939529367473,1.0811726252238721e-06,0.011666666666666856,-0.13833333333333314,0.036666666666666285
1774271237.5561485,-2.327623206397343,-1.3348111652988395,1.094063123067297e-06,0.011666666666666856,-0.13833333333333314,0.036666666666666285
1774271237.57171,-2.3323048449667176,-1.3406591071588625,1.0919411977132936e-06,0.011666666666666856,-0.13833333333333314,0.036666666666666285
1774271237.5881371,-2.3399236863958772,-1.3341504680189797,1.0864655176799278e-06,0.011666666666666856,-0.13833333333333314,0.036666666666666285
1774271237.603837,-2.3475600582612133,-1.328654734202321,1.0945876439413215e-06,-0.018333333333333143,-0.13833333333333314,0.06666666666666629
1774271237.620648,-2.341995586650463,-1.3173805171248851,1.1010328928630338e-06,-0.018333333333333143,-0.13833333333333314,0.06666666666666629
1774271237.6363418,-2.3423301308604887,-1.3304332582092462,1.1003255844116994e-06,-0.008333333333333144,-0.14833333333333315,0.05666666666666629
1774271237.6520464,-2.3423301308604887,-1.3304332582092462,1.1003255844116994e-06,-0.008333333333333144,-0.14833333333333315,0.05666666666666629
1774271237.6687558,-2.3664816481266846,-1.348798925093321,1.0869900385539526e-06,-0.018333333333333143,-0.16833333333333314,0.06666666666666629
1774271237.685355,-2.3839124959600837,-1.3598926476250874,1.07436180114754e-06,-0.018333333333333143,-0.16833333333333314,0.06666666666666629
1774271237.7009556,-2.4185283061447853,-1.3448397369408,1.072947184244871e-06,-0.018333333333333143,-0.16833333333333314,0.06666666666666629
1774271237.717758,-2.418398084123501,-1.3380806808601493,1.071532567342202e-06,-0.018333333333333143,-0.16833333333333314,0.06666666666666629
1774271237.7334573,-2.4065055297001203,-1.331959180808575,1.0827461878459457e-06,-0.028333333333333145,-0.14833333333333315,0.06666666666666629
1774271237.7489626,-2.4079844696688135,-1.326666057562841,1.1163870493571768e-06,-0.028333333333333145,-0.14833333333333315,0.06666666666666629
1774271237.7657776,-2.3760410307026505,-1.3345297875789988,1.142875353495361e-06,-0.028333333333333145,-0.14833333333333315,0.06666666666666629
1774271237.7813578,-2.3621800959747086,-1.33463354404072,1.1407534281413575e-06,-0.028333333333333145,-0.14833333333333315,0.06666666666666629
1774271237.7970974,-2.3731347181446583,-1.3523772656871282,1.14719867706307e-06,-0.018333333333333143,-0.14833333333333315,0.05666666666666629
1774271237.8127298,-2.37719940632264,-1.356701246146818,1.160089174906495e-06,-0.018333333333333143,-0.14833333333333315,0.05666666666666629
1774271237.829269,-2.369124122116045,-1.348854453355601,1.160089174906495e-06,-0.018333333333333143,-0.14833333333333315,0.05666666666666629
1774271237.8446574,-2.366054347218597,-1.3573293600496827,1.1531988779704601e-06,-0.018333333333333143,-0.14833333333333315,0.05666666666666629
1774271237.8610404,-2.3540799413927656,-1.361771483248692,1.1531988779704601e-06,-0.018333333333333143,-0.14833333333333315,0.05666666666666629
1774271237.8774302,-2.348623928529405,-1.3596250416446507,1.1453390121460788e-06,-0.018333333333333143,-0.14833333333333315,0.05666666666666629
1774271237.8938038,-2.34906650538279,-1.3691739256329383,1.1327107747396661e-06,-0.018333333333333143,-0.14833333333333315,0.05666666666666629
1774271237.9102237,-2.3438664988353333,-1.3581424145746173,1.1153141657512223e-06,-0.018333333333333143,-0.14833333333333315,0.05666666666666629
1774271237.925621,-2.345731770716571,-1.350711066278483,1.126527786254966e-06,-0.018333333333333143,-0.14833333333333315,0.05666666666666629
1774271237.9420097,-2.3471721915888613,-1.3556133493618268,1.1305888493856627e-06,-0.018333333333333143,-0.14833333333333315,0.05666666666666629
1774271237.9583473,-2.3482380703790566,-1.3599228532098422,1.1370340983073752e-06,-0.018333333333333143,-0.14833333333333315,0.05666666666666629
1774271237.9747558,-2.337392664480397,-1.3609680516291525,1.148247718811119e-06,-0.018333333333333143,-0.14833333333333315,0.05666666666666629
1774271237.9922736,-2.3210021485591996,-1.3408174547128024,1.1546929677328315e-06,-0.018333333333333143,-0.14833333333333315,0.05666666666666629
1774271238.0307674,-2.3330435761562724,-1.3449172926605686,1.2076695760092e-06,-0.028333333333333145,-0.12833333333333313,0.06666666666666629
1774271238.0464983,-2.320198375418925,-1.3436505834125534,1.2157917022705936e-06,-0.028333333333333145,-0.12833333333333313,0.06666666666666629
1774271238.062255,-2.3178809458993843,-1.3372876000950014,1.2239138285319871e-06,-0.008333333333333144,-0.11833333333333315,0.07666666666666629
1774271238.0780742,-2.325419941577822,-1.3379214853069747,1.2196699778239803e-06,-0.008333333333333144,-0.11833333333333315,0.07666666666666629
1774271238.0943847,-2.322375512366138,-1.337843046262677,1.2070417404175676e-06,-0.008333333333333144,-0.11833333333333315,0.07666666666666629
1774271238.1101649,-2.320322640852844,-1.3440780667250245,1.1920293172201393e-06,-0.008333333333333144,-0.12833333333333313,0.07666666666666629
1774271238.1260362,-2.305961704025895,-1.3552235747005263,1.1810779571534078e-06,-0.008333333333333144,-0.12833333333333313,0.07666666666666629
1774271238.3022277,-2.3536408019965567,-1.3449698929204899,1.2845436731975214e-06,0.001666666666666856,-0.09833333333333315,0.07666666666666629
1774271238.318011,-2.3477428567087664,-1.3441009153147798,1.2886047363282181e-06,0.001666666666666856,-0.09833333333333315,0.07666666666666629
1774271238.3337219,-2.3477428567087664,-1.3441009153147798,1.2886047363282181e-06,0.001666666666666856,-0.09833333333333315,0.07666666666666629
1774271238.350466,-2.3433352289813696,-1.308198787986364,1.2919584910075805e-06,0.001666666666666856,-0.11833333333333315,0.07666666666666629
1774271238.3662474,-2.3383921701820594,-1.3107368954297869,1.2936353683472617e-06,0.001666666666666856,-0.11833333333333315,0.07666666666666629
1774271238.3820434,-2.351563719119298,-1.3189137536813527,1.3017574946086552e-06,0.001666666666666856,-0.11833333333333315,0.07666666666666629
1774271238.397558,-2.357627313968284,-1.3263386702758053,1.3282457987468393e-06,0.001666666666666856,-0.10833333333333314,0.07666666666666629
1774271238.4142294,-2.363869602572391,-1.3217011039196174,1.332306861877536e-06,0.001666666666666856,-0.10833333333333314,0.07666666666666629
1774271238.429779,-2.3503617692689542,-1.3126624776648528,1.3390143712362607e-06,0.001666666666666856,-0.11833333333333315,0.07666666666666629
1774271238.4465666,-2.3504135164181843,-1.3146464146308048,1.3471364974976542e-06,0.001666666666666856,-0.11833333333333315,0.07666666666666629
1774271238.4620736,-2.3629572249038304,-1.3227330672185111,1.3504902521770166e-06,0.001666666666666856,-0.11833333333333315,0.07666666666666629
1774271238.4785028,-2.3687015265660767,-1.3243215579154146,1.3504902521770166e-06,0.001666666666666856,-0.11833333333333315,0.07666666666666629
1774271238.4941108,-2.370647167894162,-1.331790928740551,1.35552088419606e-06,0.001666666666666856,-0.11833333333333315,0.07666666666666629
1774271238.569468,-2.351596747455425,-1.3197847778558152,1.3653198877971348e-06,0.001666666666666856,-0.11833333333333315,0.07666666666666629
1774271238.5704792,-2.34661703993015,-1.3157638682240895,1.3653198877971348e-06,0.001666666666666856,-0.11833333333333315,0.07666666666666629
1774271238.5861378,-2.3477342884707797,-1.3237586736719793,1.3703505198161783e-06,0.001666666666666856,-0.11833333333333315,0.07666666666666629
1774271238.6018984,-2.3489897066562273,-1.3311510333968473,1.3648748397828125e-06,0.001666666666666856,-0.11833333333333315,0.07666666666666629
1774271238.6185725,-2.349645935306584,-1.3375852557068766,1.3729969660442063e-06,0.001666666666666856,-0.11833333333333315,0.07666666666666629
1774271238.635454,-2.338470765834234,-1.337543350421694,1.3722896575928719e-06,0.001666666666666856,-0.11833333333333315,0.07666666666666629
1774271238.6522818,-2.3245170493322407,-1.3096554670615954,1.328221956888934e-06,0.001666666666666856,-0.11833333333333315,0.07666666666666629
1774271238.6678286,-2.3159000916793393,-1.318226025062066,1.34588082631439e-06,0.001666666666666856,-0.11833333333333315,0.07666666666666629
1774271238.6846228,-2.319869199466818,-1.3142086126618486,1.3437589009603866e-06,0.001666666666666856,-0.11833333333333315,0.07666666666666629
1774271238.7013679,-2.3328810882602142,-1.3191821275765314,1.3518810272217804e-06,0.001666666666666856,-0.08833333333333314,0.07666666666666629
1774271238.7353034,-2.3343197704857075,-1.314536209416782,1.3855218887330114e-06,0.001666666666666856,-0.08833333333333314,0.07666666666666629
1774271238.749945,-2.344089604247774,-1.3126199038821051,1.3991196950277707e-06,0.001666666666666856,-0.08833333333333314,0.07666666666666629
1774271238.7660897,-2.35185799396771,-1.3226769350028644,1.427284876505636e-06,0.001666666666666856,-0.11833333333333315,0.07666666666666629
1774271238.7816813,-2.3522544621062904,-1.324004088872479,1.4401753743490608e-06,0.001666666666666856,-0.11833333333333315,0.07666666666666629
1774271238.7984645,-2.3531035899896473,-1.3195878826709153,1.45377318064382e-06,-0.018333333333333143,-0.10833333333333314,0.1266666666666663
1774271238.8140907,-2.353626733526586,-1.3213367957836868,1.4482975006104543e-06,-0.018333333333333143,-0.10833333333333314,0.1266666666666663
1774271238.829942,-2.353381167328407,-1.3166260205374627,1.4547427495321669e-06,-0.008333333333333144,-0.09833333333333315,0.09666666666666629
1774271238.8458042,-2.354549001642604,-1.3211518658824608,1.4791091283163478e-06,-0.008333333333333144,-0.09833333333333315,0.09666666666666629
1774271238.8640392,-2.3546963860747523,-1.3226201754196745,1.4769872029623444e-06,-0.008333333333333144,-0.09833333333333315,0.09666666666666629
1774271238.8790393,-2.343540682828853,-1.3183426963570413,1.4898777008057692e-06,-0.008333333333333144,-0.10833333333333314,0.09666666666666629
1774271238.8946455,-2.343540682828853,-1.3183426963570413,1.4898777008057692e-06,-0.008333333333333144,-0.10833333333333314,0.09666666666666629
1774271238.9118192,-2.343540682828853,-1.3183426963570413,1.4898777008057692e-06,-0.018333333333333143,-0.08833333333333314,0.1266666666666663
1774271238.927412,-2.343540682828853,-1.3183426963570413,1.4898777008057692e-06,-0.018333333333333143,-0.08833333333333314,0.1266666666666663
1774271238.9441564,-2.343540682828853,-1.3183426963570413,1.4898777008057692e-06,0.001666666666666856,-0.07833333333333314,0.09666666666666629
1774271238.9602728,-2.343540682828853,-1.3183426963570413,1.4898777008057692e-06,0.001666666666666856,-0.07833333333333314,0.09666666666666629
1774271238.9757886,-2.343540682828853,-1.3183426963570413,1.4898777008057692e-06,0.001666666666666856,-0.09833333333333315,0.10666666666666628
1774271238.992651,-2.343540682828853,-1.3183426963570413,1.4898777008057692e-06,0.001666666666666856,-0.09833333333333315,0.10666666666666628
1774271239.008505,-2.343540682828853,-1.3183426963570413,1.4898777008057692e-06,-0.008333333333333144,-0.08833333333333314,0.1266666666666663
1774271239.0240502,-2.343540682828853,-1.3183426963570413,1.4898777008057692e-06,-0.008333333333333144,-0.08833333333333314,0.1266666666666663
1774271239.039608,-2.343540682828853,-1.3183426963570413,1.4898777008057692e-06,-0.008333333333333144,-0.08833333333333314,0.10666666666666628
1774271239.0576372,-2.340582164050404,-1.3166919589795456,1.483694712321069e-06,-0.008333333333333144,-0.08833333333333314,0.10666666666666628
1774271239.073864,-2.3255566592542327,-1.3393561594810237,1.5390555063884529e-06,-0.018333333333333143,-0.08833333333333314,0.1266666666666663
1774271239.1033733,-2.3551225128527653,-1.3449313113964223,1.4987866083781994e-06,-0.018333333333333143,-0.08833333333333314,0.1266666666666663
1774271239.119609,-2.3551225128527653,-1.3449313113964223,1.4987866083781994e-06,-0.018333333333333143,-0.09833333333333315,0.1266666666666663
1774271239.1366124,-2.355222318794627,-1.338306877274721,1.5100002288819431e-06,-0.018333333333333143,-0.10833333333333314,0.1266666666666663
1774271239.1520023,-2.3494247205223373,-1.3323012120138342,1.5212138493856868e-06,-0.018333333333333143,-0.10833333333333314,0.1266666666666663
1774271239.167655,-2.350535277724042,-1.327118475790687,1.5252749125163836e-06,-0.008333333333333144,-0.10833333333333314,0.10666666666666628
1774271239.185472,-2.357335512145078,-1.3237736755605216,1.5415191650391708e-06,-0.008333333333333144,-0.10833333333333314,0.10666666666666628
1774271239.2010386,-2.357467298840052,-1.3251354878584642,1.5591780344646268e-06,-0.008333333333333144,-0.10833333333333314,0.10666666666666628
1774271239.2177494,-2.352192308716092,-1.3148622345153549,1.5673001607260203e-06,-0.008333333333333144,-0.10833333333333314,0.10666666666666628
1774271239.2336063,-2.3599272105498996,-1.3135147392549957,1.5446901321412228e-06,-0.008333333333333144,-0.09833333333333315,0.10666666666666628
1774271239.250319,-2.365957002806462,-1.3100619229237824,1.5282630920411258e-06,-0.008333333333333144,-0.09833333333333315,0.10666666666666628
1774271239.26588,-2.3829632319120817,-1.3067822209783686,1.5323241551718225e-06,0.001666666666666856,-0.08833333333333314,0.09666666666666629
1774271239.281322,-2.379996685064225,-1.303421390306816,1.5323241551718225e-06,0.001666666666666856,-0.08833333333333314,0.09666666666666629
1774271239.2982154,-2.3662607505680064,-1.300783759767724,1.5323241551718225e-06,0.001666666666666856,-0.08833333333333314,0.09666666666666629
1774271239.3140104,-2.363726862103144,-1.301964605910325,1.5468915303549283e-06,0.001666666666666856,-0.08833333333333314,0.09666666666666629
1774271239.3296146,-2.375039245387585,-1.3112240964129858,1.5733798344931125e-06,0.001666666666666856,-0.11833333333333315,0.09666666666666629
1774271239.346448,-2.3794281496983194,-1.3078485763346517,1.5679041544597467e-06,0.001666666666666856,-0.11833333333333315,0.09666666666666629
1774271239.3632085,-2.3713786000386365,-1.316445430540853,1.5719652175904435e-06,0.001666666666666856,-0.11833333333333315,0.09666666666666629
1774271239.3786538,-2.3694355155108497,-1.3263915217712825,1.6015450159709775e-06,0.001666666666666856,-0.11833333333333315,0.09666666666666629
1774271239.395178,-2.3625650426946936,-1.32162451207575,1.6032218933106587e-06,0.001666666666666856,-0.11833333333333315,0.09666666666666629
1774271239.4106708,-2.3617384081360546,-1.3111313958997668,1.6144355138144024e-06,0.001666666666666856,-0.11833333333333315,0.09666666666666629
1774271239.4272072,-2.3555849712796197,-1.3018831702681923,1.6184965769450992e-06,0.001666666666666856,-0.11833333333333315,0.09666666666666629
1774271239.443657,-2.3671569346064874,-1.3087555240780278,1.6218503316244615e-06,0.001666666666666856,-0.11833333333333315,0.09666666666666629
1774271239.460192,-2.360254625838123,-1.3054852436863114,1.6163746515910957e-06,0.001666666666666856,-0.11833333333333315,0.09666666666666629
1774271239.475517,-2.3605960284256016,-1.314701154332818,1.6228199005128083e-06,0.001666666666666856,-0.11833333333333315,0.09666666666666629
1774271239.4919715,-2.360177833576327,-1.3226581584945822,1.6221125920614739e-06,0.001666666666666856,-0.11833333333333315,0.09666666666666629
1774271239.5079145,-2.3540554619783265,-1.330818170327392,1.6261736551921706e-06,0.001666666666666856,-0.11833333333333315,0.09666666666666629
1774271239.5241163,-2.3606221984926634,-1.3316596837904984,1.613545417785758e-06,0.001666666666666856,-0.11833333333333315,0.09666666666666629
1774271239.5399835,-2.360195530385065,-1.34393828395151,1.5787521998088703e-06,0.001666666666666856,-0.11833333333333315,0.09666666666666629
1774271239.5720277,-2.36561602847722,-1.3375012038333336,1.5892585118612793e-06,-0.008333333333333144,-0.09833333333333315,0.10666666666666628
1774271239.587776,-2.36561602847722,-1.3375012038333336,1.5892585118612793e-06,-0.008333333333333144,-0.09833333333333315,0.10666666666666628
1774271239.6036584,-2.3708763846578735,-1.331695593151963,1.5837828318279136e-06,0.001666666666666856,-0.09833333333333315,0.09666666666666629
1774271239.6205723,-2.3700051418921158,-1.3265688159820368,1.5602032343547696e-06,0.001666666666666856,-0.09833333333333315,0.09666666666666629
1774271239.6373124,-2.3628584008854228,-1.3228862195654931,1.5390078226726411e-06,-0.008333333333333144,-0.09833333333333315,0.10666666666666628
1774271239.6529498,-2.357075102150645,-1.3246079647995528,1.5232880910238785e-06,-0.008333333333333144,-0.09833333333333315,0.10666666666666628
1774271239.6699536,-2.356988664824694,-1.3257563731152509,1.5171051025391783e-06,0.001666666666666856,-0.09833333333333315,0.09666666666666629
1774271239.6995125,-2.3736905858362416,-1.3270338792972916,1.5204588572185407e-06,0.001666666666666856,-0.09833333333333315,0.09666666666666629
1774271239.7020583,-2.3899759309997015,-1.3280766568097897,1.5333493550619655e-06,0.001666666666666856,-0.09833333333333315,0.09666666666666629
1774271239.7182724,-2.3986253917924163,-1.3230009717807987,1.5591303507488153e-06,-0.008333333333333144,-0.11833333333333315,0.09666666666666629
1774271239.7338512,-2.389055659279331,-1.3185474849745138,1.5427033106487182e-06,0.001666666666666856,-0.11833333333333315,0.07666666666666629
1774271239.7494476,-2.3744645429297417,-1.3321880458316333,1.5443801879883994e-06,0.001666666666666856,-0.11833333333333315,0.07666666666666629
1774271239.7658765,-2.366631305377152,-1.338394211536814,1.5579779942831586e-06,0.001666666666666856,-0.11833333333333315,0.07666666666666629
1774271239.781332,-2.3476486218516572,-1.3494042765825454,1.583496729532996e-06,0.001666666666666856,-0.10833333333333314,0.09666666666666629
1774271239.7979782,-2.3427815720491556,-1.354293675147336,1.5994787216187708e-06,0.001666666666666856,-0.10833333333333314,0.09666666666666629
1774271239.8136604,-2.344259287033219,-1.3528330412744336,1.6028324762981331e-06,-0.018333333333333143,-0.10833333333333314,0.10666666666666628
1774271239.8309662,-2.3394764741733973,-1.345482787379288,1.596649487813433e-06,-0.018333333333333143,-0.10833333333333314,0.10666666666666628
1774271239.8465862,-2.3249037771838803,-1.3498984104835823,1.604064305623492e-06,-0.018333333333333143,-0.10833333333333314,0.10666666666666628
1774271239.8643763,-2.327556080123789,-1.3485671494891371,1.6026496887208233e-06,-0.018333333333333143,-0.10833333333333314,0.10666666666666628
1774271239.8820183,-2.3363361929131163,-1.3417381427566635,1.5916983286540918e-06,-0.008333333333333144,-0.09833333333333315,0.10666666666666628
1774271239.9196255,-2.3459733941426877,-1.329251663752697,1.5803019205730382e-06,-0.008333333333333144,-0.10833333333333314,0.09666666666666629
1774271239.934281,-2.347925767205327,-1.3310201991763795,1.5788873036703694e-06,-0.018333333333333143,-0.09833333333333315,0.10666666666666628
1774271239.9510136,-2.3554728639870635,-1.342890439229377,1.5791495641073818e-06,-0.018333333333333143,-0.09833333333333315,0.10666666666666628
1774271239.9667783,-2.3555347366428947,-1.3423464413335497,1.5832106272380786e-06,-0.008333333333333144,-0.11833333333333315,0.09666666666666629
1774271239.982693,-2.360259688242742,-1.3470460338116288,1.595393816630169e-06,-0.008333333333333144,-0.11833333333333315,0.09666666666666629
1774271240.0007093,-2.34827870483914,-1.3458172024949582,1.5885035196941343e-06,-0.018333333333333143,-0.11833333333333315,0.09666666666666629
1774271240.0153086,-2.342642362272289,-1.3388414408762885,1.582320531209434e-06,-0.018333333333333143,-0.11833333333333315,0.09666666666666629
1774271240.0326781,-2.343661697443271,-1.326753039984613,1.576137542724734e-06,-0.018333333333333143,-0.10833333333333314,0.09666666666666629
1774271240.0475605,-2.332555515648479,-1.3333310592253476,1.55255794525159e-06,-0.018333333333333143,-0.10833333333333314,0.09666666666666629
1774271240.0642774,-2.3290841968067357,-1.3397068439284623,1.5273014704387648e-06,-0.018333333333333143,-0.11833333333333315,0.09666666666666629
1774271240.0799305,-2.340329788110813,-1.3511182647225752,1.4822642008464802e-06,-0.018333333333333143,-0.11833333333333315,0.09666666666666629
1774271240.0953984,-2.347434407400388,-1.355558895284516,1.4744043350220988e-06,-0.018333333333333143,-0.11833333333333315,0.09666666666666629
1774271240.1119463,-2.3538864368906642,-1.3536973203544305,1.4744043350220988e-06,-0.018333333333333143,-0.11833333333333315,0.09666666666666629
1774271240.1273692,-2.371515261463246,-1.3519962065934967,1.4713128407797487e-06,-0.018333333333333143,-0.11833333333333315,0.09666666666666629
1774271240.1437612,-2.3853801729282464,-1.343442885148731,1.474666595459111e-06,-0.018333333333333143,-0.11833333333333315,0.09666666666666629
1774271240.1591537,-2.3880760452921432,-1.3366760557155117,1.4787276585898078e-06,-0.018333333333333143,-0.11833333333333315,0.09666666666666629
1774271240.1756084,-2.3907676114878846,-1.330673463921925,1.4827887217205045e-06,-0.018333333333333143,-0.11833333333333315,0.09666666666666629
1774271240.1920056,-2.3927122494713102,-1.3308444235954997,1.4827887217205045e-06,-0.018333333333333143,-0.11833333333333315,0.09666666666666629
1774271240.2084422,-2.3913400529470694,-1.3435732860534078,1.4868497848512013e-06,-0.018333333333333143,-0.11833333333333315,0.09666666666666629
1774271240.224989,-2.3880817204258142,-1.3429660904395453,1.502831776936976e-06,-0.018333333333333143,-0.11833333333333315,0.09666666666666629
1774271240.2406318,-2.3789925620847225,-1.3422827667658555,1.5068928400676728e-06,-0.018333333333333143,-0.11833333333333315,0.09666666666666629
1774271240.2590766,-2.3705178802681117,-1.3238544244081987,1.5038013458253227e-06,-0.008333333333333144,-0.12833333333333313,0.07666666666666629
1774271240.2736554,-2.3691978743510327,-1.3132894430573876,1.498325665791957e-06,-0.008333333333333144,-0.12833333333333313,0.07666666666666629
1774271240.2893353,-2.3691978743510327,-1.3132894430573876,1.498325665791957e-06,-0.008333333333333144,-0.12833333333333313,0.07666666666666629
1774271240.3060977,-2.372719847093348,-1.292451566882918,1.486666997273891e-06,-0.008333333333333144,-0.12833333333333313,0.07666666666666629
1774271240.3217735,-2.3714344825209555,-1.290817684610929,1.495496431986619e-06,-0.008333333333333144,-0.12833333333333313,0.07666666666666629
1774271240.3373637,-2.3756625552318646,-1.294955358360993,1.4924049377442691e-06,-0.018333333333333143,-0.10833333333333314,0.07666666666666629
1774271240.3544579,-2.3770294470406044,-1.285247322488972,1.5229543050131502e-06,-0.018333333333333143,-0.10833333333333314,0.07666666666666629
1774271240.3716633,-2.3809894226015067,-1.2841421801904915,1.527015368143847e-06,-0.018333333333333143,-0.09833333333333315,0.10666666666666628
1774271240.3876324,-2.379178318174582,-1.2893016027576005,1.5351374944052407e-06,-0.018333333333333143,-0.09833333333333315,0.10666666666666628
1774271240.4044497,-2.3687517312364075,-1.303368351982396,1.557564735412728e-06,-0.03833333333333314,-0.08833333333333314,0.1366666666666663
1774271240.591288,-2.3687517312364075,-1.303368351982396,1.557564735412728e-06,-0.03833333333333314,-0.08833333333333314,0.1366666666666663
1774271240.6079419,-2.3825138986999423,-1.2895067825402073,1.5540281931560558e-06,-0.028333333333333145,-0.09833333333333315,0.1266666666666663
1774271240.6236248,-2.380072591670219,-1.293904475550757,1.5540281931560558e-06,-0.028333333333333145,-0.09833333333333315,0.1266666666666663
1774271240.639661,-2.369608127089127,-1.2892424888692908,1.5590588251750994e-06,-0.028333333333333145,-0.09833333333333315,0.1266666666666663
1774271240.6554985,-2.368372331037346,-1.281881370930168,1.5590588251750994e-06,-0.028333333333333145,-0.09833333333333315,0.1266666666666663
1774271240.6722262,-2.3731390031271604,-1.275196185031557,1.57742500305189e-06,-0.028333333333333145,-0.10833333333333314,0.1266666666666663
1774271240.689965,-2.369678490159308,-1.2799685853258091,1.6651948293051459e-06,-0.028333333333333145,-0.10833333333333314,0.1266666666666663
1774271240.7048054,-2.368917867766407,-1.2796205561371825,1.7005125681560581e-06,-0.018333333333333143,-0.10833333333333314,0.09666666666666629
1774271240.7206507,-2.362332481920084,-1.2852031138986104,1.7005125681560581e-06,-0.018333333333333143,-0.10833333333333314,0.09666666666666629
1774271240.736353,-2.362475997929207,-1.3021846984689645,1.713403065999483e-06,-0.028333333333333145,-0.11833333333333315,0.1266666666666663
1774271240.753271,-2.3621379592916476,-1.29965071919474,1.703159014384086e-06,-0.028333333333333145,-0.11833333333333315,0.1266666666666663
1774271240.7690048,-2.3556160902456744,-1.289294942137631,1.6986529032390669e-06,-0.018333333333333143,-0.11833333333333315,0.10666666666666628
1774271240.7852724,-2.3612980972946063,-1.3053553953317802,1.7050981521607792e-06,-0.018333333333333143,-0.11833333333333315,0.10666666666666628
1774271240.8020113,-2.3608262608758133,-1.3023944181345704,1.717988650004204e-06,-0.018333333333333143,-0.12833333333333313,0.09666666666666629
1774271240.8178504,-2.3787967867347777,-1.3000909846909574,1.7261107762655978e-06,-0.018333333333333143,-0.12833333333333313,0.09666666666666629
1774271240.8347783,-2.3685354187091767,-1.2943232862778313,1.7525990804037819e-06,-0.018333333333333143,-0.12833333333333313,0.09666666666666629
1774271240.850437,-2.379419819630468,-1.2866127636608966,1.7518917719524475e-06,-0.028333333333333145,-0.11833333333333315,0.1266666666666663
1774271240.8679726,-2.3829135105537733,-1.2852491758276714,1.7464160919190817e-06,-0.018333333333333143,-0.11833333333333315,0.09666666666666629
1774271240.8844492,-2.3952348214430423,-1.289279630087862,1.768843332926569e-06,-0.018333333333333143,-0.11833333333333315,0.09666666666666629
1774271240.9003804,-2.379834004796951,-1.2996006489297682,1.8024841944378001e-06,-0.018333333333333143,-0.11833333333333315,0.09666666666666629
1774271240.9168632,-2.3773905901645236,-1.3088208813774627,1.7922401428224032e-06,-0.018333333333333143,-0.11833333333333315,0.09666666666666629
1774271240.9322867,-2.3695410346786514,-1.3055445409184556,1.7908255259197342e-06,-0.018333333333333143,-0.11833333333333315,0.09666666666666629
1774271240.953611,-2.36781939941316,-1.302298512714496,1.7805814743043373e-06,-0.03833333333333314,-0.11833333333333315,0.1266666666666663
1774271240.9691782,-2.348597084028235,-1.2993693251658147,1.7751057942709716e-06,-0.03833333333333314,-0.11833333333333315,0.1266666666666663
1774271240.9857826,-2.3497155053693315,-1.300003087811719,1.773953437805315e-06,-0.028333333333333145,-0.12833333333333313,0.09666666666666629
1774271241.0015635,-2.3513926363184763,-1.2835056581822517,1.763709386189918e-06,-0.018333333333333143,-0.11833333333333315,0.09666666666666629
1774271241.017199,-2.3515959783568245,-1.2824354834155114,1.7653862635295992e-06,-0.018333333333333143,-0.11833333333333315,0.09666666666666629
1774271241.03371,-2.3466215776425363,-1.2759717809705418,1.7489592234295021e-06,-0.03833333333333314,-0.12833333333333313,0.1266666666666663
1774271241.0494933,-2.3479911003763148,-1.2759929781805124,1.7434835433961364e-06,-0.03833333333333314,-0.12833333333333313,0.1266666666666663
1774271241.0663772,-2.3489925402081195,-1.2758810927212296,1.75469716389988e-06,-0.03833333333333314,-0.12833333333333313,0.1266666666666663
1774271241.2703621,-2.3525151147276073,-1.2977789833890503,1.7637888590496203e-06,-0.018333333333333143,-0.10833333333333314,0.09666666666666629
1774271241.2866638,-2.3666748402067506,-1.2943633621891584,1.781709988912089e-06,-0.018333333333333143,-0.10833333333333314,0.09666666666666629
1774271241.30314,-2.353911599478087,-1.3101054132285836,1.7755270004273888e-06,-0.018333333333333143,-0.10833333333333314,0.09666666666666629
1774271241.3208642,-2.3552114445812475,-1.310010600732033,1.77720387776707e-06,-0.03833333333333314,-0.10833333333333314,0.1266666666666663
1774271241.334653,-2.3545769086797805,-1.3062162080943756,1.7788807551067511e-06,-0.03833333333333314,-0.10833333333333314,0.1266666666666663
1774271241.3504202,-2.3542432079507862,-1.302907870310883,1.7910639444988416e-06,-0.03833333333333314,-0.10833333333333314,0.1266666666666663
1774271241.3671813,-2.343508533725611,-1.3034387128150322,1.7824967702231259e-06,-0.028333333333333145,-0.08833333333333314,0.10666666666666628
1774271241.3839328,-2.3449071930498717,-1.3184655849786455,1.791326204935854e-06,-0.028333333333333145,-0.08833333333333314,0.10666666666666628
1774271241.399926,-2.3402936562909065,-1.3262160669673935,1.791326204935854e-06,-0.028333333333333145,-0.08833333333333314,0.10666666666666628
1774271241.415793,-2.3476488260470476,-1.327209911842713,1.7994483311972475e-06,-0.008333333333333144,-0.07833333333333314,0.07666666666666629
1774271241.4312587,-2.3489685366803403,-1.3347355791325926,1.8299976984661283e-06,-0.018333333333333143,-0.09833333333333315,0.09666666666666629
1774271241.447837,-2.3380904879801143,-1.340986926689941,1.8299976984661283e-06,-0.018333333333333143,-0.09833333333333315,0.09666666666666629
1774271241.4634569,-2.3400019977941784,-1.3407569226042158,1.8190463383993968e-06,-0.018333333333333143,-0.09833333333333315,0.09666666666666629
1774271241.4813678,-2.340779536187856,-1.3341079800473143,1.8159548441570468e-06,-0.018333333333333143,-0.10833333333333314,0.09666666666666629
1774271241.4968212,-2.330622711816849,-1.3115294317276927,1.8321990966798338e-06,-0.018333333333333143,-0.10833333333333314,0.09666666666666629
1774271241.5127132,-2.3329791357085288,-1.31978011368127,1.5886465708416205e-06,-0.028333333333333145,-0.09833333333333315,0.10666666666666628
1774271241.5300543,-2.334637457701903,-1.326993988278116,1.587939262390286e-06,-0.018333333333333143,-0.09833333333333315,0.09666666666666629
1774271241.5445948,-2.336862554190029,-1.3339502148857965,1.5848477681479361e-06,-0.018333333333333143,-0.09833333333333315,0.09666666666666629
1774271241.560477,-2.33023048078738,-1.3579116882806077,1.6137202580771358e-06,-0.018333333333333143,-0.09833333333333315,0.09666666666666629
1774271241.5768018,-2.332863134154948,-1.3620086484167486,1.6201655069988481e-06,-0.028333333333333145,-0.09833333333333315,0.10666666666666628
1774271241.593087,-2.34114696578944,-1.3598287587820712,1.6108910242717978e-06,-0.028333333333333145,-0.09833333333333315,0.10666666666666628
1774271241.6090891,-2.3373728860039042,-1.3522474352811078,1.6030311584474165e-06,-0.028333333333333145,-0.09833333333333315,0.10666666666666628
1774271241.6252599,-2.341139970164459,-1.3557144928664386,1.585896809895985e-06,-0.028333333333333145,-0.09833333333333315,0.10666666666666628
1774271241.6425474,-2.3481695696412563,-1.3597293030443898,1.7137527465821843e-06,-0.018333333333333143,-0.08833333333333314,0.09666666666666629
1774271241.6580503,-2.3606836990304547,-1.357614829784994,1.7698208491009027e-06,-0.018333333333333143,-0.08833333333333314,0.09666666666666629
1774271241.6753912,-2.3606836990304547,-1.357614829784994,1.7698208491009027e-06,-0.018333333333333143,-0.08833333333333314,0.09666666666666629
1774271241.690096,-2.3679877158002998,-1.3417978008731977,1.7755587895712806e-06,-0.028333333333333145,-0.08833333333333314,0.10666666666666628
1774271241.7078395,-2.366896639603748,-1.3354634234194283,1.7741441726686116e-06,-0.028333333333333145,-0.08833333333333314,0.10666666666666628
1774271241.723396,-2.3656578502082053,-1.3354697228863983,1.76319281260188e-06,-0.028333333333333145,-0.08833333333333314,0.10666666666666628
1774271241.7391918,-2.365025545198814,-1.3298576820802965,1.746765772501783e-06,-0.018333333333333143,-0.10833333333333314,0.09666666666666629
1774271241.7559977,-2.3632696384492697,-1.3192253849840148,1.72486305236832e-06,-0.018333333333333143,-0.10833333333333314,0.09666666666666629
1774271241.7716792,-2.356963811486342,-1.3210133401110444,1.72486305236832e-06,-0.018333333333333143,-0.09833333333333315,0.10666666666666628
1774271241.973305,-2.364032636290971,-1.3276810292312688,1.708332697550615e-06,-0.018333333333333143,-0.10833333333333314,0.09666666666666629
1774271241.98921,-2.358253865880514,-1.3186257616004071,1.7307599385581023e-06,-0.018333333333333143,-0.10833333333333314,0.09666666666666629
1774271242.0059402,-2.358253865880514,-1.3186257616004071,1.7307599385581023e-06,-0.018333333333333143,-0.10833333333333314,0.09666666666666629
1774271242.0247653,-2.3629756900512833,-1.327077145903438,1.7531871795655897e-06,-0.018333333333333143,-0.11833333333333315,0.09666666666666629
1774271242.0387006,-2.361135088243889,-1.3214269607143783,1.7453273137412084e-06,-0.018333333333333143,-0.11833333333333315,0.10666666666666628
1774271242.0542617,-2.366367539487596,-1.341440575752845,1.7377297083538392e-06,-0.018333333333333143,-0.11833333333333315,0.10666666666666628
1774271242.071119,-2.371059314967279,-1.3467780119452832,1.7499128977459297e-06,-0.018333333333333143,-0.11833333333333315,0.10666666666666628
1774271242.088082,-2.368953431652754,-1.3395700413114633,1.7389615376791984e-06,-0.018333333333333143,-0.11833333333333315,0.10666666666666628
1774271242.1048267,-2.379054000462267,-1.339046625403026,1.7549435297649732e-06,-0.018333333333333143,-0.11833333333333315,0.09666666666666629
1774271242.120417,-2.3916644389323243,-1.3325178154581756,1.7506996790569664e-06,-0.018333333333333143,-0.11833333333333315,0.09666666666666629
1774271242.1360788,-2.3916644389323243,-1.3325178154581756,1.7506996790569664e-06,-0.018333333333333143,-0.10833333333333314,0.09666666666666629
1774271242.1536317,-2.3916644389323243,-1.3325178154581756,1.7506996790569664e-06,-0.018333333333333143,-0.10833333333333314,0.09666666666666629
1774271242.1691537,-2.3916644389323243,-1.3325178154581756,1.7506996790569664e-06,-0.018333333333333143,-0.09833333333333315,0.10666666666666628
1774271242.1857588,-2.3916644389323243,-1.3325178154581756,1.7506996790569664e-06,-0.018333333333333143,-0.09833333333333315,0.10666666666666628
1774271242.2017233,-2.3916644389323243,-1.3325178154581756,1.7506996790569664e-06,-0.028333333333333145,-0.10833333333333314,0.10666666666666628
1774271242.2173223,-2.3916644389323243,-1.3325178154581756,1.7506996790569664e-06,-0.028333333333333145,-0.10833333333333314,0.10666666666666628
1774271242.233345,-2.3916644389323243,-1.3325178154581756,1.7506996790569664e-06,-0.018333333333333143,-0.10833333333333314,0.10666666666666628
1774271242.2491953,-2.3916644389323243,-1.3325178154581756,1.7506996790569664e-06,-0.018333333333333143,-0.10833333333333314,0.10666666666666628
1774271242.2660437,-2.3916644389323243,-1.3325178154581756,1.7506996790569664e-06,-0.018333333333333143,-0.10833333333333314,0.10666666666666628
1774271242.2833226,-2.3916644389323243,-1.3325178154581756,1.7506996790569664e-06,-0.018333333333333143,-0.10833333333333314,0.10666666666666628
1774271242.2988615,-2.3916644389323243,-1.3325178154581756,1.7506996790569664e-06,-0.018333333333333143,-0.10833333333333314,0.10666666666666628
1774271242.3155358,-2.3674570199236706,-1.3064408084419994,1.7903407414755875e-06,-0.018333333333333143,-0.10833333333333314,0.10666666666666628
1774271242.3534157,-2.3576668654429263,-1.3256351030528093,1.7984628677369812e-06,-0.018333333333333143,-0.10833333333333314,0.10666666666666628
1774271242.3682065,-2.3634137110483673,-1.3266827019404366,1.8177986145021186e-06,-0.028333333333333145,-0.09833333333333315,0.1266666666666663
1774271242.3849113,-2.356610230145962,-1.3275081637666337,1.824243863423831e-06,-0.028333333333333145,-0.09833333333333315,0.1266666666666663
1774271242.40269,-2.3565668127467814,-1.328388111150837,1.8180608749391308e-06,-0.028333333333333145,-0.09833333333333315,0.1266666666666663
1774271242.4184701,-2.3449654048845336,-1.3418574851375937,1.8200000127158243e-06,-0.028333333333333145,-0.09833333333333315,0.1266666666666663
1774271242.4342947,-2.3344515247558886,-1.3533424675758654,1.8264452616375369e-06,-0.018333333333333143,-0.10833333333333314,0.09666666666666629
1774271242.4499767,-2.336950587817226,-1.3403229446452127,1.8297990163168992e-06,-0.018333333333333143,-0.10833333333333314,0.09666666666666629
1774271242.4669569,-2.3326097586050167,-1.3281028283040783,1.8331527709962616e-06,0.001666666666666856,-0.07833333333333314,0.07666666666666629
1774271242.4825523,-2.32865474326561,-1.334687557177435,1.8310308456422582e-06,0.001666666666666856,-0.07833333333333314,0.07666666666666629
1774271242.4994884,-2.3340867255290596,-1.3238720474928665,1.8391529719036519e-06,-0.028333333333333145,-0.10833333333333314,0.10666666666666628
1774271242.577608,-2.3151530725754856,-1.313405971966088,1.8473545710247481e-06,-0.018333333333333143,-0.11833333333333315,0.09666666666666629
1774271242.5801919,-2.3151530725754856,-1.313405971966088,1.8473545710247481e-06,-0.018333333333333143,-0.11833333333333315,0.09666666666666629
1774271242.5972133,-2.312346005218756,-1.3151912808772839,1.8364032109580166e-06,-0.018333333333333143,-0.11833333333333315,0.09666666666666629
1774271242.6116862,-2.3097939131186536,-1.322700279027772,1.8404642740887134e-06,-0.028333333333333145,-0.09833333333333315,0.1266666666666663
1774271242.6280746,-2.311630468326628,-1.3303184766282146,1.8107016881308692e-06,-0.028333333333333145,-0.09833333333333315,0.1266666666666663
1774271242.644554,-2.3152852303650944,-1.3188844945044054,1.8140554428102316e-06,-0.018333333333333143,-0.09833333333333315,0.10666666666666628
1774271242.662321,-2.3252053354076434,-1.3089082766786837,1.822177569071625e-06,-0.018333333333333143,-0.09833333333333315,0.10666666666666628
1774271242.6759806,-2.3283027107389636,-1.317537093186139,1.805750528971528e-06,-0.028333333333333145,-0.10833333333333314,0.10666666666666628
1774271242.6927462,-2.3270738317928137,-1.3379731110219453,1.811488469441906e-06,-0.028333333333333145,-0.10833333333333314,0.10666666666666628
1774271242.708571,-2.3270738317928137,-1.3379731110219453,1.811488469441906e-06,-0.03833333333333314,-0.09833333333333315,0.1266666666666663
1774271242.7265394,-2.3264019851769833,-1.342891556494727,1.8181959788006306e-06,-0.03833333333333314,-0.09833333333333315,0.1266666666666663
1774271242.7407928,-2.3291492035476478,-1.3482389246725401,1.8103361129762493e-06,-0.028333333333333145,-0.10833333333333314,0.1266666666666663
1774271242.7563457,-2.3219102167976584,-1.3573793957645355,1.8075068791709115e-06,-0.028333333333333145,-0.10833333333333314,0.1266666666666663
1774271242.7751212,-2.324834209456785,-1.3612456955037397,1.8299341201783988e-06,-0.028333333333333145,-0.11833333333333315,0.1266666666666663
1774271242.7896254,-2.3275085196160195,-1.3411906124220627,1.8740812937420392e-06,-0.028333333333333145,-0.11833333333333315,0.1266666666666663
1774271242.8062148,-2.3245151291951114,-1.3350551090311717,1.8829107284547673e-06,-0.018333333333333143,-0.10833333333333314,0.09666666666666629
1774271242.8266532,-2.312318546684229,-1.3468266572223946,1.8624226252239733e-06,-0.018333333333333143,-0.10833333333333314,0.09666666666666629
1774271242.8391976,-2.3111938609080394,-1.3522325376542512,1.8459955851238762e-06,-0.028333333333333145,-0.11833333333333315,0.1266666666666663
1774271242.8550935,-2.3217148509577226,-1.3569884160829389,1.8381357192994949e-06,-0.028333333333333145,-0.11833333333333315,0.1266666666666663
1774271242.8749678,-2.322144126702325,-1.3530607016287255,1.8369833628338382e-06,-0.028333333333333145,-0.09833333333333315,0.1266666666666663
1774271242.890148,-2.319890440223427,-1.3400727886596708,1.848196983337582e-06,-0.028333333333333145,-0.09833333333333315,0.1266666666666663
1774271242.9036999,-2.3232663447638746,-1.3162232949614177,1.8522580464682787e-06,-0.018333333333333143,-0.11833333333333315,0.09666666666666629
1774271242.9203045,-2.3324431569907884,-1.3123854391612613,1.8508434295656097e-06,-0.018333333333333143,-0.11833333333333315,0.09666666666666629
1774271242.9363973,-2.3346368443179504,-1.3146652832775032,1.8446604410809095e-06,-0.028333333333333145,-0.10833333333333314,0.1266666666666663
1774271242.953157,-2.338008402194395,-1.3071293566553068,1.8799781799318217e-06,-0.028333333333333145,-0.10833333333333314,0.1266666666666663
1774271242.967916,-2.3338041891453294,-1.3040096243580122,1.8881003061932152e-06,-0.028333333333333145,-0.09833333333333315,0.1266666666666663
1774271242.9853408,-2.335877375992082,-1.3011732344979523,1.8771489461264837e-06,-0.028333333333333145,-0.09833333333333315,0.1266666666666663
1774271242.999976,-2.3318756165800725,-1.2927131363954754,1.880502700805846e-06,-0.018333333333333143,-0.10833333333333314,0.10666666666666628
1774271243.0336401,-2.3284783945231675,-1.2910604291753138,1.8702586491904492e-06,-0.018333333333333143,-0.10833333333333314,0.10666666666666628
1774271243.050522,-2.324001824599751,-1.30151354519685,1.8681367238364457e-06,-0.028333333333333145,-0.08833333333333314,0.1366666666666663
1774271243.066749,-2.3269924987617383,-1.2871249046265032,1.8803199132285362e-06,-0.028333333333333145,-0.09833333333333315,0.1266666666666663
1774271243.0824564,-2.349025415409773,-1.2856381547245155,1.8901189168296109e-06,-0.028333333333333145,-0.09833333333333315,0.1266666666666663
1774271243.0981636,-2.3614545165125835,-1.2962742524131912,1.923759778340842e-06,-0.028333333333333145,-0.09833333333333315,0.1266666666666663
1774271243.1140985,-2.3609681830230627,-1.294153879372969,1.9216378529868387e-06,-0.028333333333333145,-0.09833333333333315,0.1266666666666663
1774271243.1344273,-2.359592417698456,-1.3017347972928075,1.9378821055096257e-06,-0.028333333333333145,-0.09833333333333315,0.1266666666666663
1774271243.1460912,-2.3533955351701037,-1.2932227157296572,1.9316991170249254e-06,-0.018333333333333143,-0.10833333333333314,0.10666666666666628
1774271243.1616774,-2.347284656845998,-1.291124890866545,1.9510348637900628e-06,-0.018333333333333143,-0.10833333333333314,0.10666666666666628
1774271243.3642588,-2.3374140556907768,-1.31914549171485,1.9167661666872003e-06,-0.018333333333333143,-0.10833333333333314,0.10666666666666628
1774271243.379395,-2.3446361385380485,-1.31965229672333,1.922504107157578e-06,-0.008333333333333144,-0.10833333333333314,0.10666666666666628
1774271243.3945599,-2.340035348996431,-1.339077487283843,1.922504107157578e-06,-0.008333333333333144,-0.10833333333333314,0.10666666666666628
1774271243.4102275,-2.3374546084579473,-1.3336338164778487,1.9346872965496684e-06,-0.008333333333333144,-0.10833333333333314,0.10666666666666628
1774271243.4260056,-2.3335360066765864,-1.3340893753818457,1.929211616516303e-06,-0.028333333333333145,-0.10833333333333314,0.10666666666666628
1774271243.4430432,-2.33587419697568,-1.3286049821796886,1.9332726796469996e-06,-0.028333333333333145,-0.10833333333333314,0.10666666666666628
1774271243.4590652,-2.363135730205746,-1.3357995387345933,1.890881856282743e-06,-0.028333333333333145,-0.10833333333333314,0.10666666666666628
1774271243.4761317,-2.3565943380133856,-1.3418090552988347,1.8887599309287396e-06,-0.018333333333333143,-0.09833333333333315,0.10666666666666628
1774271243.4919171,-2.3563156695632115,-1.3353365597566065,1.8873453140260708e-06,-0.018333333333333143,-0.09833333333333315,0.10666666666666628
1774271243.5080552,-2.3501753626815827,-1.3294693042817902,1.8906990687054331e-06,-0.018333333333333143,-0.10833333333333314,0.10666666666666628
1774271243.523878,-2.341242245309247,-1.330664052451222,1.8864552179974263e-06,-0.018333333333333143,-0.10833333333333314,0.10666666666666628
1774271243.5407538,-2.331095068111853,-1.3196150037292318,1.8864552179974263e-06,-0.028333333333333145,-0.09833333333333315,0.1266666666666663
1774271243.729453,-2.3198916985435702,-1.3172270780667659,1.906919479370315e-06,-0.008333333333333144,-0.08833333333333314,0.09666666666666629
1774271243.7452369,-2.3267707201340526,-1.3209923436100637,1.9000291824342804e-06,-0.008333333333333144,-0.10833333333333314,0.09666666666666629
1774271243.7781448,-2.34349680483928,-1.3183281035307173,1.8781264623008175e-06,-0.018333333333333143,-0.10833333333333314,0.10666666666666628
1774271243.7928638,-2.345396203602546,-1.314571315463746,1.8781264623008175e-06,-0.018333333333333143,-0.10833333333333314,0.10666666666666628
1774271243.8094816,-2.3472765161237055,-1.3126304628482028,1.9597133000693733e-06,-0.018333333333333143,-0.09833333333333315,0.10666666666666628
1774271243.8266659,-2.3478557601395225,-1.3147524917990159,1.986908912658892e-06,-0.018333333333333143,-0.09833333333333315,0.10666666666666628
1774271243.842389,-2.3483868075416012,-1.3107870239172543,1.999799410502317e-06,-0.028333333333333145,-0.10833333333333314,0.1266666666666663
1774271243.8581238,-2.342975672336018,-1.3130853167547143,1.996707916259967e-06,-0.028333333333333145,-0.10833333333333314,0.1266666666666663
1774271243.873791,-2.3572883295298674,-1.3238577991850071,2.0272572835288478e-06,-0.018333333333333143,-0.09833333333333315,0.10666666666666628
1774271243.8903947,-2.36307022698948,-1.3250699732864715,2.0360867182415757e-06,-0.018333333333333143,-0.09833333333333315,0.10666666666666628
1774271243.90607,-2.362423000374331,-1.332067130524009,2.0473003387453196e-06,-0.018333333333333143,-0.09833333333333315,0.10666666666666628
1774271243.9216814,-2.361356041169065,-1.332251234069147,2.034672101338907e-06,-0.018333333333333143,-0.09833333333333315,0.10666666666666628
1774271243.9384062,-2.3440051163579185,-1.3452924910735313,2.0284891128542065e-06,-0.018333333333333143,-0.09833333333333315,0.10666666666666628
1774271243.9541779,-2.3453751669223513,-1.3387720977740944,2.027781804402872e-06,-0.018333333333333143,-0.09833333333333315,0.10666666666666628
1774271243.9698849,-2.3522654270224153,-1.3327121145932543,2.0151535669964594e-06,-0.018333333333333143,-0.09833333333333315,0.10666666666666628
1774271243.9864562,-2.358280585169108,-1.3211860033860898,2.023275693257853e-06,-0.018333333333333143,-0.09833333333333315,0.10666666666666628
1774271244.0034218,-2.3636983473744912,-1.335474550446661,2.0187695821128337e-06,-0.018333333333333143,-0.09833333333333315,0.10666666666666628
1774271244.018977,-2.3629987787892945,-1.3356170414698312,2.0268917083742272e-06,-0.018333333333333143,-0.09833333333333315,0.10666666666666628
1774271244.035001,-2.36212669736991,-1.3297182799788156,2.030952771504924e-06,-0.018333333333333143,-0.09833333333333315,0.10666666666666628
1774271244.0507019,-2.3618095889656594,-1.3364225816132371,2.039782206217652e-06,-0.018333333333333143,-0.09833333333333315,0.10666666666666628
1774271244.0674179,-2.3549128045355543,-1.3362082751875977,2.0390748977663175e-06,-0.018333333333333143,-0.09833333333333315,0.10666666666666628
1774271244.084528,-2.360026938167762,-1.34144100020761,1.983793576558636e-06,-0.028333333333333145,-0.10833333333333314,0.1266666666666663
1774271244.1225348,-2.3596614340066555,-1.346922654679294,1.983793576558636e-06,-0.028333333333333145,-0.10833333333333314,0.1266666666666663
1774271244.1389818,-2.378023340419409,-1.3169770938910552,2.01028188069682e-06,-0.018333333333333143,-0.09833333333333315,0.1266666666666663
1774271244.156207,-2.3701038278322146,-1.3247289634979207,2.0224650700889103e-06,-0.018333333333333143,-0.09833333333333315,0.1266666666666663
1774271244.172435,-2.368811314921367,-1.325866164095802,2.021757761637576e-06,-0.028333333333333145,-0.10833333333333314,0.1266666666666663
1774271244.1884475,-2.37752579567243,-1.3394546731950439,2.0141601562502068e-06,-0.028333333333333145,-0.10833333333333314,0.1266666666666663
1774271244.2041867,-2.381929715822499,-1.3336053669975811,1.9987026850384565e-06,-0.028333333333333145,-0.08833333333333314,0.1366666666666663
1774271244.2198927,-2.3849400634324063,-1.3336411148177383,1.9925196965537565e-06,-0.028333333333333145,-0.08833333333333314,0.1366666666666663
1774271244.2360604,-2.3822850440088916,-1.322170239061964,1.995873451233119e-06,-0.028333333333333145,-0.08833333333333314,0.1366666666666663
1774271244.2531292,-2.3817785130200426,-1.2971225036735807,2.0311911900840313e-06,-0.018333333333333143,-0.09833333333333315,0.1266666666666663
1774271244.2686167,-2.3789162912500266,-1.3005477884448384,2.044081687927456e-06,-0.018333333333333143,-0.09833333333333315,0.1266666666666663
1774271244.2853136,-2.3711635634060766,-1.3040629063006817,2.0569721857708806e-06,-0.028333333333333145,-0.09833333333333315,0.1266666666666663
1774271244.3009932,-2.36954022275711,-1.2951969882109053,2.0610332489015774e-06,-0.028333333333333145,-0.09833333333333315,0.1266666666666663
1774271244.3172433,-2.345491115038306,-1.2861359946889512,2.073923746745002e-06,-0.028333333333333145,-0.09833333333333315,0.1266666666666663
1774271244.332916,-2.3521232261860567,-1.2907074739924698,2.1187782287599768e-06,-0.028333333333333145,-0.09833333333333315,0.1266666666666663
1774271244.3483095,-2.352984473378257,-1.289367316512909,2.0935217539471514e-06,-0.028333333333333145,-0.09833333333333315,0.1266666666666663
1774271244.3656664,-2.365058409861586,-1.287875122314693,2.097582817077848e-06,-0.028333333333333145,-0.09833333333333315,0.1266666666666663
1774271244.381653,-2.3527090381842486,-1.3021632736978404,2.168925603231007e-06,-0.03833333333333314,-0.07833333333333314,0.1366666666666663
1774271244.398158,-2.3650518066379242,-1.2996199740356396,2.1753708521527193e-06,-0.03833333333333314,-0.07833333333333314,0.1366666666666663
1774271244.4141803,-2.370346846542107,-1.3149943511081803,2.150114377339894e-06,-0.018333333333333143,-0.08833333333333314,0.10666666666666628
1774271244.4301193,-2.370346846542107,-1.3149943511081803,2.150114377339894e-06,-0.018333333333333143,-0.08833333333333314,0.10666666666666628
1774271244.446321,-2.3678119233491106,-1.3219192404994888,2.151791254679575e-06,-0.018333333333333143,-0.08833333333333314,0.10666666666666628
1774271244.4619641,-2.3723812250902427,-1.3172840664484604,2.155852317810272e-06,-0.018333333333333143,-0.08833333333333314,0.10666666666666628
1774271244.4776435,-2.3706450483631043,-1.3071931187913515,2.1639744440716653e-06,-0.03833333333333314,-0.08833333333333314,0.1366666666666663
1774271244.4943752,-2.374940438619081,-1.3157041745339735,2.163267135620331e-06,-0.03833333333333314,-0.08833333333333314,0.1366666666666663
1774271244.5099933,-2.366819982906992,-1.3233016226023135,2.1577914555869654e-06,-0.028333333333333145,-0.09833333333333315,0.1266666666666663
1774271244.5256166,-2.3526594414009203,-1.3195590785092042,2.1501938501995966e-06,-0.028333333333333145,-0.09833333333333315,0.1266666666666663
1774271244.5420418,-2.352750638156929,-1.3092573325884413,2.1542549133302934e-06,-0.028333333333333145,-0.09833333333333315,0.1266666666666663
1774271244.5574298,-2.3471818317642836,-1.3059405943618656,2.15831597646099e-06,-0.028333333333333145,-0.09833333333333315,0.1266666666666663
1774271244.5738454,-2.342369206091531,-1.3030647145047363,2.1647612253827025e-06,-0.028333333333333145,-0.09833333333333315,0.1266666666666663
1774271244.5893123,-2.326444751200588,-1.3033395700124406,2.172883351644096e-06,-0.028333333333333145,-0.09833333333333315,0.1266666666666663
1774271244.6057613,-2.3296670693311023,-1.3126184195545292,2.172883351644096e-06,-0.028333333333333145,-0.09833333333333315,0.1266666666666663
1774271244.6222167,-2.326229504153525,-1.3148821794957015,2.18409697214784e-06,-0.028333333333333145,-0.09833333333333315,0.1266666666666663
1774271244.6387782,-2.3287696157407516,-1.3050137828691004,2.200078964233615e-06,-0.028333333333333145,-0.09833333333333315,0.1266666666666663
1774271244.6553972,-2.3509393980009654,-1.3113142835761469,2.215353647868055e-06,-0.028333333333333145,-0.09833333333333315,0.1266666666666663
1774271244.6717372,-2.351426434778348,-1.3078016944230269,2.215353647868055e-06,-0.028333333333333145,-0.09833333333333315,0.1266666666666663
1774271244.688318,-2.3523407419029057,-1.3166682964031473,2.2170305252077363e-06,-0.028333333333333145,-0.09833333333333315,0.1266666666666663
1774271244.7051637,-2.3465574907677262,-1.3243124988974508,2.221091588338433e-06,-0.028333333333333145,-0.09833333333333315,0.1266666666666663
1774271244.720844,-2.365131104701197,-1.3205113916304985,2.2962331771852763e-06,-0.03833333333333314,-0.09833333333333315,0.1366666666666663
1774271244.7363725,-2.365131104701197,-1.3205113916304985,2.2962331771852763e-06,-0.03833333333333314,-0.09833333333333315,0.1366666666666663
1774271244.7532454,-2.363526426412366,-1.318066245406555,2.3067394892376854e-06,-0.03833333333333314,-0.09833333333333315,0.1366666666666663
1774271244.7688584,-2.3682319157653104,-1.331323491855671,2.310800552368382e-06,-0.028333333333333145,-0.08833333333333314,0.1266666666666663
1774271244.785484,-2.3822096305284512,-1.3261601597633377,2.3501793543499913e-06,-0.028333333333333145,-0.08833333333333314,0.1266666666666663
1774271244.8012173,-2.373414924841954,-1.3327878406763047,2.3535331090293536e-06,-0.028333333333333145,-0.08833333333333314,0.1266666666666663
1774271244.8170617,-2.371577683749253,-1.3271512298788568,2.367130915324113e-06,-0.028333333333333145,-0.08833333333333314,0.1266666666666663
1774271244.8327994,-2.381930350687997,-1.3221611807471911,2.360947926839413e-06,-0.028333333333333145,-0.08833333333333314,0.1266666666666663
1774271244.84954,-2.3937215112796992,-1.3305356781621827,2.3626248041790943e-06,-0.018333333333333143,-0.08833333333333314,0.1266666666666663
1774271244.866697,-2.3841097847289316,-1.3310041254465816,2.370746930440488e-06,-0.018333333333333143,-0.08833333333333314,0.1266666666666663
1774271244.8825727,-2.3815263290876336,-1.3256689012218836,2.370746930440488e-06,-0.018333333333333143,-0.08833333333333314,0.10666666666666628
1774271244.900485,-2.388781773680776,-1.3113467528109102,2.382930119832578e-06,-0.018333333333333143,-0.08833333333333314,0.10666666666666628
1774271244.917432,-2.3808447569495494,-1.3201630658593286,2.382930119832578e-06,-0.018333333333333143,-0.09833333333333315,0.1266666666666663
1774271245.0746348,-2.381686706656583,-1.3325937167280268,2.4512608846030897e-06,-0.03833333333333314,-0.08833333333333314,0.1366666666666663
1774271245.0765312,-2.381686706656583,-1.3325937167280268,2.4512608846030897e-06,-0.03833333333333314,-0.08833333333333314,0.1366666666666663
1774271245.091405,-2.3677997832795086,-1.321366240004244,2.449846267700421e-06,-0.03833333333333314,-0.08833333333333314,0.1366666666666663
1774271245.11967,-2.36550864344544,-1.3127565448593326,2.432449658711977e-06,-0.03833333333333314,-0.08833333333333314,0.1366666666666663
1774271245.1366801,-2.3743995372005715,-1.3161017707751796,2.4214982986452456e-06,-0.018333333333333143,-0.09833333333333315,0.10666666666666628
1774271245.1532822,-2.378108358011284,-1.3177610638707828,2.4136384328208644e-06,-0.018333333333333143,-0.08833333333333314,0.1266666666666663
1774271245.1699493,-2.381962887200312,-1.3195376369932303,2.3979187011721018e-06,-0.018333333333333143,-0.08833333333333314,0.1266666666666663
1774271245.1854842,-2.3859453703011444,-1.3273142668888231,2.415577570597558e-06,-0.018333333333333143,-0.09833333333333315,0.1266666666666663
1774271245.2027037,-2.3810400963936273,-1.3407764799676005,2.461401621500879e-06,-0.018333333333333143,-0.10833333333333314,0.10666666666666628
1774271245.2185366,-2.367699357734803,-1.329065159618585,2.451157569885482e-06,-0.018333333333333143,-0.10833333333333314,0.10666666666666628
1774271245.235098,-2.360746840352051,-1.3239149384571927,2.4504502614341476e-06,-0.018333333333333143,-0.10833333333333314,0.10666666666666628
1774271245.2508073,-2.353948622563159,-1.3248606918240557,2.4473587671917976e-06,-0.018333333333333143,-0.10833333333333314,0.10666666666666628
1774271245.2664673,-2.364916972643626,-1.3153891586049724,2.387309074402085e-06,-0.018333333333333143,-0.10833333333333314,0.10666666666666628
1774271245.283023,-2.375886255081157,-1.311488005153177,2.3906628290814473e-06,-0.018333333333333143,-0.10833333333333314,0.10666666666666628
1774271245.2987688,-2.3681759271922362,-1.307964777121068,2.3875713348390973e-06,-0.018333333333333143,-0.10833333333333314,0.10666666666666628
1774271245.3147259,-2.373204851587301,-1.2989983785036883,2.400461832682522e-06,-0.018333333333333143,-0.10833333333333314,0.10666666666666628
1774271245.3304305,-2.3755280634152314,-1.289109448259924,2.402138710022203e-06,-0.018333333333333143,-0.10833333333333314,0.10666666666666628
1774271245.3471012,-2.3739883046234556,-1.2818922470645613,2.4157365163169626e-06,-0.018333333333333143,-0.10833333333333314,0.10666666666666628
1774271245.3627145,-2.372341762059098,-1.281103176206909,2.422181765238675e-06,-0.018333333333333143,-0.10833333333333314,0.10666666666666628
1774271245.3783174,-2.3590658410797736,-1.2862893724508195,2.4384260177614624e-06,-0.018333333333333143,-0.10833333333333314,0.10666666666666628
1774271245.394786,-2.340954063517309,-1.289649784254405,2.432950337728097e-06,-0.018333333333333143,-0.10833333333333314,0.10666666666666628
1774271245.4105315,-2.3489886918501974,-1.2767467111739252,2.4441639582318407e-06,-0.018333333333333143,-0.10833333333333314,0.10666666666666628
1774271245.4274657,-2.3435217915395086,-1.2821990941543937,2.452286084493234e-06,-0.028333333333333145,-0.08833333333333314,0.1266666666666663
1774271245.4432216,-2.338549688561966,-1.2989281090495903,2.4587313334149465e-06,-0.028333333333333145,-0.08833333333333314,0.1266666666666663
1774271245.4599125,-2.345825018985832,-1.3023142161255472,2.4587313334149465e-06,-0.028333333333333145,-0.08833333333333314,0.1266666666666663
1774271245.475488,-2.3647784779674685,-1.3196756055350791,2.452548344930246e-06,-0.028333333333333145,-0.08833333333333314,0.1266666666666663
1774271245.4922855,-2.3637414845907534,-1.3152539629187343,2.4749755859377335e-06,-0.028333333333333145,-0.08833333333333314,0.1266666666666663
1774271245.508155,-2.369163798126387,-1.323290220136756,2.530074119568105e-06,-0.028333333333333145,-0.08833333333333314,0.1266666666666663
1774271245.5242348,-2.356111606189601,-1.3318894555889802,2.52318382263207e-06,-0.028333333333333145,-0.08833333333333314,0.1266666666666663
1774271245.540228,-2.3573316310912227,-1.327153736159678,2.5265375773114325e-06,-0.018333333333333143,-0.08833333333333314,0.1266666666666663
1774271245.5560098,-2.3577117002518406,-1.3224465279070523,2.5387207667035228e-06,-0.018333333333333143,-0.08833333333333314,0.1266666666666663
1774271245.5716298,-2.3575663079417426,-1.3237950142885413,2.5427818298342195e-06,-0.018333333333333143,-0.08833333333333314,0.1266666666666663
1774271245.5884964,-2.351310127693398,-1.3189971469420865,2.549227078755932e-06,-0.018333333333333143,-0.08833333333333314,0.1266666666666663
1774271245.605025,-2.351707524449769,-1.3160284552548573,2.553550402323641e-06,-0.018333333333333143,-0.09833333333333315,0.1266666666666663
1774271245.6204662,-2.3462352685072116,-1.3120849595356634,2.553550402323641e-06,-0.018333333333333143,-0.09833333333333315,0.1266666666666663
1774271245.636948,-2.34668045847469,-1.3023420972714292,2.5569041570030033e-06,-0.018333333333333143,-0.08833333333333314,0.10666666666666628
1774271245.652881,-2.3593432436353776,-1.2937572024922144,2.5411844253542407e-06,-0.018333333333333143,-0.08833333333333314,0.10666666666666628
1774271245.669284,-2.3768037991435187,-1.3018758522060796,2.4835189183555436e-06,-0.018333333333333143,-0.08833333333333314,0.10666666666666628
1774271245.6873298,-2.368759624611528,-1.3049998322464502,2.478043238322178e-06,-0.028333333333333145,-0.07833333333333314,0.1366666666666663
1774271245.7027352,-2.367602360860967,-1.296180145130604,2.4861653645835716e-06,-0.028333333333333145,-0.07833333333333314,0.1366666666666663
1774271245.7190375,-2.3726113129104864,-1.3099095378738441,2.500732739766678e-06,-0.018333333333333143,-0.08833333333333314,0.1266666666666663
1774271245.7369015,-2.371823677347633,-1.3069297329141634,2.523159980774165e-06,-0.028333333333333145,-0.08833333333333314,0.1366666666666663
1774271245.7516696,-2.370377512304107,-1.3038230278988454,2.5312821070355587e-06,-0.028333333333333145,-0.08833333333333314,0.1366666666666663
1774271245.7686434,-2.369059669700488,-1.3068954855958157,2.5761365890505334e-06,-0.028333333333333145,-0.08833333333333314,0.1366666666666663
1774271245.8040228,-2.367863819876882,-1.309683539897838,2.5794903437298958e-06,-0.028333333333333145,-0.08833333333333314,0.1266666666666663
1774271245.8196337,-2.35313852703797,-1.3012514678021239,2.5101661682131328e-06,-0.018333333333333143,-0.08833333333333314,0.1266666666666663
1774271245.8366764,-2.3544614166472257,-1.3018075077614928,2.5189956029258607e-06,-0.018333333333333143,-0.08833333333333314,0.1266666666666663
1774271245.8512058,-2.360990650447405,-1.3053293430098833,2.552636464437092e-06,-0.028333333333333145,-0.08833333333333314,0.1266666666666663
1774271245.8683052,-2.3605472605655415,-1.3023707557703221,2.5750637054445793e-06,-0.028333333333333145,-0.08833333333333314,0.1266666666666663
1774271245.8841782,-2.354487395874729,-1.3116096268066029,2.5767405827842605e-06,-0.028333333333333145,-0.08833333333333314,0.1366666666666663
1774271245.8998466,-2.3541620282530995,-1.3078010913629265,2.5753259658815917e-06,-0.028333333333333145,-0.08833333333333314,0.1366666666666663
1774271245.915633,-2.354060420304239,-1.3014661296417283,2.5534232457481286e-06,-0.028333333333333145,-0.08833333333333314,0.1366666666666663
1774271245.9315615,-2.3542530588254333,-1.3047567413772814,2.537703514099366e-06,-0.028333333333333145,-0.08833333333333314,0.1366666666666663
1774271245.9480376,-2.3546699037986683,-1.3078771835511285,2.555362383524822e-06,-0.028333333333333145,-0.08833333333333314,0.1366666666666663
1774271245.9646418,-2.3489234251195064,-1.3046882063918832,2.5675455729169124e-06,-0.028333333333333145,-0.08833333333333314,0.1366666666666663
1774271245.980314,-2.3326255993628715,-1.3042640622393737,2.582820256551353e-06,-0.028333333333333145,-0.08833333333333314,0.1366666666666663
1774271245.9969788,-2.3465787676917884,-1.3072843152056586,2.5814056396486843e-06,-0.028333333333333145,-0.08833333333333314,0.1366666666666663
1774271246.0124912,-2.347228161469234,-1.3040108232046894,2.5704542795819528e-06,-0.028333333333333145,-0.08833333333333314,0.1366666666666663
1774271246.029316,-2.3480532410264057,-1.3070658781380262,2.5649785995485872e-06,-0.028333333333333145,-0.08833333333333314,0.1366666666666663
1774271246.0457966,-2.3602555890993324,-1.3061951834870675,2.555704116821537e-06,-0.028333333333333145,-0.08833333333333314,0.1366666666666663
1774271246.061233,-2.353030236908993,-1.2967378361900084,2.5693019231162964e-06,-0.028333333333333145,-0.08833333333333314,0.1366666666666663
1774271246.0777814,-2.352592738611632,-1.3000651982514653,2.563826243082931e-06,-0.028333333333333145,-0.08833333333333314,0.1366666666666663
1774271246.0935156,-2.352673584653657,-1.3092423862367204,2.5535821914675337e-06,-0.028333333333333145,-0.08833333333333314,0.1366666666666663
1774271246.110123,-2.359380962850648,-1.30301237104139,2.515959739685308e-06,-0.008333333333333144,-0.08833333333333314,0.10666666666666628
1774271246.1453404,-2.364477054192378,-1.3117759533428504,2.549600601196539e-06,-0.008333333333333144,-0.08833333333333314,0.10666666666666628
1774271246.1609766,-2.3677808117364028,-1.3262999565668019,2.546509106954189e-06,-0.008333333333333144,-0.08833333333333314,0.10666666666666628
1774271246.1775913,-2.365708753857116,-1.322288152701521,2.540326118469489e-06,-0.008333333333333144,-0.08833333333333314,0.10666666666666628
1774271246.1931555,-2.3650603939978314,-1.3296795750686505,2.53891150156682e-06,-0.008333333333333144,-0.08833333333333314,0.10666666666666628
1774271246.2100396,-2.376249429494968,-1.3363757979722295,2.5470336278282136e-06,-0.028333333333333145,-0.09833333333333315,0.1366666666666663
1774271246.2256498,-2.3741548524056797,-1.3245158685217848,2.546326319376879e-06,-0.028333333333333145,-0.09833333333333315,0.1366666666666663
1774271246.2416642,-2.3758452407103925,-1.3323483414934634,2.536082267761482e-06,-0.018333333333333143,-0.08833333333333314,0.1366666666666663
1774271246.2574306,-2.3857972403322893,-1.3327686302981985,2.5353749593101477e-06,-0.018333333333333143,-0.08833333333333314,0.1366666666666663
1774271246.2741432,-2.383284948454086,-1.3450829979963645,2.529899279276782e-06,-0.028333333333333145,-0.08833333333333314,0.1366666666666663
1774271246.2910573,-2.3869056776469924,-1.344468429184296,2.542789777120207e-06,-0.028333333333333145,-0.08833333333333314,0.1366666666666663
1774271246.3065062,-2.387285148587337,-1.3428653460212086,2.5318384170534753e-06,-0.03833333333333314,-0.08833333333333314,0.1366666666666663
1774271246.322319,-2.390535929188587,-1.3424558448557187,2.5335152943931565e-06,-0.03833333333333314,-0.08833333333333314,0.1366666666666663
1774271246.3389766,-2.393737858111279,-1.336329254301576,2.5351921717328376e-06,-0.028333333333333145,-0.08833333333333314,0.1366666666666663
1774271246.3548806,-2.3905032208028345,-1.3365299643187334,2.554527918497975e-06,-0.028333333333333145,-0.08833333333333314,0.1366666666666663
1774271246.370383,-2.407351584342769,-1.3539866531342883,2.5585889816286718e-06,-0.028333333333333145,-0.08833333333333314,0.1266666666666663
1774271246.3874667,-2.402598988282157,-1.3641983900046786,2.5905529658002214e-06,-0.028333333333333145,-0.08833333333333314,0.1266666666666663
1774271246.4046745,-2.3975702193551207,-1.3494836946790443,2.6017665863039653e-06,-0.028333333333333145,-0.08833333333333314,0.1266666666666663
1774271246.420321,-2.3822146029676583,-1.3366944633251947,2.6017665863039653e-06,-0.03833333333333314,-0.08833333333333314,0.1366666666666663
1774271246.438707,-2.3680248067701943,-1.3367350120439578,2.5955835978192654e-06,-0.03833333333333314,-0.09833333333333315,0.1366666666666663
1774271246.4535825,-2.3610522925156077,-1.3536514040047127,2.5924921035769154e-06,-0.03833333333333314,-0.09833333333333315,0.1366666666666663
1774271246.4691088,-2.3610522925156077,-1.3536514040047127,2.5924921035769154e-06,-0.03833333333333314,-0.09833333333333315,0.1366666666666663
1774271246.485782,-2.3656039700937384,-1.3563338417391124,2.583217620849865e-06,-0.018333333333333143,-0.09833333333333315,0.1266666666666663
1774271246.5020926,-2.3697460145699827,-1.3478352843933106,2.5558392206830365e-06,-0.018333333333333143,-0.09833333333333315,0.1266666666666663
1774271246.5186894,-2.36849215967248,-1.340942046957726,2.5680224100751267e-06,-0.018333333333333143,-0.08833333333333314,0.10666666666666628
1774271246.534582,-2.367116331829454,-1.3286590146701074,2.580912907918552e-06,-0.018333333333333143,-0.08833333333333314,0.10666666666666628
1774271246.550295,-2.3665924673367025,-1.323812754852873,2.5921265284222957e-06,-0.018333333333333143,-0.09833333333333315,0.1266666666666663
1774271246.5670478,-2.3596172210109767,-1.3327084527291513,2.601218223572036e-06,-0.018333333333333143,-0.09833333333333315,0.1266666666666663
1774271246.5826871,-2.353643352022507,-1.339141804603931,2.6052792867027327e-06,-0.018333333333333143,-0.08833333333333314,0.1266666666666663
1774271246.5985954,-2.3541273539753518,-1.3272979164981935,2.622938156128189e-06,-0.018333333333333143,-0.08833333333333314,0.1266666666666663
1774271246.7813454,-2.353587702665514,-1.334603694796756,2.669286727905535e-06,-0.018333333333333143,-0.08833333333333314,0.1266666666666663
1774271246.7996027,-2.3596521240959163,-1.3292810947102043,2.6671648025515316e-06,-0.028333333333333145,-0.08833333333333314,0.1366666666666663
1774271246.8143737,-2.3596521240959163,-1.3292810947102043,2.6671648025515316e-06,-0.028333333333333145,-0.08833333333333314,0.1366666666666663
1774271246.831232,-2.352467790006656,-1.3243764301325234,2.6688416798912128e-06,-0.028333333333333145,-0.08833333333333314,0.1366666666666663
1774271246.8480678,-2.3579566586276215,-1.3369107749796734,2.6729027430219095e-06,-0.028333333333333145,-0.08833333333333314,0.1366666666666663
1774271246.8648405,-2.363304542231453,-1.3362525591834111,2.7225255966189154e-06,-0.028333333333333145,-0.08833333333333314,0.1366666666666663
1774271246.8808572,-2.356989692454996,-1.342358180718223,2.7289708455406277e-06,-0.028333333333333145,-0.08833333333333314,0.1366666666666663
1774271246.8971105,-2.357395829193189,-1.3421392764160038,2.746629714966084e-06,-0.028333333333333145,-0.08833333333333314,0.1366666666666663
1774271246.913081,-2.363405021841344,-1.3476890851059675,2.7547518412274774e-06,-0.028333333333333145,-0.08833333333333314,0.1366666666666663
1774271246.9287913,-2.367679699732606,-1.3293272646472012,2.7552763621015018e-06,-0.028333333333333145,-0.08833333333333314,0.1366666666666663
1774271246.9443898,-2.372731683217927,-1.3419541189466353,2.739556630452739e-06,-0.018333333333333143,-0.10833333333333314,0.1266666666666663
1774271246.9600024,-2.3719273450337197,-1.3419104547702412,2.7381420135500703e-06,-0.018333333333333143,-0.10833333333333314,0.1266666666666663
1774271246.976619,-2.3719273450337197,-1.3419104547702412,2.7381420135500703e-06,-0.03833333333333314,-0.10833333333333314,0.1366666666666663
1774271246.9925437,-2.3719273450337197,-1.3419104547702412,2.7381420135500703e-06,-0.03833333333333314,-0.10833333333333314,0.1366666666666663
1774271247.0089996,-2.3719273450337197,-1.3419104547702412,2.7381420135500703e-06,-0.028333333333333145,-0.09833333333333315,0.1366666666666663
1774271247.0265956,-2.3719273450337197,-1.3419104547702412,2.7381420135500703e-06,-0.028333333333333145,-0.09833333333333315,0.1366666666666663
1774271247.0423026,-2.3719273450337197,-1.3419104547702412,2.7381420135500703e-06,-0.018333333333333143,-0.09833333333333315,0.1266666666666663
1774271247.0591176,-2.3719273450337197,-1.3419104547702412,2.7381420135500703e-06,-0.018333333333333143,-0.09833333333333315,0.1266666666666663
1774271247.0765405,-2.3719273450337197,-1.3419104547702412,2.7381420135500703e-06,-0.018333333333333143,-0.07833333333333314,0.1266666666666663
1774271247.0928922,-2.3719273450337197,-1.3419104547702412,2.7381420135500703e-06,-0.018333333333333143,-0.07833333333333314,0.1266666666666663
1774271247.108666,-2.3719273450337197,-1.3419104547702412,2.7381420135500703e-06,-0.018333333333333143,-0.08833333333333314,0.1266666666666663
1774271247.1244338,-2.3719273450337197,-1.3419104547702412,2.7381420135500703e-06,-0.018333333333333143,-0.08833333333333314,0.1266666666666663
1774271247.140121,-2.3719273450337197,-1.3419104547702412,2.7381420135500703e-06,-0.018333333333333143,-0.10833333333333314,0.1266666666666663
1774271247.1591432,-2.338774646716674,-1.3411299041649543,2.7353127797447327e-06,-0.018333333333333143,-0.10833333333333314,0.1266666666666663
1774271247.1738796,-2.340633619005265,-1.3291021861005679,2.7393738428754295e-06,-0.018333333333333143,-0.10833333333333314,0.1266666666666663
1774271247.1896434,-2.340633619005265,-1.3291021861005679,2.7393738428754295e-06,-0.018333333333333143,-0.10833333333333314,0.1266666666666663
1774271247.206019,-2.344082798960452,-1.3196558800464027,2.7410507202151106e-06,-0.028333333333333145,-0.10833333333333314,0.1366666666666663
1774271247.222609,-2.340037779519062,-1.3157820559794247,2.5806029637657294e-06,-0.028333333333333145,-0.10833333333333314,0.1366666666666663
1774271247.238656,-2.3420100319149855,-1.318018364832875,2.634994188944767e-06,-0.028333333333333145,-0.10833333333333314,0.1366666666666663
1774271247.2542148,-2.350016744068265,-1.3105216674893232,2.9429753621421997e-06,-0.028333333333333145,-0.10833333333333314,0.1366666666666663
1774271247.2706192,-2.333403594245652,-1.3073669772606775,2.9909213383995244e-06,0.011666666666666856,-0.12833333333333313,0.10666666666666628
1774271247.286215,-2.3242036738937983,-1.316284606377845,3.0085802078249806e-06,0.011666666666666856,-0.12833333333333313,0.10666666666666628
1774271247.3030815,-2.3269208668783494,-1.3180680079634068,3.0197938283287245e-06,0.011666666666666856,-0.12833333333333313,0.10666666666666628
1774271247.3197732,-2.3269208668783494,-1.3180680079634068,3.0197938283287245e-06,0.011666666666666856,-0.13833333333333314,0.1266666666666663
1774271247.3354194,-2.3269208668783494,-1.3180680079634068,3.0197938283287245e-06,0.011666666666666856,-0.13833333333333314,0.1266666666666663
1774271247.3509974,-2.3269208668783494,-1.3180680079634068,3.0197938283287245e-06,0.011666666666666856,-0.13833333333333314,0.1266666666666663
1774271247.3682032,-2.338544641489058,-1.3180214430626334,3.0384222666425275e-06,0.03166666666666686,-0.15833333333333316,0.1366666666666663
1774271247.3848615,-2.3421565140713296,-1.3384893527066195,3.024379412333446e-06,0.03166666666666686,-0.15833333333333316,0.1366666666666663
1774271247.400791,-2.3554696920560447,-1.3384786866014498,3.0365626017255363e-06,0.03166666666666686,-0.15833333333333316,0.1366666666666663
1774271247.4169276,-2.3550633964524033,-1.3203976519633933,3.0430078506472486e-06,0.08166666666666686,-0.16833333333333314,0.1266666666666663
1774271247.4331534,-2.3551686811290122,-1.316044244902421,3.054221471150992e-06,0.08166666666666686,-0.16833333333333314,0.1266666666666663
1774271247.448847,-2.3382258578724913,-1.314416428229894,3.058282534281689e-06,0.10166666666666686,-0.17833333333333315,0.1266666666666663
1774271247.464545,-2.333532010145868,-1.298572469991885,3.0711730321251135e-06,0.10166666666666686,-0.17833333333333315,0.1266666666666663
1774271247.4802775,-2.329502741328976,-1.2961116048096255,3.077618281046826e-06,0.14166666666666686,-0.18833333333333316,0.09666666666666629
1774271247.4968274,-2.3322139185974873,-1.2941392500039428,3.090508778890251e-06,0.14166666666666686,-0.18833333333333316,0.09666666666666629
1774271247.5124676,-2.3349089887382837,-1.2983751031366169,3.090508778890251e-06,0.16166666666666685,-0.19833333333333314,0.10666666666666628
1774271247.5282798,-2.336868700060323,-1.3078434617355796,3.0986309051516444e-06,0.16166666666666685,-0.19833333333333314,0.10666666666666628
1774271247.543947,-2.336868700060323,-1.3078434617355796,3.0986309051516444e-06,0.16166666666666685,-0.19833333333333314,0.10666666666666628
1774271247.5605755,-2.3412535314975065,-1.2833254422645386,3.132271766662875e-06,0.19166666666666687,-0.20833333333333315,0.10666666666666628
1774271247.5762613,-2.3369836220673488,-1.2884332087900208,3.132271766662875e-06,0.19166666666666687,-0.20833333333333315,0.10666666666666628
1774271247.5920174,-2.3236973968482375,-1.2801369742532502,3.1048933664960466e-06,0.19166666666666687,-0.20833333333333315,0.10666666666666628
1774271247.6087189,-2.3095206112499858,-1.2738958420799256,3.089173634847284e-06,0.23166666666666685,-0.21833333333333316,0.10666666666666628
1774271247.6244745,-2.301828452860837,-1.2737265382957677,3.063917160034459e-06,0.23166666666666685,-0.21833333333333316,0.10666666666666628
1774271247.6399932,-2.3063818076002702,-1.2793218858930224,3.063917160034459e-06,0.24166666666666686,-0.21833333333333316,0.1266666666666663
1774271247.6568203,-2.3210771252002598,-1.2906079996854507,3.0393679936729684e-06,0.24166666666666686,-0.21833333333333316,0.1266666666666663
1774271247.6724093,-2.341987569278304,-1.2948866123897593,3.0236482620242058e-06,0.2616666666666669,-0.20833333333333315,0.1366666666666663
1774271247.688273,-2.343767901373619,-1.310839342344186,3.007928530375443e-06,0.2616666666666669,-0.20833333333333315,0.1366666666666663
1774271247.7038372,-2.3328914695331413,-1.319028980902347,2.9922087987266804e-06,0.24166666666666686,-0.19833333333333314,0.17666666666666628
1774271247.7206953,-2.3225619699507427,-1.3085184899907536,2.972428003947221e-06,0.24166666666666686,-0.19833333333333314,0.17666666666666628
1774271247.7362103,-2.2922541971486083,-1.2616108261491055,2.9345432917279834e-06,0.24166666666666686,-0.19833333333333314,0.17666666666666628
1774271247.753199,-2.267804992379772,-1.2563159696900421,2.9123783111575084e-06,0.23166666666666685,-0.17833333333333315,0.25666666666666627
1774271247.7712088,-2.28824555557822,-1.246355824909003,2.8949817021690645e-06,0.23166666666666685,-0.17833333333333315,0.25666666666666627
1774271247.7882216,-2.352802933100481,-1.3091132497216569,2.9081344604495016e-06,0.23166666666666685,-0.17833333333333315,0.2866666666666663
1774271247.8039944,-2.3852002522061038,-1.360344630425182,2.9098113377891827e-06,0.23166666666666685,-0.17833333333333315,0.2866666666666663
1774271247.820881,-2.4175696860755482,-1.3756797033288812,2.93223857879667e-06,0.22166666666666687,-0.20833333333333315,0.32666666666666627
1774271247.8366094,-2.430046664597675,-1.3723641613487818,2.9832760492963448e-06,0.22166666666666687,-0.20833333333333315,0.32666666666666627
1774271247.8529825,-2.4009273531642603,-1.3776723104406918,3.0679543813072507e-06,0.17166666666666686,-0.20833333333333315,0.4366666666666663
1774271247.8695292,-2.3621471734308512,-1.4038323983012515,3.085613250732707e-06,0.17166666666666686,-0.20833333333333315,0.4366666666666663
1774271247.8852139,-2.3621471734308512,-1.4038323983012515,3.085613250732707e-06,0.17166666666666686,-0.20833333333333315,0.4366666666666663
1774271247.901216,-2.328744406865425,-1.4141663011187446,3.1080404917401943e-06,0.09166666666666685,-0.08833333333333314,0.6066666666666664
1774271247.9176548,-2.315618870529187,-1.3750674315503628,3.1035343805951755e-06,0.001666666666666856,0.001666666666666856,0.6766666666666663
1774271247.9332812,-2.312519414644469,-1.3827643768193147,3.097351392110475e-06,0.001666666666666856,0.001666666666666856,0.6766666666666663
1774271247.948881,-2.3238621911620583,-1.397060109626144,3.1054735183718687e-06,-0.09833333333333315,0.09166666666666685,-6.873333333333334
1774271247.9654806,-2.3503910214434853,-1.4032592904513828,3.0961990356448183e-06,-0.09833333333333315,0.09166666666666685,-6.873333333333334
1774271247.98216,-2.4015321620356707,-1.4313752538752096,3.109089533488243e-06,-0.17833333333333315,0.18166666666666687,-6.873333333333334
1774271247.9978652,-2.3798984419608806,-1.4345878033463382,3.1713406244916616e-06,-0.17833333333333315,0.18166666666666687,-6.873333333333334
1774271248.1891856,-2.359803336418999,-1.4136450368672873,3.176371256510705e-06,-0.15833333333333316,0.22166666666666687,-6.873333333333334
1774271248.204851,-2.3727669938806213,-1.4136770714422877,3.1966765721641893e-06,-0.08833333333333314,0.25166666666666687,-6.873333333333334
1774271248.2214448,-2.3727669938806213,-1.4136770714422877,3.1966765721641893e-06,-0.08833333333333314,0.25166666666666687,-6.873333333333334
1774271248.237084,-2.3727669938806213,-1.4136770714422877,3.1966765721641893e-06,-0.08833333333333314,0.25166666666666687,-6.873333333333334
1774271248.2537572,-2.374673879886338,-1.4163656479963787,3.206475575765264e-06,-0.08833333333333314,0.25166666666666687,-6.873333333333334
1774271248.2704682,-2.36555622704025,-1.4029328559340049,3.221305211385382e-06,-0.08833333333333314,0.25166666666666687,-6.873333333333334
1774271248.2863123,-2.358554224706115,-1.3966931715398005,3.221305211385382e-06,0.25166666666666687,0.5416666666666669,-6.873333333333334
1774271248.301911,-2.357846118913072,-1.3908830199908953,3.2334884007774724e-06,0.25166666666666687,0.5416666666666669,-6.873333333333334
1774271248.3195615,-2.3802899613592903,-1.3983323504888778,3.1791766484581377e-06,0.2616666666666669,0.7116666666666669,-6.873333333333334
1774271248.3343172,-2.378304552150428,-1.3869070495006615,3.190390268961881e-06,0.2616666666666669,0.7116666666666669,-6.873333333333334
1774271248.34994,-2.3750142198813036,-1.3992425689530459,3.1889756520592123e-06,0.28166666666666684,0.8316666666666669,-6.873333333333334
1774271248.366685,-2.3727674978224256,-1.4049758307084586,3.197097778320606e-06,0.28166666666666684,0.8316666666666669,-6.873333333333334
1774271248.5673356,-2.3854361006153066,-1.4060384327416822,3.3184051513674853e-06,0.8416666666666669,1.4016666666666668,0.3566666666666663
1774271248.5830677,-2.3886063952439,-1.405534179026292,3.3122221628827853e-06,0.9416666666666669,1.4216666666666669,0.2966666666666663
1774271248.6136932,-2.3886063952439,-1.405534179026292,3.3122221628827853e-06,0.9416666666666669,1.4216666666666669,0.2966666666666663
1774271248.6293476,-2.3969679958970835,-1.4219454754765581,3.3172527949018293e-06,0.9816666666666669,1.4416666666666669,0.2666666666666663
1774271248.6451838,-2.39540721949751,-1.4233932042427713,3.3144235610964917e-06,0.9816666666666669,1.4516666666666669,0.2666666666666663
1774271248.6620393,-2.391760359774481,-1.4271796785067183,3.3232529958092196e-06,0.9816666666666669,1.4516666666666669,0.2666666666666663
1774271248.6777418,-2.3833037675377318,-1.4251696081909997,3.4270048141482505e-06,1.021666666666667,1.4516666666666669,0.25666666666666627
1774271248.6942801,-2.380770970873606,-1.43468285602303,3.4239133199059006e-06,1.021666666666667,1.4516666666666669,0.25666666666666627
1774271248.7097337,-2.3645004796716362,-1.4223819805405666,3.4053643544518003e-06,0.9216666666666669,1.471666666666667,0.3466666666666663
1774271248.726599,-2.363483726900621,-1.4143343322669533,3.4461577733360783e-06,0.9216666666666669,1.471666666666667,0.3466666666666663
1774271248.7421966,-2.374824437412001,-1.407309073235255,3.4430662790937283e-06,0.9216666666666669,1.471666666666667,0.3466666666666663
1774271248.7577758,-2.3733388863389964,-1.4009457364783102,3.447127342224425e-06,0.9216666666666669,1.471666666666667,0.3466666666666663
1774271248.7742453,-2.3712155930580683,-1.4067922832719155,3.451188405355122e-06,0.9216666666666669,1.471666666666667,0.3466666666666663
1774271248.790073,-2.382080435578151,-1.4065010947465766,3.4578959147138465e-06,0.9216666666666669,1.471666666666667,0.3466666666666663
1774271248.8055818,-2.391455192358764,-1.4000565485836256,3.4738779067996216e-06,0.9216666666666669,1.471666666666667,0.3466666666666663
1774271248.8220854,-2.393581968820551,-1.3939284981664717,3.50107351938914e-06,0.9216666666666669,1.471666666666667,0.3466666666666663
1774271248.8376951,-2.3903558798409836,-1.3946946304219685,3.50107351938914e-06,0.9216666666666669,1.471666666666667,0.3466666666666663
1774271248.854265,-2.378754703517136,-1.3790402913859188,3.4901221593224086e-06,0.9216666666666669,1.471666666666667,0.3466666666666663
1774271248.869909,-2.371016912308087,-1.3752969404634319,3.489414850871074e-06,0.9216666666666669,1.471666666666667,0.3466666666666663
1774271248.8867195,-2.376004578594144,-1.3838146434090595,3.5118420918785615e-06,0.9716666666666669,1.461666666666667,0.2966666666666663
1774271248.927279,-2.387322091339405,-1.394377804086087,3.5097201665245583e-06,0.9716666666666669,1.461666666666667,0.2966666666666663
1774271248.9433444,-2.3710216123980046,-1.4129023342544471,3.5097201665245583e-06,0.8816666666666668,1.491666666666667,0.4066666666666663
1774271248.9589772,-2.3585887807725574,-1.4122156615161159,3.5185496012372862e-06,0.8816666666666668,1.491666666666667,0.4066666666666663
1774271248.975544,-2.3583622188462696,-1.405254259080875,3.5409768422447736e-06,0.8816666666666668,1.491666666666667,0.38666666666666627
1774271248.9922483,-2.3581508254548367,-1.404828622019313,3.5388549168907704e-06,0.8816666666666668,1.491666666666667,0.38666666666666627
1774271249.00785,-2.363377593088428,-1.386478005520666,3.546977043152164e-06,0.9116666666666668,1.491666666666667,0.3566666666666663
1774271249.0243914,-2.3611337464866153,-1.3780472608844134,3.5360256830854324e-06,0.9116666666666668,1.491666666666667,0.3566666666666663
1774271249.2132065,-2.3677416282735555,-1.4213228284395882,3.5711606343590347e-06,0.9316666666666669,1.4516666666666669,0.3566666666666663
1774271249.2288094,-2.354917074800566,-1.4351088113242512,3.543782234192206e-06,0.9716666666666669,1.4516666666666669,0.3166666666666663
1774271249.245402,-2.354917074800566,-1.4351088113242512,3.543782234192206e-06,0.9716666666666669,1.4516666666666669,0.3166666666666663
1774271249.2609556,-2.354917074800566,-1.4351088113242512,3.543782234192206e-06,0.9716666666666669,1.4516666666666669,0.3166666666666663
1774271249.276626,-2.356271488755675,-1.4149183717246938,3.5573800404869656e-06,0.9716666666666669,1.4516666666666669,0.3166666666666663
1774271249.2932792,-2.3564958647958987,-1.4137433500462104,3.522586822510078e-06,0.9716666666666669,1.4516666666666669,0.3166666666666663
1774271249.3091304,-2.3734896336028277,-1.406358470747486,3.5085439682009965e-06,0.9716666666666669,1.4516666666666669,0.3166666666666663
1774271249.3250313,-2.377759758004376,-1.4117158487143024,3.51666609446239e-06,0.9716666666666669,1.4516666666666669,0.3166666666666663
1774271249.3406966,-2.382142053449006,-1.3991904645790452,3.515251477559721e-06,1.1916666666666669,1.281666666666667,-6.873333333333334
1774271249.3574474,-2.374334978266071,-1.3937268800723708,3.556044896443999e-06,1.1916666666666669,1.281666666666667,-6.873333333333334
1774271249.3732665,-2.3710254868039797,-1.3791690566282504,3.5906553268435768e-06,1.211666666666667,1.281666666666667,-6.873333333333334
1774271249.3888726,-2.3752970148164074,-1.3692289430823936,3.613082567851064e-06,1.211666666666667,1.281666666666667,-6.873333333333334
1774271249.406604,-2.3735293453578015,-1.360355382724155,3.6307414372765204e-06,1.1916666666666669,1.291666666666667,-6.873333333333334
1774271249.4223006,-2.372401589523477,-1.3643666417987566,3.634802500407217e-06,1.1916666666666669,1.291666666666667,-6.873333333333334
1774271249.4384336,-2.3815268259901616,-1.3601968539013543,3.660583496094067e-06,1.1916666666666669,1.291666666666667,-6.873333333333334
1774271249.4545338,-2.3911929107931384,-1.3640706132394629,3.6734739939374915e-06,1.2016666666666669,1.281666666666667,-6.873333333333334
1774271249.4701362,-2.3938361698387096,-1.3615601506451362,3.6720593770348227e-06,1.2016666666666669,1.281666666666667,-6.873333333333334
1774271249.4858456,-2.3842194019825906,-1.353263155972347,3.6849498748782473e-06,1.211666666666667,1.271666666666667,-6.873333333333334
1774271249.502457,-2.373703110680637,-1.3668687378543285,3.691657384236972e-06,1.211666666666667,1.271666666666667,-6.873333333333334
1774271249.5208669,-2.372559300504717,-1.370278237517189,3.6807060241702405e-06,1.1816666666666669,1.281666666666667,-6.873333333333334
1774271249.535537,-2.376438813000514,-1.3669123044945153,3.6704619725548434e-06,1.1816666666666669,1.281666666666667,-6.873333333333334
1774271249.5522091,-2.3801912156381544,-1.3757800287356141,3.66834004720084e-06,1.221666666666667,1.281666666666667,-6.873333333333334
1774271249.5676708,-2.40384976894597,-1.391136289797195,3.722023963928543e-06,1.221666666666667,1.281666666666667,-6.873333333333334
1774271249.5841866,-2.410713333786753,-1.3858295647997807,3.723700841268224e-06,1.1816666666666669,1.281666666666667,-6.873333333333334
1774271249.600208,-2.4115436005332542,-1.3871961417731113,3.7461280822757114e-06,1.1816666666666669,1.281666666666667,-6.873333333333334
1774271249.6161306,-2.406897578396559,-1.3946203877010823,3.7478049596153925e-06,1.1716666666666669,1.271666666666667,-6.873333333333334
1774271249.6318407,-2.406897578396559,-1.3946203877010823,3.7478049596153925e-06,1.1716666666666669,1.271666666666667,-6.873333333333334
1774271249.6485217,-2.3924643929644573,-1.390372427187497,3.7368535995486614e-06,1.1016666666666668,1.271666666666667,-6.873333333333334
1774271249.6653323,-2.3947316907178458,-1.397066113339723,3.744975725810055e-06,1.1016666666666668,1.271666666666667,-6.873333333333334
1774271249.682793,-2.3968009463442557,-1.3913582801402802,3.75786622365348e-06,1.1916666666666669,1.271666666666667,-6.873333333333334
1774271249.6975243,-2.4072302379729447,-1.3873761850296307,3.7407318751020486e-06,1.1916666666666669,1.271666666666667,-6.873333333333334
1774271249.7144957,-2.4142823714292105,-1.376810804372929,3.7495613098147765e-06,1.1616666666666668,1.281666666666667,-6.873333333333334
1774271249.7291136,-2.420421109185295,-1.378864533358421,3.7512381871544576e-06,1.1616666666666668,1.281666666666667,-6.873333333333334
1774271249.7452629,-2.414700231228599,-1.3928078878358454,3.749823570251789e-06,1.1816666666666669,1.271666666666667,-6.873333333333334
1774271249.9382775,-2.3840879111375486,-1.4036948717334874,3.7944952646894543e-06,1.1616666666666668,1.261666666666667,-6.873333333333334
1774271249.9547582,-2.3819961331002073,-1.3919165046078052,3.816922505696942e-06,1.1516666666666668,1.271666666666667,-6.873333333333334
1774271249.989175,-2.369874047317404,-1.3998926170462642,3.837935129801761e-06,1.1516666666666668,1.271666666666667,-6.873333333333334
1774271250.0030947,-2.3631884143162,-1.40614971328784,3.837935129801761e-06,1.1516666666666668,1.271666666666667,-6.873333333333334
1774271250.0205011,-2.3453412237855114,-1.4118400656233792,3.846057256063154e-06,1.1516666666666668,1.271666666666667,-6.873333333333334
1774271250.0352805,-2.337019749608981,-1.3989130737264168,3.865393002828291e-06,1.1516666666666668,1.271666666666667,-6.873333333333334
1774271250.0511115,-2.3387840649668465,-1.3990744491740876,3.864685694376956e-06,1.0916666666666668,1.271666666666667,-6.873333333333334
1774271250.06671,-2.3347307716595003,-1.4052626020789003,3.87280782063835e-06,1.0916666666666668,1.271666666666667,-6.873333333333334
1774271250.0832613,-2.3312919273798016,-1.4110235832085776,3.842782974243493e-06,0.9716666666666669,1.301666666666667,-6.873333333333334
1774271250.1002996,-2.3304545927168667,-1.4101509467292057,3.892405827840499e-06,0.9716666666666669,1.301666666666667,-6.873333333333334
1774271250.1158056,-2.3325925596821437,-1.403236592956996,3.9045890172325895e-06,0.9516666666666669,1.3416666666666668,-6.873333333333334
1774271250.3161938,-2.3082276103423314,-1.3777292990126289,3.920650482178067e-06,0.9516666666666669,1.3416666666666668,-6.873333333333334
1774271250.332033,-2.312895085740996,-1.3799935319354664,3.920650482178067e-06,0.9016666666666668,1.3516666666666668,-6.873333333333334
1774271250.3478062,-2.3225419792667625,-1.3817583954086297,3.924004236857429e-06,0.9016666666666668,1.3516666666666668,-6.873333333333334
1774271250.363432,-2.333990947150433,-1.3739555620207948,3.928065299988126e-06,0.9016666666666668,1.3516666666666668,-6.873333333333334
1774271250.3801718,-2.3304082442391056,-1.3530057310867751,3.929742177327807e-06,0.9016666666666668,1.3516666666666668,-6.873333333333334
1774271250.3957772,-2.333030199613172,-1.351664235354945,3.924266497294441e-06,0.9016666666666668,1.3516666666666668,-6.873333333333334
1774271250.4111993,-2.342627793140463,-1.3716603865220043,3.89353434244825e-06,0.9016666666666668,1.3516666666666668,-6.873333333333334
1774271250.427846,-2.3382250413654897,-1.3744916424482962,3.892119725545581e-06,0.9016666666666668,1.3516666666666668,-6.873333333333334
1774271250.4434483,-2.3276231288084595,-1.3766420678417586,3.9240837097171315e-06,0.8516666666666669,1.4416666666666669,-6.873333333333334
1774271250.460005,-2.3304969322984546,-1.3790068496355181,3.9403279622399185e-06,0.8516666666666669,1.4416666666666669,-6.873333333333334
1774271250.4755614,-2.3328762676985932,-1.369228133519838,3.944389025370615e-06,0.7816666666666668,1.4416666666666669,-6.873333333333334
1774271250.4922304,-2.3318637760395817,-1.380816192018446,3.9701700210574645e-06,0.7816666666666668,1.4416666666666669,-6.873333333333334
1774271250.5078447,-2.3395180588452247,-1.376472791730667,3.9592186609907334e-06,0.7816666666666668,1.4416666666666669,-6.873333333333334
1774271250.523733,-2.3413030572321056,-1.3670689651667722,3.96327972412143e-06,0.8116666666666669,1.4516666666666669,-6.873333333333334
1774271250.5404112,-2.3367703605670593,-1.38196673771343,3.971401850382824e-06,0.7816666666666668,1.4516666666666669,-6.873333333333334
1774271250.5565784,-2.352781980863794,-1.397313101925618,4.018902778625826e-06,0.7816666666666668,1.4516666666666669,-6.873333333333334
1774271250.572026,-2.3530871571033303,-1.3976226026933825,4.022256533305189e-06,0.7816666666666668,1.4516666666666669,-6.873333333333334
1774271250.5875213,-2.342068829310212,-1.3982023636764078,4.011305173238458e-06,0.7516666666666669,1.4516666666666669,-6.873333333333334
1774271250.6039348,-2.343600629200415,-1.4044652637878674,4.010597864787123e-06,0.7516666666666669,1.4516666666666669,-6.873333333333334
1774271250.6194797,-2.357439431339694,-1.4152676958611892,3.993463516235691e-06,0.7016666666666669,1.471666666666667,0.1566666666666663
1774271250.636153,-2.3577857695671596,-1.4259910596769927,3.990372021993341e-06,0.7016666666666669,1.471666666666667,0.1566666666666663
1774271250.6526558,-2.363029821155531,-1.4233472865974748,3.994433085124038e-06,0.6916666666666669,1.4416666666666669,0.10666666666666628
1774271250.6700249,-2.3623921419468745,-1.4153554756064497,4.016860326131525e-06,0.6916666666666669,1.4416666666666669,0.10666666666666628
1774271250.6855755,-2.3622557149123518,-1.4189142805756267,4.052178064982437e-06,0.6616666666666668,1.4416666666666669,0.1566666666666663
1774271250.7027056,-2.362169525594468,-1.4175153792487567,4.05862331390415e-06,0.6616666666666668,1.4416666666666669,0.1566666666666663
1774271250.7300928,-2.3677372115969897,-1.4160941364033985,4.081050554911637e-06,0.6616666666666668,1.4416666666666669,0.1566666666666663
1774271250.745642,-2.360334770495537,-1.41391890917246,4.080343246460302e-06,0.6616666666666668,1.4416666666666669,0.10666666666666628
1774271250.7632372,-2.360583454011963,-1.3952540388264973,4.066300392151221e-06,0.6616666666666668,1.4416666666666669,0.10666666666666628
1774271250.779141,-2.3658112200294963,-1.395604745392759,4.075129826863949e-06,0.6616666666666668,1.4416666666666669,0.10666666666666628
1774271250.7948983,-2.3710479515756067,-1.3903178334186732,4.088727633158708e-06,0.6616666666666668,1.4416666666666669,0.10666666666666628
1774271250.810553,-2.3750676531549444,-1.3850931204325199,4.096849759420101e-06,0.6016666666666669,1.471666666666667,-6.873333333333334
1774271250.8273125,-2.37786487603108,-1.3933376297059357,4.103557268778826e-06,0.6016666666666669,1.471666666666667,-6.873333333333334
1774271250.8441136,-2.3873723313912345,-1.3997503589747176,4.125984509786314e-06,0.5916666666666669,1.471666666666667,-6.873333333333334
1774271250.8598628,-2.3908665512141747,-1.388330457257419,4.120508829752948e-06,0.5916666666666669,1.471666666666667,-6.873333333333334
1774271250.8756607,-2.3825039235005736,-1.3781187475378505,4.128630956014342e-06,0.5616666666666669,1.461666666666667,-6.873333333333334
1774271250.8914406,-2.3798189457348786,-1.3741725460499825,4.1326920191450385e-06,0.5616666666666669,1.461666666666667,-6.873333333333334
1774271250.9080248,-2.381179846329383,-1.3907546901822818,4.14036909739211e-06,0.5516666666666669,1.471666666666667,-6.873333333333334
1774271250.923633,-2.3786175519386283,-1.3856376407741706,4.153259595235535e-06,0.5516666666666669,1.471666666666667,-6.873333333333334
1774271250.9393783,-2.3767753727608394,-1.387170511325481,4.1477839152021695e-06,0.5516666666666669,1.471666666666667,-6.873333333333334
1774271250.9561036,-2.374865267873473,-1.3825275355954998,4.155906041463563e-06,0.5316666666666668,1.471666666666667,-6.873333333333334
1774271250.9715016,-2.360873041265195,-1.374501479773272,4.173564910889019e-06,0.5316666666666668,1.471666666666667,-6.873333333333334
1774271250.9881926,-2.3604350077789733,-1.3710312635058253,4.168089230855653e-06,0.5316666666666668,1.471666666666667,-6.873333333333334
1774271251.0036824,-2.3659137043420553,-1.3796591642683296,4.168089230855653e-06,0.5316666666666668,1.471666666666667,-6.873333333333334
1774271251.019517,-2.3711351423262808,-1.3817390000417267,4.158814748128603e-06,0.5116666666666668,1.481666666666667,-6.873333333333334
1774271251.036088,-2.363896247984131,-1.374283426154855,4.141680399577171e-06,0.5116666666666668,1.481666666666667,-6.873333333333334
1774271251.052623,-2.3693156550312637,-1.3650762326381902,4.140973091125837e-06,0.5516666666666669,1.481666666666667,-6.873333333333334
1774271251.0681107,-2.3693156550312637,-1.3650762326381902,4.140973091125837e-06,0.5516666666666669,1.481666666666667,-6.873333333333334
1774271251.0851064,-2.378430853319075,-1.371475182101483,4.147418340047549e-06,0.5416666666666669,1.481666666666667,-6.873333333333334
1774271251.1011376,-2.374659503031812,-1.3992174258236694,4.145296414693546e-06,0.5416666666666669,1.481666666666667,-6.873333333333334
1774271251.1168485,-2.3793042380185336,-1.4114176619295575,4.182028770447127e-06,0.5316666666666668,1.491666666666667,0.10666666666666628
1774271251.1329012,-2.3768907973044096,-1.4279482578386484,4.199687639872583e-06,0.5316666666666668,1.491666666666667,0.10666666666666628
1774271251.148595,-2.3752141539642673,-1.419676249700121,4.196596145630233e-06,0.5416666666666669,1.491666666666667,-6.873333333333334
1774271251.164349,-2.3734485588352348,-1.412024245257534,4.201626777649277e-06,0.5416666666666669,1.491666666666667,-6.873333333333334
1774271251.1810386,-2.369916987428153,-1.409194751155345,4.24171288808222e-06,0.5616666666666669,1.491666666666667,-6.873333333333334
1774271251.1969192,-2.3801729779871597,-1.4023568036500709,4.225285847982123e-06,0.5616666666666669,1.491666666666667,-6.873333333333334
1774271251.2130706,-2.3774538385391373,-1.401911299538144,4.226962725321804e-06,0.5516666666666669,1.501666666666667,-6.873333333333334
1774271251.2284956,-2.3749808071639125,-1.4073970131918163,4.235084851583197e-06,0.5516666666666669,1.501666666666667,-6.873333333333334
1774271251.2451634,-2.3553049463147273,-1.4122597359079534,4.232962926229194e-06,0.5516666666666669,1.501666666666667,-6.873333333333334
1774271251.2619033,-2.354644423363298,-1.4166399516032473,4.2458534240726186e-06,0.5516666666666669,1.501666666666667,-6.873333333333334
1774271251.2774205,-2.3604225519837843,-1.4150089007184068,4.2682806650801055e-06,0.5716666666666669,1.511666666666667,0.06666666666666629
1774271251.2945106,-2.360505731472904,-1.4139708133524644,4.276402791341499e-06,0.5716666666666669,1.511666666666667,0.06666666666666629
1774271251.3100007,-2.365095201140757,-1.4057356435400705,4.27189668019648e-06,0.6016666666666669,1.471666666666667,0.06666666666666629
1774271251.326835,-2.3635317188424683,-1.4048324265842376,4.2688051859541294e-06,0.6016666666666669,1.471666666666667,0.06666666666666629
1774271251.3428452,-2.362598912717495,-1.404301546455257,4.286464055379585e-06,0.5916666666666669,1.511666666666667,-6.873333333333334
1774271251.3590403,-2.36224395208838,-1.3982163415585325,4.294586181640979e-06,0.5916666666666669,1.511666666666667,-6.873333333333334
1774271251.3884313,-2.362170206210065,-1.3869441288930693,4.288403193156279e-06,0.5916666666666669,1.511666666666667,-6.873333333333334
1774271251.4052334,-2.3813579677459593,-1.395382921925806,4.269591967265167e-06,0.5816666666666669,1.501666666666667,-6.873333333333334
1774271251.4220004,-2.3792562498931904,-1.4019065932627728,4.3049097061160794e-06,0.5816666666666669,1.491666666666667,-6.873333333333334
1774271251.437703,-2.377355002276545,-1.401934911909438,4.3049097061160794e-06,0.5816666666666669,1.491666666666667,-6.873333333333334
1774271251.453396,-2.3845060409707206,-1.4023735707278415,4.320184389750519e-06,0.5916666666666669,1.511666666666667,-6.873333333333334
1774271251.470158,-2.382358036410151,-1.408395574265862,4.328306516011913e-06,0.5916666666666669,1.511666666666667,-6.873333333333334
1774271251.4857674,-2.3740589493545183,-1.384119307578932,4.3977101643883784e-06,0.5816666666666669,1.511666666666667,0.1266666666666663
1774271251.5021238,-2.3785384979331634,-1.3740024732356118,4.406539599101106e-06,0.5816666666666669,1.511666666666667,0.1266666666666663
1774271251.5185673,-2.3926999466141963,-1.3792719689070538,4.422521591186881e-06,0.5816666666666669,1.511666666666667,0.10666666666666628
1774271251.533966,-2.3836605868754766,-1.3872914019965288,4.441857337952019e-06,0.5816666666666669,1.511666666666667,0.10666666666666628
1774271251.550352,-2.3813578904819646,-1.382779265259345,4.4547478357954434e-06,0.5816666666666669,1.501666666666667,-6.873333333333334
1774271251.5680647,-2.3605629560461847,-1.3855489801035035,4.461455345154168e-06,0.5816666666666669,1.501666666666667,-6.873333333333334
1774271251.5834782,-2.372173779391614,-1.3811859167214808,4.4021129608157895e-06,0.5916666666666669,1.511666666666667,-6.873333333333334
1774271251.600504,-2.370683814078904,-1.382988324903623,4.413326581319533e-06,0.5916666666666669,1.511666666666667,-6.873333333333334
1774271251.6160278,-2.3754755041717344,-1.3729760875574544,4.424540201823277e-06,0.5816666666666669,1.511666666666667,-6.873333333333334
1774271251.632731,-2.373929750415415,-1.3697877786409776,4.4119119644168646e-06,0.5816666666666669,1.511666666666667,-6.873333333333334
1774271251.648373,-2.383713990053317,-1.3700006963796236,4.409082730611527e-06,0.5816666666666669,1.511666666666667,-6.873333333333334
1774271251.665241,-2.39317782807961,-1.3729677297583376,4.412436485290889e-06,0.5816666666666669,1.511666666666667,-6.873333333333334
1774271251.708563,-2.38177295590618,-1.383989917752159,4.4470469156904665e-06,0.5716666666666669,1.551666666666667,0.1366666666666663
1774271251.7240953,-2.3791373719263667,-1.3971716384773172,4.45826053619421e-06,0.5716666666666669,1.551666666666667,0.1366666666666663
1774271251.7410228,-2.374804255308346,-1.414224718048585,4.466382662455604e-06,0.6016666666666669,1.551666666666667,0.1266666666666663
1774271251.756834,-2.373302225892072,-1.4248978210746563,4.474504788716997e-06,0.6016666666666669,1.551666666666667,0.1266666666666663
1774271251.772424,-2.3719516136797196,-1.422799939649454,4.473090171814329e-06,0.6016666666666669,1.551666666666667,0.1266666666666663
1774271251.7898202,-2.3639838604668038,-1.4027318255129413,4.425668716431028e-06,0.5516666666666669,1.551666666666667,0.1566666666666663
1774271251.805403,-2.36325208241442,-1.402539739493756,4.409241676330931e-06,0.5516666666666669,1.551666666666667,0.1566666666666663
1774271251.822183,-2.362830911010101,-1.4025095100627794,4.417363802592324e-06,0.6116666666666669,1.541666666666667,0.1266666666666663
1774271251.839399,-2.362205836084919,-1.402337962116793,4.426193237305052e-06,0.6116666666666669,1.541666666666667,0.1266666666666663
1774271251.856063,-2.361153241970641,-1.4018941974502757,4.458157221476602e-06,0.6116666666666669,1.541666666666667,0.1266666666666663
1774271251.8745499,-2.366364660914411,-1.4023450299982654,4.462218284607299e-06,0.6116666666666669,1.541666666666667,0.1266666666666663
1774271251.8883529,-2.3659102370798957,-1.3906913743887999,4.462218284607299e-06,0.6116666666666669,1.541666666666667,0.1266666666666663
1774271251.9052045,-2.364750974029122,-1.3973614814694073,4.466279347737996e-06,0.6116666666666669,1.541666666666667,0.1266666666666663
1774271251.9217794,-2.369193320399507,-1.3928634560504005,4.464864730835327e-06,0.6216666666666669,1.541666666666667,0.10666666666666628
1774271251.937388,-2.3795105048729828,-1.3934295707825517,4.459389050801961e-06,0.6216666666666669,1.541666666666667,0.10666666666666628
1774271251.9540777,-2.388367807105223,-1.4054351487431855,4.463450113932658e-06,0.5816666666666669,1.551666666666667,0.1566666666666663
1774271251.9708939,-2.396667484596952,-1.3988020648200739,4.474663734436402e-06,0.5816666666666669,1.551666666666667,0.1566666666666663
1774271251.986399,-2.3776918093965773,-1.410364440979523,4.489231109619508e-06,0.5716666666666669,1.551666666666667,0.1366666666666663
1774271252.0029085,-2.3813341855958194,-1.4093149601676513,4.5014142990115985e-06,0.5716666666666669,1.551666666666667,0.1366666666666663
1774271252.019378,-2.379007661313796,-1.3967307155678461,4.495938618978233e-06,0.5616666666666669,1.551666666666667,0.1566666666666663
1774271252.0363095,-2.373799974373125,-1.3801573542433607,4.48763370513953e-06,0.5616666666666669,1.551666666666667,0.1566666666666663
1774271252.0799434,-2.381930157738515,-1.3784330722275766,4.486481348673873e-06,0.5616666666666669,1.551666666666667,0.1566666666666663
1774271252.0957932,-2.3724199843175198,-1.3716634923848752,4.507231712341679e-06,0.5616666666666669,1.541666666666667,0.1566666666666663
1774271252.111754,-2.3772841407872436,-1.3746240852487472,4.526567459106817e-06,0.5616666666666669,1.541666666666667,0.1566666666666663
1774271252.1273992,-2.3739882880501835,-1.3741303122043438,4.574513435364142e-06,0.5616666666666669,1.541666666666667,0.1566666666666663
1774271252.1431558,-2.3779738572810554,-1.3764384936469074,4.585727055867886e-06,0.5616666666666669,1.551666666666667,0.1566666666666663
1774271252.159799,-2.3756903298854515,-1.3903199758662435,4.589788118998582e-06,0.5616666666666669,1.551666666666667,0.1566666666666663
1774271252.1752825,-2.3795120597841115,-1.3970185053400925,4.616983731588101e-06,0.5516666666666669,1.551666666666667,0.1666666666666663
1774271252.3779984,-2.362590318376314,-1.4159854867475206,4.6373685201012865e-06,0.5516666666666669,1.551666666666667,0.1666666666666663
1774271252.3937986,-2.3494873323285375,-1.4141422033433997,4.6509663263960456e-06,0.5516666666666669,1.551666666666667,0.1666666666666663
1774271252.4267113,-2.3444560267649495,-1.407152838575645,4.659088452657439e-06,0.5516666666666669,1.551666666666667,0.1666666666666663
1774271252.4426494,-2.35158174049381,-1.4056063968782246,4.701558748881399e-06,0.5516666666666669,1.551666666666667,0.1666666666666663
1774271252.4583645,-2.3517502233046006,-1.41089438358476,4.704912503560761e-06,0.5516666666666669,1.551666666666667,0.1666666666666663
1774271252.4741418,-2.340614948286718,-1.4101031270513888,4.7130346298221545e-06,0.5516666666666669,1.551666666666667,0.1666666666666663
1774271252.4910536,-2.338133678931104,-1.3869000107518419,4.737138748169323e-06,0.6116666666666669,1.521666666666667,-6.873333333333334
1774271252.5065575,-2.340035438201464,-1.3883161335536007,4.750029246012748e-06,0.6116666666666669,1.521666666666667,-6.873333333333334
1774271252.5221736,-2.341761314268858,-1.389601276120139,4.762919743856172e-06,0.6416666666666668,1.501666666666667,-6.873333333333334
1774271252.539056,-2.3428398038013585,-1.3963723995067403,4.783225059509656e-06,0.6416666666666668,1.501666666666667,-6.873333333333334
1774271252.5560083,-2.3428398038013585,-1.3963723995067403,4.783225059509656e-06,0.6116666666666669,1.491666666666667,-6.873333333333334
1774271252.5719264,-2.3428398038013585,-1.3963723995067403,4.783225059509656e-06,0.6116666666666669,1.491666666666667,-6.873333333333334
1774271252.5887752,-2.357433538444259,-1.371975097818718,4.8073291778568255e-06,0.6016666666666669,1.491666666666667,-6.873333333333334
1774271252.6041787,-2.3511896768255895,-1.3627130997586925,4.824988047282281e-06,0.6016666666666669,1.491666666666667,-6.873333333333334
1774271252.6206129,-2.3513945016855846,-1.371975835985543,4.831433296203994e-06,0.6516666666666668,1.471666666666667,-6.873333333333334
1774271252.6361322,-2.3516704518971308,-1.3829318752211581,4.815713564555231e-06,0.6516666666666668,1.471666666666667,-6.873333333333334
1774271252.6550193,-2.346184316579368,-1.3904698217913876,4.7904570897424055e-06,0.6316666666666668,1.4416666666666669,0.10666666666666628
1774271252.6684043,-2.3525045054509426,-1.3911209443045105,4.792133967082086e-06,0.6316666666666668,1.4416666666666669,0.10666666666666628
1774271252.6843557,-2.3530830466372237,-1.3862546510879676,4.798579216003799e-06,0.6216666666666669,1.4316666666666669,0.10666666666666628
1774271252.700193,-2.363838455338694,-1.3837156861611104,4.834604263306046e-06,0.6216666666666669,1.4316666666666669,0.10666666666666628
1774271252.7170188,-2.3690081429213463,-1.3852779692377337,4.8474947611494705e-06,0.6116666666666669,1.4116666666666668,0.1266666666666663
1774271252.7341132,-2.3619289410153135,-1.3808159513887772,4.850848515828833e-06,0.6116666666666669,1.4116666666666668,0.1266666666666663
1774271252.7498593,-2.3557289058856674,-1.3945846774499537,4.8501412073774985e-06,0.6116666666666669,1.4016666666666668,0.1266666666666663
1774271252.7663636,-2.349619330001615,-1.4067904468131733,4.571795463562398e-06,0.6116666666666669,1.4016666666666668,0.1266666666666663
1774271252.7820582,-2.3500909266631336,-1.3940659847262273,4.576826095581442e-06,0.6116666666666669,1.4116666666666668,0.1266666666666663
1774271252.7988636,-2.350650997067093,-1.3887847080354805,4.575411478678773e-06,0.6116666666666669,1.4116666666666668,0.1266666666666663
1774271252.8147695,-2.351159223809668,-1.3839923270619237,4.587594668070863e-06,0.5516666666666669,1.4316666666666669,-6.873333333333334
1774271252.83076,-2.357904424354628,-1.3981660708897905,4.607192675273013e-06,0.5516666666666669,1.4316666666666669,-6.873333333333334
1774271252.847192,-2.3577293441187677,-1.4042879254888776,4.576460520426822e-06,0.5616666666666669,1.4216666666666669,0.1566666666666663
1774271252.8627245,-2.3641878997988317,-1.4102720357651806,4.5559724171960274e-06,0.5616666666666669,1.4216666666666669,0.1566666666666663
1774271252.8792717,-2.3693127956173785,-1.4211583480371976,4.564801851908755e-06,0.5616666666666669,1.4216666666666669,0.1566666666666663
1774271252.8947694,-2.3618693327485563,-1.4010913658139243,4.5586188634240545e-06,0.5616666666666669,1.4216666666666669,0.1566666666666663
1774271252.9112422,-2.34295833463547,-1.3888576449827212,4.553143183390689e-06,0.5616666666666669,1.4216666666666669,0.1566666666666663
1774271252.927652,-2.3387766363866125,-1.37845578388222,4.55172856648802e-06,0.5616666666666669,1.4216666666666669,0.1566666666666663
1774271252.944343,-2.346513568248039,-1.3747548388507522,4.560558001200748e-06,0.5616666666666669,1.4216666666666669,0.1566666666666663
1774271252.959879,-2.342313541699201,-1.379879478330382,4.578216870626204e-06,0.5616666666666669,1.4216666666666669,0.1566666666666663
1774271252.9762628,-2.3430872148756294,-1.3991886228268078,4.5798937479658855e-06,0.5616666666666669,1.4216666666666669,0.1566666666666663
1774271252.9918382,-2.3381553870317657,-1.4050771871405319,4.579186439514551e-06,0.5616666666666669,1.4216666666666669,0.1566666666666663
1774271253.008157,-2.339820323257563,-1.398776609947152,4.576094945272201e-06,0.5616666666666669,1.4216666666666669,0.1566666666666663
1774271253.0246422,-2.353601246312103,-1.4163717155632036,4.5801560084028974e-06,0.5616666666666669,1.4216666666666669,0.1566666666666663
1774271253.0411375,-2.3594760305190827,-1.4147655122044955,4.58660125732461e-06,0.5616666666666669,1.4216666666666669,0.1566666666666663
1774271253.0579765,-2.3645633147888123,-1.4131629953960023,4.599491755168035e-06,0.5716666666666669,1.3916666666666668,0.1366666666666663
1774271253.0930688,-2.3635064865100763,-1.4106738661884017,4.602138201396063e-06,0.5716666666666669,1.3916666666666668,0.1366666666666663
1774271253.1097946,-2.3680757925734404,-1.4153355736777096,4.6061992645267595e-06,0.5716666666666669,1.3916666666666668,0.1366666666666663
1774271253.1257029,-2.3669651708492463,-1.4139766888199434,4.614321390788153e-06,0.5516666666666669,1.3816666666666668,0.1266666666666663
1774271253.1412432,-2.3708540851162705,-1.4295873645828878,4.62747414906859e-06,0.5516666666666669,1.3816666666666668,0.1266666666666663
1774271253.1580532,-2.375130108886596,-1.4267565107914122,4.62915102640827e-06,0.5316666666666668,1.4316666666666669,-6.873333333333334
1774271253.1736684,-2.3728845649228987,-1.4181579334459913,4.645395278931057e-06,0.5416666666666669,1.3916666666666668,0.1366666666666663
1774271253.1895647,-2.371584003824372,-1.4048992997485663,4.650425910950101e-06,0.5416666666666669,1.3916666666666668,0.1366666666666663
1774271253.2051768,-2.369667346390076,-1.3983280261703255,4.650425910950101e-06,0.5416666666666669,1.3916666666666668,0.1366666666666663
1774271253.2217016,-2.3836931797245366,-1.4036611954076328,4.680267969767648e-06,0.5316666666666668,1.3916666666666668,0.1366666666666663
1774271253.2384405,-2.380892163765588,-1.4032388448505921,4.684329032898345e-06,0.5316666666666668,1.3916666666666668,0.1366666666666663
1774271253.2540493,-2.3793288011743616,-1.4034324350611713,4.673377672831614e-06,0.5316666666666668,1.3916666666666668,0.1366666666666663
1774271253.270688,-2.3699139824484363,-1.41421274808609,4.681499799093007e-06,0.5316666666666668,1.3916666666666668,0.1366666666666663
1774271253.2862666,-2.3742771179397373,-1.4128066059289268,4.670548439026276e-06,0.5316666666666668,1.3916666666666668,0.1366666666666663
1774271253.3020926,-2.37871891330194,-1.4177128052039059,4.674609502156973e-06,0.5316666666666668,1.3916666666666668,0.1366666666666663
1774271253.3186984,-2.3707350053053284,-1.4161397716579707,4.673902193705639e-06,0.5316666666666668,1.3916666666666668,0.1366666666666663
1774271253.3352532,-2.3637269285336084,-1.4207497232940445,4.682024319967032e-06,0.5316666666666668,1.3916666666666668,0.1366666666666663
1774271253.3508291,-2.379466199209613,-1.4225165698400348,4.675841331482331e-06,0.5316666666666668,1.3916666666666668,0.1366666666666663
1774271253.3673651,-2.388825220172322,-1.4262252185386135,4.669658342997631e-06,0.5316666666666668,1.3916666666666668,0.1366666666666663
1774271253.3829668,-2.392173682607433,-1.4241447696903604,4.657030105591219e-06,0.5316666666666668,1.3916666666666668,0.1366666666666663
1774271253.3995411,-2.4008550687044696,-1.422104160827828,4.665152231852612e-06,0.5316666666666668,1.3916666666666668,0.1366666666666663
1774271253.4157002,-2.4001160870555602,-1.4246406900487907,4.675658543905021e-06,0.5316666666666668,1.3916666666666668,0.1366666666666663
1774271253.431298,-2.4026684409266483,-1.4228529059944368,4.576754570007723e-06,0.5316666666666668,1.4216666666666669,-6.873333333333334
1774271253.463079,-2.4026684409266483,-1.4228529059944368,4.576754570007723e-06,0.5316666666666668,1.4216666666666669,-6.873333333333334
1774271253.4795911,-2.3853514431968206,-1.399991607011822,4.543900489807529e-06,0.7916666666666669,1.1916666666666669,-6.873333333333334
1774271253.4966536,-2.3828803678846726,-1.406089054313777,4.548931121826573e-06,0.7916666666666669,1.1916666666666669,-6.873333333333334
1774271253.5122998,-2.3865200798045505,-1.4175084853080684,4.571358362834061e-06,0.8416666666666669,1.1116666666666668,-6.873333333333334
1774271253.528025,-2.37831414377627,-1.404459809649356,4.539918899536536e-06,0.8416666666666669,1.1116666666666668,-6.873333333333334
1774271253.5447404,-2.380445405185829,-1.409776476836036,4.525876045227454e-06,0.9216666666666669,1.021666666666667,-6.873333333333334
1774271253.5618467,-2.378189748073221,-1.4089322192236677,4.533998171488848e-06,0.9216666666666669,1.021666666666667,-6.873333333333334
1774271253.5778377,-2.3822758195259475,-1.40830477486177,4.527815183004148e-06,1.021666666666667,0.9316666666666669,-6.873333333333334
1774271253.5934868,-2.38058473808703,-1.4080307828284122,4.527815183004148e-06,1.021666666666667,0.9316666666666669,-6.873333333333334
1774271253.6089232,-2.377506643946651,-1.4130410288716457,4.522339502970782e-06,1.0816666666666668,0.8916666666666668,0.026666666666666287
1774271253.6262412,-2.38166176837643,-1.4061415784270985,4.530461629232176e-06,1.0816666666666668,0.8916666666666668,0.026666666666666287
1774271253.6439724,-2.384696970305317,-1.3994491017064363,4.5416752497359196e-06,1.241666666666667,0.8916666666666668,-0.043333333333333716
1774271253.6599019,-2.3810747486316886,-1.3930973147842034,4.557657241821695e-06,1.241666666666667,0.8916666666666668,-0.043333333333333716
1774271253.6778288,-2.365185095118758,-1.4167865110083886,4.584145545959878e-06,1.241666666666667,0.8916666666666668,-0.043333333333333716
1774271253.6916156,-2.3699864295084376,-1.4151418789008057,4.597036043803303e-06,1.3316666666666668,0.8916666666666668,-0.013333333333333712
1774271253.7077749,-2.3630536620455267,-1.4139521140171742,4.58440780639689e-06,1.3316666666666668,0.8916666666666668,-0.013333333333333712
1774271253.723757,-2.368046452094504,-1.418460755359067,4.616634051005452e-06,1.3316666666666668,0.9216666666666669,0.036666666666666285
1774271253.740389,-2.3717041012810687,-1.391884681674303,4.642415046692302e-06,1.3316666666666668,0.9216666666666669,0.036666666666666285
1774271253.7561617,-2.3761456522725544,-1.3926907164163975,4.646476109822998e-06,1.321666666666667,0.9516666666666669,0.05666666666666629
1774271253.7719767,-2.3737939822597203,-1.3990317108833583,4.633847872416586e-06,1.321666666666667,0.9516666666666669,0.05666666666666629
1774271253.7886322,-2.3737939822597203,-1.3990317108833583,4.633847872416586e-06,1.321666666666667,0.9516666666666669,0.05666666666666629
1774271253.8053014,-2.3739289774124503,-1.4171832461876317,4.6450614929203295e-06,1.1816666666666669,1.001666666666667,-6.873333333333334
1774271253.8210373,-2.372282371120553,-1.4097620096511485,4.6450614929203295e-06,1.1016666666666668,1.061666666666667,-6.873333333333334
1774271253.8376257,-2.370550105384769,-1.3969930536823099,4.6341101328535984e-06,1.1016666666666668,1.061666666666667,-6.873333333333334
1774271253.8542032,-2.369703444302014,-1.3917266558910621,4.656537373861086e-06,1.061666666666667,1.1116666666666668,-6.873333333333334
1774271253.869969,-2.3567654182780196,-1.3771296332037153,4.671812057495527e-06,1.061666666666667,1.1116666666666668,-6.873333333333334
1774271253.8865373,-2.3567018691672748,-1.3793075625841433,4.705452919006758e-06,1.021666666666667,1.0916666666666668,-6.873333333333334
1774271253.9034998,-2.3563895804971278,-1.392923191569355,4.695208867391361e-06,1.021666666666667,1.0916666666666668,-6.873333333333334
1774271253.9190848,-2.3504666333006674,-1.3995361978460135,4.728849728902592e-06,0.8716666666666669,1.1216666666666668,0.1966666666666663
1774271253.9345222,-2.3568898307968107,-1.3935630854703083,4.71480687459351e-06,0.8716666666666669,1.1216666666666668,0.1966666666666663
1774271253.9509637,-2.374955179153972,-1.4062731536904058,4.726020495097254e-06,0.8716666666666669,1.1216666666666668,0.1966666666666663
1774271253.967338,-2.374672313701945,-1.4066204510545526,4.727697372436935e-06,0.8716666666666669,1.1216666666666668,0.1966666666666663
1774271253.9840367,-2.372463380980162,-1.4057794730255466,4.729374249776616e-06,0.8716666666666669,1.1216666666666668,0.1966666666666663
1774271254.0004652,-2.3866471569817675,-1.3994845497556785,4.74058787028036e-06,0.8716666666666669,1.1216666666666668,0.1966666666666663
1774271254.0170097,-2.389711211951184,-1.3936956947979873,4.7494173049930876e-06,0.8716666666666669,1.1216666666666668,0.1966666666666663
1774271254.0333464,-2.3870943338294763,-1.3887339114907074,4.736789067586675e-06,0.8716666666666669,1.1216666666666668,0.1966666666666663
1774271254.0498402,-2.383978154353082,-1.3896947703420635,4.736789067586675e-06,0.8716666666666669,1.1216666666666668,0.1966666666666663
1774271254.0662208,-2.3727300338263717,-1.3806872623429003,4.757539431254481e-06,0.8716666666666669,1.1216666666666668,0.1966666666666663
1774271254.0816233,-2.370944896322876,-1.3823937494361207,4.757539431254481e-06,0.8716666666666669,1.1216666666666668,0.1966666666666663
1774271254.1009002,-2.368844073972799,-1.377768477559604,4.775198300679937e-06,0.7116666666666669,1.1216666666666668,0.1966666666666663
1774271254.1423552,-2.371698998136,-1.3665246246964393,4.769984881083584e-06,0.7116666666666669,1.1216666666666668,0.1966666666666663
1774271254.1598551,-2.371698998136,-1.3665246246964393,4.769984881083584e-06,0.7116666666666669,1.1216666666666668,0.1966666666666663
1774271254.1745305,-2.370490511283846,-1.375717132083336,4.748082160950121e-06,0.7116666666666669,1.1216666666666668,0.1966666666666663
1774271254.1903756,-2.3747877640370585,-1.3896595164098715,4.738807678223071e-06,0.7116666666666669,1.1216666666666668,0.1966666666666663
1774271254.20596,-2.3733111653674177,-1.3790362542469825,4.730947812398689e-06,0.7116666666666669,1.1216666666666668,0.1966666666666663
1774271254.2229578,-2.376173986145137,-1.3882070846423948,4.757436116536874e-06,0.061666666666666856,0.9416666666666669,-6.873333333333334
1774271254.2397227,-2.363265647809066,-1.3897995295853902,4.7614971796675705e-06,0.061666666666666856,0.9416666666666669,-6.873333333333334
1774271254.2566335,-2.374870870758969,-1.385185684079507,4.779156049093026e-06,0.05166666666666686,0.9116666666666668,-6.873333333333334
1774271254.2724774,-2.3790359406261326,-1.368937797430514,4.795400301615813e-06,0.05166666666666686,0.9116666666666668,-6.873333333333334
1774271254.288119,-2.4037344241624683,-1.3691559443131085,4.803522427877207e-06,0.061666666666666856,0.8916666666666668,-6.873333333333334
1774271254.3039632,-2.406682616741743,-1.3847041735265138,4.830718040466726e-06,0.061666666666666856,0.8916666666666668,-6.873333333333334
1774271254.3205266,-2.4017513238691737,-1.3860384390750802,4.846700032552501e-06,0.05166666666666686,0.8516666666666669,0.4466666666666663
1774271254.337027,-2.3933818445670774,-1.3941092358369167,4.83574867248577e-06,0.05166666666666686,0.8516666666666669,0.4466666666666663
1774271254.3525023,-2.37792502583129,-1.3769112637355194,4.8693895339970005e-06,0.05166666666666686,0.8516666666666669,0.4466666666666663
1774271254.3691676,-2.3589586919403103,-1.3854452354944518,4.880603154500744e-06,0.05166666666666686,0.8116666666666669,0.4466666666666663
1774271254.3849409,-2.3643309380807014,-1.3925955292841883,4.877511660258394e-06,0.05166666666666686,0.8116666666666669,0.4466666666666663
1774271254.402069,-2.363149470763771,-1.3834826209736613,4.831767082214774e-06,0.05166666666666686,0.8116666666666669,0.4466666666666663
1774271254.4177635,-2.362749132362889,-1.3734305802508902,4.820815722148043e-06,0.061666666666666856,0.7516666666666669,0.4966666666666663
1774271254.4343495,-2.3856950336321336,-1.364143748640728,4.804388682047946e-06,0.061666666666666856,0.7516666666666669,0.4966666666666663
1774271254.4501634,-2.406268807977151,-1.3555776343878583,4.793437321981215e-06,0.061666666666666856,0.7216666666666669,0.5166666666666663
1774271254.465642,-2.425928963280143,-1.3542523766236727,4.793437321981215e-06,0.061666666666666856,0.7216666666666669,0.5166666666666663
1774271254.4828796,-2.440665600609471,-1.3451754498868513,4.810388882955336e-06,0.061666666666666856,0.7116666666666669,0.5166666666666663
1774271254.512247,-2.4249548816901725,-1.3767877503004595,4.814449946086033e-06,0.05166666666666686,0.7016666666666669,0.5166666666666663
1774271254.5262866,-2.407544580862325,-1.379434081741434,4.828047752380792e-06,0.05166666666666686,0.7016666666666669,0.5166666666666663
1774271254.5426037,-2.3797222051276896,-1.3758119427922746,4.811620712280694e-06,0.05166666666666686,0.7016666666666669,0.5166666666666663
1774271254.5584705,-2.3760806108868815,-1.3684034384787809,4.7849496205652e-06,0.061666666666666856,0.7016666666666669,0.4966666666666663
1774271254.5745373,-2.3747110059621104,-1.3775638956917107,4.782827695211197e-06,0.061666666666666856,0.7016666666666669,0.4966666666666663
1774271254.5901556,-2.3734741122318903,-1.3799852820396963,4.7664006551110995e-06,0.061666666666666856,0.6916666666666669,0.4966666666666663
1774271254.605847,-2.3780021774919295,-1.3761429243328414,4.749973615011002e-06,0.061666666666666856,0.6916666666666669,0.4966666666666663
1774271254.623036,-2.375606648287899,-1.3810117759757632,4.7693093617761395e-06,0.061666666666666856,0.6816666666666669,0.4966666666666663
1774271254.6393116,-2.3796927314871383,-1.3769330379851352,4.7743399937951826e-06,0.061666666666666856,0.6816666666666669,0.4966666666666663
1774271254.6555352,-2.371862349150119,-1.3792766792293965,4.771248499552832e-06,0.061666666666666856,0.6916666666666669,0.4866666666666663
1774271254.6711192,-2.352730742933747,-1.3871640998596575,4.772925376892514e-06,0.061666666666666856,0.6916666666666669,0.4866666666666663
1774271254.6867754,-2.3527927598231124,-1.3941610808645268,4.765065511068132e-06,0.061666666666666856,0.6916666666666669,0.4866666666666663
1774271254.7034156,-2.3826662090271804,-1.3845846255824132,4.756498336792416e-06,0.061666666666666856,0.6916666666666669,0.4866666666666663
1774271254.7200074,-2.3924730651401327,-1.3863453229619287,4.736010233561622e-06,0.061666666666666856,0.6916666666666669,0.4866666666666663
1774271254.7355504,-2.3947572061118434,-1.3757402585498242,4.725058873494891e-06,0.061666666666666856,0.6916666666666669,0.4866666666666663
1774271254.752291,-2.3876817184799535,-1.3575133730381723,4.731504122416604e-06,0.061666666666666856,0.6916666666666669,0.4866666666666663
1774271254.7679193,-2.3906500063580487,-1.355609911746304,4.70792452494346e-06,0.061666666666666856,0.6916666666666669,0.4866666666666663
1774271254.7835784,-2.387443539723611,-1.3656713340430218,4.725583394368916e-06,0.061666666666666856,0.6916666666666669,0.4866666666666663
1774271254.8002596,-2.3784015779068937,-1.374665661540503,4.7432422637943715e-06,0.061666666666666856,0.6916666666666669,0.4866666666666663
1774271254.8164546,-2.3817391770853336,-1.3708927795592718,4.754455884298115e-06,0.061666666666666856,0.6916666666666669,0.4866666666666663
1774271254.8323634,-2.3773912630560257,-1.3698167384913618,4.758779207865825e-06,0.061666666666666856,0.6916666666666669,0.4866666666666663
1774271254.8480062,-2.3773912630560257,-1.3698167384913618,4.758779207865825e-06,0.061666666666666856,0.6916666666666669,0.4866666666666663
1774271254.863638,-2.3841191848767695,-1.3692446017609523,4.752596219381125e-06,0.061666666666666856,0.6916666666666669,0.4866666666666663
1774271254.880541,-2.3871534207131897,-1.3837868051090263,4.752596219381125e-06,0.061666666666666856,0.6916666666666669,0.4866666666666663
1774271254.8963034,-2.394397416754367,-1.3932038229905737,4.848488171895774e-06,0.061666666666666856,0.6916666666666669,0.4866666666666663
1774271254.9121876,-2.3911017801724355,-1.3881449458687538,4.893342653910749e-06,0.07166666666666686,0.6716666666666669,0.4866666666666663
1774271254.9277995,-2.3911017801724355,-1.3881449458687538,4.893342653910749e-06,0.07166666666666686,0.6716666666666669,0.4866666666666663
1774271254.9443312,-2.3911017801724355,-1.3881449458687538,4.893342653910749e-06,0.061666666666666856,0.6716666666666669,0.4866666666666663
1774271254.961021,-2.3911017801724355,-1.3881449458687538,4.893342653910749e-06,0.061666666666666856,0.6716666666666669,0.4866666666666663
1774271254.9767761,-2.3911017801724355,-1.3881449458687538,4.893342653910749e-06,0.061666666666666856,0.6716666666666669,0.4866666666666663
1774271254.993381,-2.3911017801724355,-1.3881449458687538,4.893342653910749e-06,0.07166666666666686,0.6716666666666669,0.4866666666666663
1774271255.0091984,-2.3559207636548494,-1.376448349005211,4.905788103739852e-06,0.07166666666666686,0.6716666666666669,0.4866666666666663
1774271255.0254893,-2.3488182656065075,-1.3744264642119324,4.905788103739852e-06,0.07166666666666686,0.6716666666666669,0.4866666666666663
1774271255.0412152,-2.343613428884699,-1.3650774683619629,4.889361063639755e-06,0.07166666666666686,0.6716666666666669,0.4866666666666663
1774271255.0571966,-2.3575197056052177,-1.363027827488912,4.887946446737086e-06,0.07166666666666686,0.6716666666666669,0.4966666666666663
1774271255.0727637,-2.3637663912916596,-1.3608935024670108,4.886531829834417e-06,0.07166666666666686,0.6716666666666669,0.4966666666666663
1774271255.089444,-2.351272393308891,-1.3704771093800505,4.883440335592067e-06,0.061666666666666856,0.6716666666666669,0.4866666666666663
1774271255.1065102,-2.352442814552362,-1.373694480587026,4.89156246185346e-06,0.061666666666666856,0.6716666666666669,0.4866666666666663
1774271255.1222248,-2.352442814552362,-1.373694480587026,4.89156246185346e-06,0.061666666666666856,0.6716666666666669,0.4866666666666663
1774271255.138043,-2.3722347019350587,-1.3976233059146979,4.922819137573675e-06,0.07166666666666686,0.6816666666666669,0.4966666666666663
1774271255.1536746,-2.3712324123577764,-1.3922986659838068,4.9173434575403095e-06,0.07166666666666686,0.6816666666666669,0.4966666666666663
1774271255.1705873,-2.3695364386635998,-1.3999249524852357,4.957691828410265e-06,0.07166666666666686,0.6816666666666669,0.4966666666666663
1774271255.189011,-2.3690150327200183,-1.4063178321117382,4.9658139546716586e-06,0.061666666666666856,0.6816666666666669,0.4966666666666663
1774271255.2045474,-2.3683101892922367,-1.4001899475800292,4.9770275751754024e-06,0.061666666666666856,0.6816666666666669,0.4966666666666663
1774271255.221004,-2.3603110206876807,-1.3881981446059468,4.956801732381621e-06,0.061666666666666856,0.6816666666666669,0.4966666666666663
1774271255.2368379,-2.359445497300642,-1.377285916466649,4.9403746922815235e-06,0.061666666666666856,0.6816666666666669,0.4966666666666663
1774271255.2523882,-2.3593877121641373,-1.367806902621548,4.891276359558542e-06,0.061666666666666856,0.6816666666666669,0.4966666666666663
1774271255.2690086,-2.365224078700552,-1.3591986052085683,4.87555662790978e-06,0.061666666666666856,0.6816666666666669,0.4966666666666663
1774271255.2847717,-2.3648636430187566,-1.3633167348086568,4.877233505249461e-06,0.061666666666666856,0.6716666666666669,0.4966666666666663
1774271255.3026922,-2.381053151733044,-1.3812686716518388,4.889416694641551e-06,0.061666666666666856,0.6716666666666669,0.4966666666666663
1774271255.3182886,-2.3787411778627567,-1.3830634437879328,4.923057556152782e-06,0.061666666666666856,0.6816666666666669,0.4966666666666663
1774271255.3362129,-2.382537118870238,-1.3787947430013043,4.929502805074495e-06,0.061666666666666856,0.6816666666666669,0.4966666666666663
1774271255.3517783,-2.3781768845465674,-1.3712759819474187,4.9335638682051915e-06,0.061666666666666856,0.6816666666666669,0.4966666666666663
1774271255.3681626,-2.387901016425137,-1.3798751539048342,4.937624931335888e-06,0.061666666666666856,0.6816666666666669,0.4966666666666663
1774271255.3846436,-2.402853493144141,-1.3937066159103484,4.945747057597282e-06,0.061666666666666856,0.6816666666666669,0.4966666666666663
1774271255.403248,-2.3884941295776274,-1.3830267491982853,4.973912239075147e-06,0.061666666666666856,0.6816666666666669,0.4966666666666663
1774271255.4189355,-2.3729976019580823,-1.3724646015826703,5.001107851664666e-06,0.061666666666666856,0.6816666666666669,0.4966666666666663
1774271255.4347975,-2.3596609635111276,-1.3691942041162057,5.009937286377394e-06,0.061666666666666856,0.6816666666666669,0.4966666666666663
1774271255.4505293,-2.360287412082921,-1.3844595723408788,4.998985926310663e-06,0.061666666666666856,0.6816666666666669,0.4966666666666663
1774271255.4672372,-2.3662600677943293,-1.398023380139972,4.991126060486281e-06,0.061666666666666856,0.6816666666666669,0.4966666666666663
1774271255.4841764,-2.3810133054646547,-1.3984579618214688,4.997571309407994e-06,0.05166666666666686,0.6816666666666669,0.4966666666666663
1774271255.5194986,-2.376382422361885,-1.382120813581574,5.023352305094844e-06,0.05166666666666686,0.6816666666666669,0.4966666666666663
1774271255.535069,-2.374493352001988,-1.3860652406372898,5.0243218739831905e-06,0.05166666666666686,0.6816666666666669,0.4966666666666663
1774271255.5506966,-2.3791534171755173,-1.3994806794368317,5.032444000244584e-06,0.061666666666666856,0.6816666666666669,0.4966666666666663
1774271255.567408,-2.383144228940781,-1.4056193781746353,5.069176355998165e-06,0.061666666666666856,0.6816666666666669,0.4966666666666663
1774271255.5840397,-2.3811340357014203,-1.3995560383807144,5.075621604919878e-06,0.061666666666666856,0.6816666666666669,0.4966666666666663
1774271255.5997312,-2.38249710069037,-1.400550073667355,5.063255627950477e-06,0.061666666666666856,0.6816666666666669,0.4966666666666663
1774271255.6165226,-2.3918212396543597,-1.4064389999736062,5.082591374715615e-06,0.061666666666666856,0.6816666666666669,0.4966666666666663
1774271255.6331472,-2.4000288617639476,-1.4175280974375777,5.082591374715615e-06,0.061666666666666856,0.6816666666666669,0.4966666666666663
1774271255.6487138,-2.402335997285955,-1.422143863978842,5.089036623637327e-06,0.05166666666666686,0.6916666666666669,0.4966666666666663
1774271255.7649803,-2.3902816334684083,-1.3783646987473197,5.115421613057903e-06,0.061666666666666856,0.6816666666666669,0.5266666666666663
1774271255.7682478,-2.3881030720739203,-1.37510184802015,5.124251047770631e-06,0.061666666666666856,0.6816666666666669,0.5266666666666663
1774271255.7842522,-2.391020331755048,-1.3833529039852697,5.135464668274375e-06,0.061666666666666856,0.6816666666666669,0.5466666666666663
1774271255.8009956,-2.399314793149779,-1.3848003683142185,5.1442941029871026e-06,0.061666666666666856,0.6816666666666669,0.5466666666666663
1774271255.816635,-2.399978174133448,-1.373774585122294,5.148355166117799e-06,0.061666666666666856,0.7016666666666669,0.5466666666666663
1774271255.8332245,-2.357570188317146,-1.3274485580651605,5.136696497599734e-06,0.061666666666666856,0.7016666666666669,0.5466666666666663
1774271255.8725438,-2.333411512742301,-1.3221918920173787,5.084506670634402e-06,0.04166666666666686,0.7216666666666669,0.5766666666666663
1774271255.88827,-2.329861089099083,-1.329597738647093,5.0694942474369745e-06,0.04166666666666686,0.7416666666666669,0.5966666666666663
1774271255.9040434,-2.349952496820655,-1.3361580642570567,5.04900614420618e-06,0.04166666666666686,0.7416666666666669,0.5966666666666663
1774271255.9196804,-2.3627758713741125,-1.3482859764520392,5.023749669393355e-06,0.04166666666666686,0.7416666666666669,0.5966666666666663
1774271255.936277,-2.3793219533087218,-1.3576309852255475,5.01067638397262e-06,0.04166666666666686,0.7416666666666669,0.5966666666666663
1774271255.9529643,-2.377659062066462,-1.361893997388319,4.972791671753382e-06,0.061666666666666856,0.8116666666666669,0.5966666666666663
1774271255.9685214,-2.3643583304477755,-1.37756012170679,4.971377054850713e-06,0.061666666666666856,0.8116666666666669,0.5966666666666663
1774271255.9856682,-2.363100003374058,-1.3853045996122102,4.965901374817347e-06,0.09166666666666685,0.8716666666666669,0.5766666666666663
1774271256.1712954,-2.366323137979433,-1.415846866804156,4.9786090850834614e-06,0.09166666666666685,0.8716666666666669,0.5766666666666663
1774271256.1868515,-2.3651256236197713,-1.4201859499719498,5.039183298747198e-06,0.13166666666666685,0.9416666666666669,-6.873333333333334
1774271256.2176826,-2.3651256236197713,-1.4201859499719498,5.039183298747198e-06,0.13166666666666685,0.9416666666666669,-6.873333333333334
1774271256.2325704,-2.356918262198987,-1.4143615342782547,5.081653594971158e-06,0.13166666666666685,0.9416666666666669,-6.873333333333334
1774271256.2493875,-2.358404808989962,-1.4075675737678361,5.08333047231084e-06,0.6816666666666669,1.321666666666667,0.4666666666666663
1774271256.2660499,-2.3645577809338993,-1.4131036175734295,5.089775721232552e-06,0.6816666666666669,1.321666666666667,0.4666666666666663
1774271256.2817562,-2.3696547911653103,-1.4178365628348133,5.097897847493946e-06,0.9116666666666668,1.321666666666667,0.38666666666666627
1774271256.2973344,-2.3745360671444917,-1.4104936139556241,5.086946487427215e-06,0.9116666666666668,1.321666666666667,0.38666666666666627
1774271256.313926,-2.3601335575736115,-1.403146176297294,5.127032597860158e-06,1.0816666666666668,1.321666666666667,0.3566666666666663
1774271256.3296838,-2.3717782673506487,-1.403047656461699,5.128709475199839e-06,1.0816666666666668,1.321666666666667,0.3566666666666663
1774271256.3462062,-2.3821009040345023,-1.402814111084469,5.141599973043264e-06,1.1516666666666668,1.3416666666666668,0.3766666666666663
1774271256.3628757,-2.391221918914162,-1.4024580685787433,5.168088277181448e-06,1.1516666666666668,1.3416666666666668,0.3766666666666663
1774271256.3783107,-2.407911286037893,-1.4139357291365313,5.233693122864229e-06,1.211666666666667,1.3516666666666668,0.4066666666666663
1774271256.394727,-2.4035943768867365,-1.4247821573313253,5.225833257039848e-06,1.211666666666667,1.3516666666666668,0.4066666666666663
1774271256.4101741,-2.4055656130679997,-1.43462028504646,5.224418640137179e-06,1.211666666666667,1.3516666666666668,0.4066666666666663
1774271256.4269242,-2.4012186529411985,-1.4434070989169134,5.232540766398572e-06,1.241666666666667,1.3716666666666668,0.4166666666666663
1774271256.4427946,-2.382578465589523,-1.4192859842580303,5.2375713984176155e-06,1.241666666666667,1.3716666666666668,0.4166666666666663
1774271256.4584897,-2.379623750158916,-1.42904990446042,5.235449473063612e-06,1.271666666666667,1.3916666666666668,0.4466666666666663
1774271256.4766963,-2.3774316465150673,-1.4382039484923852,5.229973793030247e-06,1.291666666666667,1.4116666666666668,0.4866666666666663
1774271256.4939492,-2.3754607998965196,-1.428836850100594,5.241187413533991e-06,1.291666666666667,1.4116666666666668,0.4866666666666663
1774271256.5076587,-2.3793099326930642,-1.4260755576804487,5.254077911377415e-06,1.291666666666667,1.4116666666666668,0.4866666666666663
1774271256.523249,-2.3881983882399043,-1.4232715267568012,5.260523160299128e-06,1.291666666666667,1.4116666666666668,0.4866666666666663
1774271256.5399506,-2.392293719369818,-1.419818325837222,5.260523160299128e-06,1.321666666666667,1.4416666666666669,0.4966666666666663
1774271256.5562632,-2.3823129402695327,-1.423502655364942,5.254340171814428e-06,1.321666666666667,1.4416666666666669,0.4966666666666663
1774271256.5726337,-2.390644233369048,-1.4142656000631018,5.24983406066941e-06,1.321666666666667,1.4416666666666669,0.4966666666666663
1774271256.5873935,-2.4056091300232594,-1.4073848434435416,5.246742566427059e-06,1.3616666666666668,1.471666666666667,0.5466666666666663
1774271256.604464,-2.4069118961232805,-1.4067559456974248,5.2589257558191496e-06,1.3616666666666668,1.471666666666667,0.5466666666666663
1774271256.6210837,-2.402212087920765,-1.4002999539045262,5.260602633158831e-06,1.3816666666666668,1.481666666666667,0.5566666666666663
1774271256.6379766,-2.399367349119673,-1.4180159040657285,5.295920372009744e-06,1.3816666666666668,1.481666666666667,0.5566666666666663
1774271256.65429,-2.400994950846083,-1.4221478965759804,5.297597249349425e-06,1.4116666666666668,1.501666666666667,0.5766666666666663
1774271256.67214,-2.390714885594442,-1.4082371310025559,5.297597249349425e-06,1.4116666666666668,1.501666666666667,0.5766666666666663
1774271256.6863124,-2.375499914478636,-1.3956209166073472,5.296889940898091e-06,1.4216666666666669,1.511666666666667,0.6066666666666664
1774271256.7019598,-2.3607297046416424,-1.390785882904962,5.291676521301737e-06,1.4216666666666669,1.511666666666667,0.6066666666666664
1774271256.7186522,-2.377950662445687,-1.403463701445952,5.304567019145162e-06,1.4416666666666669,1.531666666666667,0.6466666666666663
1774271256.7345355,-2.3825427324766837,-1.4095238742914924,5.311012268066875e-06,1.4416666666666669,1.531666666666667,0.6466666666666663
1774271256.7503335,-2.391862632094271,-1.4145819783480635,5.314366022746237e-06,1.4516666666666669,1.541666666666667,0.6766666666666663
1774271256.7673187,-2.394431829631003,-1.419178059951254,5.330348014832012e-06,1.4516666666666669,1.541666666666667,0.6766666666666663
1774271256.7834733,-2.3939466174910073,-1.4330605232415603,5.38950761159308e-06,1.481666666666667,1.551666666666667,0.7366666666666662
1774271256.7995484,-2.3791536548321846,-1.430366474600788,5.388092994690411e-06,1.481666666666667,1.551666666666667,0.7366666666666662
1774271256.8154898,-2.3762788140948525,-1.4330655011365634,5.388092994690411e-06,1.491666666666667,1.551666666666667,0.7766666666666663
1774271256.8512132,-2.3922163034815784,-1.403383623171802,5.391446749369774e-06,1.491666666666667,1.561666666666667,0.8066666666666663
1774271256.8677404,-2.3947648117430784,-1.3972338245840579,5.391446749369774e-06,1.491666666666667,1.561666666666667,0.8066666666666663
1774271256.8835912,-2.4029467380535543,-1.409321015976792,5.385971069336408e-06,1.491666666666667,1.571666666666667,0.8266666666666663
1774271256.8992214,-2.4114755066327653,-1.4020139408859773,5.3957700729374824e-06,1.491666666666667,1.571666666666667,0.8266666666666663
1774271256.9160378,-2.4061060031062778,-1.3958535892978028,5.384818712870751e-06,1.511666666666667,1.581666666666667,0.8766666666666663
1774271256.9316525,-2.4073686836544295,-1.3904008665521,5.4167826970423014e-06,1.511666666666667,1.581666666666667,0.8766666666666663
1774271256.9472985,-2.4146506710449276,-1.3855891116919299,5.4167826970423014e-06,1.531666666666667,1.6016666666666668,0.9466666666666663
1774271256.9639332,-2.410113183089919,-1.3772642661764682,5.418721834818995e-06,1.531666666666667,1.6016666666666668,0.9466666666666663
1774271256.979485,-2.4050984691489634,-1.3912124130135346,5.422782897949692e-06,1.531666666666667,1.6016666666666668,0.9466666666666663
1774271257.0908396,-2.41089039109634,-1.3895965648578041,5.466747283936023e-06,1.551666666666667,1.6216666666666668,1.0166666666666664
1774271257.0913012,-2.41089039109634,-1.3895965648578041,5.466747283936023e-06,1.551666666666667,1.6216666666666668,1.0166666666666664
1774271257.1080353,-2.4053444639318826,-1.3799199466681238,5.455088615417958e-06,1.551666666666667,1.6216666666666668,1.0166666666666664
1774271257.1247947,-2.3949017967805983,-1.37595391540851,5.4458141326909074e-06,1.551666666666667,1.6216666666666668,1.0166666666666664
1774271257.1393464,-2.391547494870261,-1.3842744320998526,5.4396311442062075e-06,1.551666666666667,1.6216666666666668,1.0166666666666664
1774271257.1562243,-2.387282791695278,-1.3852215178840497,5.452521642049632e-06,1.551666666666667,1.6216666666666668,1.0166666666666664
1774271257.193198,-2.3846392578538573,-1.3867928892115526,5.489253997803213e-06,1.551666666666667,1.6216666666666668,1.0166666666666664
1774271257.2086349,-2.365839036142386,-1.3957724985750535,5.50240675608365e-06,1.551666666666667,1.6216666666666668,1.0166666666666664
1774271257.2260544,-2.3648334756707015,-1.3858116976045378,5.519358317057771e-06,1.551666666666667,1.6216666666666668,1.0166666666666664
1774271257.2407408,-2.3578926629576107,-1.3870491170610444,5.521035194397452e-06,1.551666666666667,1.6216666666666668,1.0166666666666664
1774271257.2564235,-2.345954164435889,-1.3824287489698193,5.521035194397452e-06,1.551666666666667,1.6216666666666668,1.0166666666666664
1774271257.2731223,-2.3527795230423156,-1.3841101967101646,5.514852205912752e-06,1.551666666666667,1.6216666666666668,1.0166666666666664
1774271257.2897232,-2.3538460216393835,-1.3873169642414036,5.5294195810958584e-06,1.551666666666667,1.6216666666666668,1.0166666666666664
1774271257.3054383,-2.353810727516995,-1.3884091271911267,5.532773335775221e-06,1.551666666666667,1.6216666666666668,1.0166666666666664
1774271257.3211436,-2.3486151745902477,-1.3898343290843238,5.544956525167311e-06,1.551666666666667,1.6216666666666668,1.0166666666666664
1774271257.3378031,-2.349558895809806,-1.3791948928078221,5.548310279846673e-06,1.551666666666667,1.6216666666666668,1.0166666666666664
1774271257.3533707,-2.3458022149074376,-1.3843354432313668,5.553603172302729e-06,1.551666666666667,1.6216666666666668,1.0166666666666664
1774271257.3699465,-2.352641635972568,-1.3858403693682142,5.561725298564123e-06,1.551666666666667,1.6216666666666668,1.0166666666666664
1774271257.3863342,-2.3527119056755343,-1.3929600101795498,5.5657863616948195e-06,1.551666666666667,1.6216666666666668,1.0166666666666664
1774271257.4027324,-2.353023565480664,-1.393672469549745,5.5657863616948195e-06,1.551666666666667,1.6216666666666668,1.0166666666666664
1774271257.419259,-2.3594511100060496,-1.394899642397063,5.580353736877926e-06,1.551666666666667,1.6216666666666668,1.0166666666666664
1774271257.4356277,-2.365026979855071,-1.3954265616715913,5.5844148000086225e-06,1.551666666666667,1.6216666666666668,1.0166666666666664
1774271257.4515548,-2.3639556423204273,-1.395767265099282,5.583707491557288e-06,1.551666666666667,1.6216666666666668,1.0166666666666664
1774271257.4673629,-2.357822873728413,-1.3965127120459107,5.572756131490557e-06,1.551666666666667,1.6216666666666668,1.0166666666666664
1774271257.4842803,-2.3694795801294872,-1.3807524579376156,5.590415000916013e-06,1.551666666666667,1.6216666666666668,1.0166666666666664
1774271257.5007114,-2.362836478971726,-1.3828850493615845,5.601628621419757e-06,1.551666666666667,1.6216666666666668,1.0166666666666664
1774271257.5162404,-2.356068306903861,-1.3961750161491049,5.635269482930988e-06,1.551666666666667,1.6216666666666668,1.0166666666666664
1774271257.5326316,-2.3563114693200014,-1.3967334061980003,5.634562174479653e-06,1.551666666666667,1.6216666666666668,1.0166666666666664
1774271257.5483243,-2.3623139490164586,-1.4031858856363582,5.6269645690922844e-06,1.551666666666667,1.6216666666666668,1.0166666666666664
1774271257.5649629,-2.3623139490164586,-1.4031858856363582,5.6269645690922844e-06,1.551666666666667,1.6216666666666668,1.0166666666666664
1774271257.5815368,-2.3623139490164586,-1.4031858856363582,5.6269645690922844e-06,1.551666666666667,1.6216666666666668,1.0166666666666664
1774271257.5976198,-2.364857119352568,-1.385294414110876,5.639147758484375e-06,1.551666666666667,1.6216666666666668,1.0166666666666664
1774271257.6133718,-2.358927511727379,-1.3719794728323949,5.6349039077763674e-06,1.551666666666667,1.6216666666666668,1.0166666666666664
1774271257.6306086,-2.3586637831865103,-1.374634133265793,5.6349039077763674e-06,1.551666666666667,1.6216666666666668,1.0166666666666664
1774271257.6454492,-2.3640633427124875,-1.3827862762064276,5.633489290873699e-06,1.551666666666667,1.6216666666666668,1.0166666666666664
1774271257.6614678,-2.375350444088738,-1.3786788007211175,5.645672480265789e-06,1.551666666666667,1.6216666666666668,1.0166666666666664
1774271257.8531506,-2.369382772915033,-1.3784538890039533,5.651752154032881e-06,1.551666666666667,1.6216666666666668,1.0166666666666664
1774271257.8689032,-2.374033101393643,-1.386394620807065,5.6629657745366246e-06,1.551666666666667,1.6216666666666668,1.0166666666666664
1774271257.8996625,-2.3664943222238857,-1.3759377968258195,5.6679964065556685e-06,1.551666666666667,1.6216666666666668,1.0166666666666664
1774271257.9154427,-2.365318643894902,-1.389366607012259,5.662520726522303e-06,1.551666666666667,1.6216666666666668,1.0166666666666664
1774271257.934079,-2.358817529001841,-1.390560432589262,5.666581789653e-06,1.551666666666667,1.6216666666666668,1.0166666666666664
1774271257.9477367,-2.358794016706214,-1.4034221443778112,5.657307306925949e-06,1.551666666666667,1.6216666666666668,1.0166666666666664
1774271257.9634655,-2.3641846710234864,-1.4200562009460962,5.635404586792486e-06,1.551666666666667,1.6216666666666668,1.0166666666666664
1774271257.9792454,-2.363920261807592,-1.418551789190811,5.64352671305388e-06,1.551666666666667,1.6216666666666668,1.0166666666666664
1774271257.9959834,-2.362708655068209,-1.416604117974194,5.665953954061367e-06,1.551666666666667,1.6216666666666668,1.0166666666666664
1774271258.0179563,-2.3725195187960573,-1.4189766995298825,5.642636617025236e-06,1.551666666666667,1.6216666666666668,1.0166666666666664
1774271258.0284538,-2.370997523126125,-1.4172807742259161,5.626209576925138e-06,1.551666666666667,1.6216666666666668,1.0166666666666664
1774271258.0442936,-2.3696164599116476,-1.415741849862715,5.659850438436369e-06,1.551666666666667,1.6216666666666668,1.0166666666666664
1774271258.0597873,-2.356829035026706,-1.414502370265202,5.648899078369638e-06,1.551666666666667,1.6216666666666668,1.0166666666666664
1774271258.0762866,-2.356753504320604,-1.419111909777759,5.652960141500335e-06,1.551666666666667,1.6216666666666668,1.0166666666666664
1774271258.0921555,-2.356933332967758,-1.4175490666103618,5.707351366679372e-06,1.551666666666667,1.6216666666666668,1.0166666666666664
1774271258.1106348,-2.3567658080448384,-1.4086623491746177,5.710967381795747e-06,1.551666666666667,1.6216666666666668,1.0166666666666664
1774271258.1243274,-2.3569445122883073,-1.408065884425319,5.758913358053072e-06,1.551666666666667,1.6216666666666668,1.0166666666666664
1774271258.139959,-2.345322868383741,-1.413428251121051,5.758913358053072e-06,1.551666666666667,1.6216666666666668,1.0166666666666664
1774271258.157697,-2.352965629537118,-1.4049719666631082,5.745132764181003e-06,-1.1283333333333332,-0.018333333333333143,0.09666666666666629
1774271258.172462,-2.3414774307587853,-1.4045840223487778,5.739657084147637e-06,-1.1283333333333332,-0.018333333333333143,0.09666666666666629
1774271258.1880958,-2.3487048668079757,-1.4159969798091099,5.744687716166681e-06,-1.0583333333333331,-0.34833333333333316,0.036666666666666285
1774271258.204901,-2.3493814363395304,-1.4204681601751734,5.7528098424280745e-06,-1.0583333333333331,-0.34833333333333316,0.036666666666666285
1774271258.2214663,-2.362263663536394,-1.4189133495103283,5.75210253397674e-06,-1.0583333333333331,-0.34833333333333316,0.036666666666666285
1774271258.2375126,-2.349661175296066,-1.428870568756252,5.735675493876643e-06,-1.0583333333333331,-0.34833333333333316,0.036666666666666285
1774271258.253252,-2.356039162923674,-1.4182579871063525,5.735675493876643e-06,-0.9383333333333331,-1.0983333333333332,-0.033333333333333715
1774271258.2693946,-2.3617046359816745,-1.398805164653324,5.791743596395361e-06,-0.9383333333333331,-1.0983333333333332,-0.033333333333333715
1774271258.285232,-2.3614265506651337,-1.3991203213928889,5.814170837402849e-06,-0.8483333333333332,-1.3583333333333332,-0.033333333333333715
1774271258.3018928,-2.3717191135981324,-1.393488774150634,5.796329180400083e-06,-0.8483333333333332,-1.3583333333333332,-0.033333333333333715
1774271258.318634,-2.382286169956636,-1.4001754295804107,5.8003902435307795e-06,-0.7683333333333332,-1.5783333333333331,0.01666666666666629
1774271258.3344755,-2.386471652010341,-1.4124325036280696,5.81257343292287e-06,-0.7683333333333332,-1.5783333333333331,0.01666666666666629
1774271258.3502283,-2.377519747031645,-1.4170938409693037,5.801622072856139e-06,-0.6783333333333331,-1.6883333333333332,0.05666666666666629
1774271258.5360737,-2.4065032525508867,-1.4022203500661816,5.868275960286968e-06,-0.6783333333333331,-1.6883333333333332,0.05666666666666629
1774271258.552983,-2.4018291946214054,-1.4079668856753562,5.877105394999696e-06,-0.5983333333333332,-1.7183333333333333,0.1366666666666663
1774271258.5698888,-2.4018291946214054,-1.4079668856753562,5.877105394999696e-06,-0.5983333333333332,-1.7183333333333333,0.1366666666666663
1774271258.5854812,-2.405338554786892,-1.3947619493473595,5.871629714966331e-06,-0.5983333333333332,-1.7183333333333333,0.1366666666666663
1774271258.6011817,-2.4037513538738264,-1.3858033366855926,5.9052705764775614e-06,-0.5983333333333332,-1.7183333333333333,0.1366666666666663
1774271258.6168692,-2.4106180983477983,-1.3868812194230367,5.903855959574893e-06,-0.5983333333333332,-1.7183333333333333,0.1366666666666663
1774271258.6336446,-2.417090171381771,-1.3938922427084004,5.92010021209768e-06,-0.5983333333333332,-1.7183333333333333,0.1366666666666663
1774271258.6492438,-2.417590224337228,-1.3828716233970693,5.9313138326014235e-06,-0.27833333333333315,-1.3783333333333332,30.916666666666664
1774271258.6655567,-2.430130334531809,-1.3977731818816346,5.950649579366561e-06,-0.27833333333333315,-1.3783333333333332,30.916666666666664
1774271258.6814423,-2.4122424056968756,-1.3984827807410676,5.96424738566132e-06,-0.28833333333333316,-1.3383333333333332,31.336666666666666
1774271258.6971016,-2.40165459207493,-1.3930845793192108,5.9611558914189696e-06,-0.28833333333333316,-1.3383333333333332,31.336666666666666
1774271258.713717,-2.397429364279648,-1.399676821210592,5.980491638184107e-06,-0.28833333333333316,-1.3383333333333332,31.336666666666666
1774271258.7301903,-2.390385010127051,-1.3882094691404159,5.967418352763372e-06,-0.2983333333333332,-1.3383333333333332,31.336666666666666
1774271258.7457876,-2.3818105761547623,-1.3896531656695785,5.975540479024765e-06,-0.2983333333333332,-1.3383333333333332,31.336666666666666
1774271258.7622573,-2.379422410094611,-1.3965630809795873,5.986754099528509e-06,-0.3083333333333331,-1.3383333333333332,31.336666666666666
1774271258.7780466,-2.3777560758219893,-1.3913363807169588,5.961497624715684e-06,-0.3083333333333331,-1.3383333333333332,31.336666666666666
1774271258.7945633,-2.3691187410596894,-1.4035543386230545,5.969619750977077e-06,-0.33833333333333315,-1.3483333333333332,31.336666666666666
1774271258.8103268,-2.366263955399604,-1.4094797255643525,5.986571311951199e-06,-0.33833333333333315,-1.3483333333333332,31.336666666666666
1774271258.8259616,-2.3594387865936532,-1.4027774473684196,5.9906323750818955e-06,-0.35833333333333317,-1.3483333333333332,31.336666666666666
1774271258.842522,-2.3591216632929504,-1.408472408170326,5.992309252421576e-06,-0.35833333333333317,-1.3483333333333332,31.336666666666666
1774271258.8582246,-2.3590700349959213,-1.419677495764063,6.00352287292532e-06,-0.38833333333333314,-1.3483333333333332,31.336666666666666
1774271258.873656,-2.3582997019763954,-1.415628141026224,5.9983094533289665e-06,-0.38833333333333314,-1.3483333333333332,31.336666666666666
1774271258.8906043,-2.358802475306427,-1.4323583554308983,6.010492642721057e-06,-0.41833333333333317,-1.3383333333333332,31.336666666666666
1774271258.9289553,-2.3646666670325964,-1.4329265767701957,5.660859743754593e-06,-0.41833333333333317,-1.3383333333333332,31.336666666666666
1774271258.9460232,-2.3739045458103676,-1.4370803606839813,5.67851861318005e-06,-0.4283333333333332,-1.3183333333333331,31.766666666666666
1774271258.9625974,-2.3722602045403143,-1.427817257415444,5.6866407394414435e-06,-0.4283333333333332,-1.3183333333333331,31.766666666666666
1774271258.9781435,-2.369153917180345,-1.4282205531404806,5.689994494120806e-06,-0.4283333333333332,-1.3183333333333331,31.766666666666666
1774271258.993867,-2.367949342927094,-1.4197776009837242,5.679043134054075e-06,-0.45833333333333315,-1.278333333333333,32.196666666666665
1774271259.0102527,-2.3552971059930776,-1.4358408950649038,5.677628517151406e-06,-0.45833333333333315,-1.278333333333333,32.196666666666665
1774271259.0261846,-2.3501997291057792,-1.4389248074000853,5.666677157084675e-06,-0.4883333333333332,-1.278333333333333,-6.873333333333334
1774271259.0419989,-2.3446206043827904,-1.4293502071564705,5.674799283346068e-06,-0.4883333333333332,-1.278333333333333,-6.873333333333334
1774271259.0588353,-2.3575721930233646,-1.4244187113463382,5.686982472738159e-06,-0.49833333333333313,-1.248333333333333,-0.09333333333333371
1774271259.0745544,-2.362829992300086,-1.4278105941322485,5.686982472738159e-06,-0.49833333333333313,-1.248333333333333,-0.09333333333333371
1774271259.0902064,-2.356310829367848,-1.4311940884021603,5.699165662130249e-06,-0.5183333333333332,-1.2283333333333333,-0.13333333333333372
1774271259.1067076,-2.3625967871124702,-1.426606228395928,5.701104799906942e-06,-0.5183333333333332,-1.2283333333333333,-0.13333333333333372
1774271259.1223192,-2.3622362135004806,-1.4243503379953828,5.707550048828655e-06,-0.5283333333333331,-1.2083333333333333,-0.1833333333333337
1774271259.1382074,-2.361902901498262,-1.4281950332201436,5.744282404582236e-06,-0.5283333333333331,-1.2083333333333333,-0.1833333333333337
1774271259.1546967,-2.367744644789897,-1.4200398946516943,5.789136886597211e-06,-0.5183333333333332,-1.1783333333333332,-0.2433333333333337
1774271259.1704614,-2.3610250141673537,-1.4125051363980483,5.765557289124067e-06,-0.5183333333333332,-1.1783333333333332,-0.2433333333333337
1774271259.1860108,-2.355061708314119,-1.3993246551442562,5.792045593262252e-06,-0.5483333333333331,-1.1883333333333332,-0.30333333333333373
1774271259.2028337,-2.3549137691034074,-1.3993041340767916,5.785862604777552e-06,-0.5483333333333331,-1.1883333333333332,-0.30333333333333373
1774271259.2196383,-2.355021589400025,-1.3994293262200899,5.784447987874883e-06,-0.5383333333333331,-1.1683333333333332,-0.30333333333333373
1774271259.235505,-2.3553491574861387,-1.4114707614810404,5.784447987874883e-06,-0.5383333333333331,-1.1683333333333332,-0.30333333333333373
1774271259.2513213,-2.3495285700514303,-1.4104755162885503,5.780911445618211e-06,-0.5383333333333331,-1.1683333333333332,-0.30333333333333373
1774271259.2670584,-2.36749657663354,-1.414761273932529,5.772344271342495e-06,-0.5583333333333331,-1.1883333333333332,-0.3433333333333337
1774271259.2825696,-2.372809516175111,-1.4196326574144926,5.772344271342495e-06,-0.5683333333333331,-1.1883333333333332,-0.3533333333333337
1774271259.299599,-2.372003573279739,-1.4065262387218287,5.76686859130913e-06,-0.5683333333333331,-1.1883333333333332,-0.3533333333333337
1774271259.3154962,-2.3691974373709996,-1.3995984404494124,5.769515037537158e-06,-0.5683333333333331,-1.1883333333333332,-0.3533333333333337
1774271259.331311,-2.362088840589443,-1.4055935556323973,5.769515037537158e-06,-0.5783333333333331,-1.1883333333333332,-0.36333333333333373
1774271259.3470042,-2.3615382923957924,-1.3992451452813384,5.757149060567757e-06,-0.5783333333333331,-1.1883333333333332,-0.36333333333333373
1774271259.3637025,-2.3561070606408414,-1.405851311929924,5.76527118682915e-06,-0.5583333333333331,-1.1783333333333332,-0.3533333333333337
1774271259.3803074,-2.349549331879472,-1.409890948172591,5.7559967041021e-06,-0.5583333333333331,-1.1783333333333332,-0.3533333333333337
1774271259.5646477,-2.3676212541613384,-1.375139716064956,5.775332450867237e-06,-0.5983333333333332,-1.2183333333333333,-0.37333333333333374
1774271259.5801456,-2.373398267727499,-1.4028194634111009,5.784161885579965e-06,-0.5983333333333332,-1.2183333333333333,-0.37333333333333374
1774271259.5959067,-2.3776888336555624,-1.3967219004549154,5.749368667603078e-06,-0.6083333333333332,-1.2283333333333333,-0.36333333333333373
1774271259.613303,-2.3907934899755228,-1.3972821588863673,5.7384173075363465e-06,-0.6083333333333332,-1.2283333333333333,-0.36333333333333373
1774271259.6287365,-2.3942122302454067,-1.392126038651627,5.741771062215709e-06,-0.6183333333333332,-1.2283333333333333,-0.3533333333333337
1774271259.6452708,-2.390682130704734,-1.392915696648518,5.74035644531304e-06,-0.6183333333333332,-1.2283333333333333,-0.3533333333333337
1774271259.660909,-2.39385287097158,-1.399805520627661,5.724636713664277e-06,-0.6283333333333332,-1.238333333333333,-0.3433333333333337
1774271259.6782882,-2.4106000609107348,-1.3892404748255085,5.721807479858939e-06,-0.6283333333333332,-1.238333333333333,-0.3433333333333337
1774271259.6943512,-2.3999174037395528,-1.384553872566899,5.744234720866427e-06,-0.6083333333333332,-1.2283333333333333,-0.3533333333333337
1774271259.7102618,-2.3902105810390135,-1.392084848748559,5.75067996978814e-06,-0.6083333333333332,-1.2283333333333333,-0.3533333333333337
1774271259.7267478,-2.393190825620682,-1.3871234757236572,5.754033724467502e-06,-0.6183333333333332,-1.2183333333333333,-0.3433333333333337
1774271259.7424026,-2.372084989542852,-1.394284575519119,5.743789672852106e-06,-0.6183333333333332,-1.2183333333333333,-0.3433333333333337
1774271259.9405663,-2.372458578409443,-1.4040673315132017,5.717905362447648e-06,-0.6583333333333331,-1.248333333333333,-0.3233333333333337
1774271259.9572456,-2.370692503619045,-1.409497957642276,5.719582239787329e-06,-0.6483333333333332,-1.238333333333333,-0.3233333333333337
1774271259.9730694,-2.3693454860837004,-1.4027881356639869,5.7324727376307535e-06,-0.6483333333333332,-1.238333333333333,-0.3233333333333337
1774271259.989427,-2.3742553610480934,-1.3968368774465816,5.73653380076145e-06,-0.6483333333333332,-1.238333333333333,-0.3233333333333337
1774271260.0059712,-2.377293001842199,-1.4039325414094992,5.722490946452369e-06,-0.6483333333333332,-1.238333333333333,-0.3233333333333337
1774271260.0215704,-2.3753230575619266,-1.4095205646692914,5.7210763295497e-06,-0.6483333333333332,-1.238333333333333,-0.3233333333333337
1774271260.039015,-2.3745178484780403,-1.4092792279779172,5.7132164637253184e-06,-0.6483333333333332,-1.238333333333333,-0.3233333333333337
1774271260.0538023,-2.379182059102228,-1.4146571288250036,5.719661712647031e-06,-0.8483333333333332,-1.2983333333333331,-0.25333333333333374
1774271260.0712109,-2.369521881855291,-1.4061546372478115,5.721600850423725e-06,-0.8483333333333332,-1.2983333333333331,-0.25333333333333374
1774271260.087211,-2.3621579506724935,-1.393725748603563,5.753564834595275e-06,-0.8883333333333332,-1.2983333333333331,-0.2433333333333337
1774271260.102805,-2.373132949387973,-1.3883213603319633,5.7600100835169876e-06,-0.8883333333333332,-1.2983333333333331,-0.2433333333333337
1774271260.11948,-2.3656827560910116,-1.37179468797764,5.764071146647684e-06,-0.9283333333333331,-1.2983333333333331,-0.22333333333333372
1774271260.1362429,-2.358341150624245,-1.3770381857148706,5.789144833883199e-06,-0.9283333333333331,-1.2983333333333331,-0.22333333333333372
1774271260.1520777,-2.357883265065069,-1.3849734596718228,5.7924985885625616e-06,-0.9783333333333332,-1.2983333333333331,-0.2133333333333337
1774271260.1679785,-2.3577101046836653,-1.3923165986328205,5.804681777954652e-06,-0.9783333333333332,-1.2983333333333331,-0.2133333333333337
1774271260.1846986,-2.3693290729595846,-1.398967792317877,5.8111270268763646e-06,-1.028333333333333,-1.2983333333333331,-0.1833333333333337
1774271260.200284,-2.3843301706182016,-1.3988340549078777,5.824017524719789e-06,-1.028333333333333,-1.2983333333333331,-0.1833333333333337
1774271260.2159665,-2.387842237708591,-1.4050324510238121,5.862689018250064e-06,-1.028333333333333,-1.2983333333333331,-0.1833333333333337
1774271260.2318342,-2.3907956722999764,-1.3987300165442018,5.8462619781499665e-06,-1.0583333333333331,-1.2983333333333331,-0.1833333333333337
1774271260.249159,-2.3998572700344365,-1.3932909068071586,5.899055798849025e-06,-1.0583333333333331,-1.2983333333333331,-0.1833333333333337
1774271260.264929,-2.409723589920007,-1.3889552191548733,5.942233403524319e-06,-1.0983333333333332,-1.2983333333333331,-0.17333333333333373
1774271260.2806711,-2.4050047237022874,-1.390181268244288,5.9973319371546905e-06,-1.1283333333333332,-1.288333333333333,-0.1533333333333337
1774271260.2971153,-2.406610839670487,-1.391287973002842,6.008545557658434e-06,-1.1283333333333332,-1.288333333333333,-0.1533333333333337
1774271260.313046,-2.408575342487759,-1.380791621562989,6.003069877625069e-06,-1.1283333333333332,-1.288333333333333,-0.1533333333333337
1774271260.3286896,-2.4107327185853618,-1.389750259882847,5.996886889140369e-06,-1.2183333333333333,-1.3283333333333331,-0.09333333333333371
1774271260.3454201,-2.4107327185853618,-1.389750259882847,5.996886889140369e-06,-1.2183333333333333,-1.3283333333333331,-0.09333333333333371
1774271260.361522,-2.4010429060482914,-1.3863032143264586,6.008100509644113e-06,-1.248333333333333,-1.3183333333333331,-0.08333333333333372
1774271260.3772554,-2.402762217788151,-1.3935172733837038,6.008100509644113e-06,-1.248333333333333,-1.3183333333333331,-0.08333333333333372
1774271260.393165,-2.4102037204933864,-1.405948536752267,6.030527750651601e-06,-1.248333333333333,-1.3183333333333331,-0.08333333333333372
1774271260.4088988,-2.407159174765998,-1.4056907435092836,6.05154037475642e-06,-1.248333333333333,-1.3183333333333331,-0.08333333333333372
1774271260.4246626,-2.4083300272717474,-1.3934360064425049,6.04535738627172e-06,-1.3783333333333332,-1.3383333333333332,-0.013333333333333712
1774271260.4414358,-2.4047224495275565,-1.400716052753095,6.0789982477829505e-06,-1.3783333333333332,-1.3383333333333332,-0.013333333333333712
1774271260.4571688,-2.400712822824379,-1.4009984652825016,6.083059310913647e-06,-1.4083333333333332,-1.3283333333333331,-0.003333333333333712
1774271260.660792,-2.401999599774665,-1.4338620260841046,6.205336252848873e-06,-1.7083333333333333,-1.3583333333333332,0.1566666666666663
1774271260.6763186,-2.392345993170416,-1.436980744937149,6.246129671733151e-06,-1.7083333333333333,-1.3583333333333332,0.1566666666666663
1774271260.6929483,-2.388749043628302,-1.4275803335615533,6.228733062744707e-06,-1.7083333333333333,-1.3583333333333332,0.1566666666666663
1774271260.7090647,-2.377836763963515,-1.4229512415183114,6.228733062744707e-06,-1.778333333333333,-1.3683333333333332,0.2066666666666663
1774271260.7247458,-2.3816980633588414,-1.4326637021180733,6.2480688095098446e-06,-1.8083333333333331,-1.3583333333333332,0.2266666666666663
1774271260.7415612,-2.3856988769282808,-1.4358810324567781,6.256190935771238e-06,-1.8083333333333331,-1.3583333333333332,0.2266666666666663
1774271260.7580833,-2.391682494678698,-1.4232010966190947,6.250007947286538e-06,-1.8683333333333332,-1.3683333333333332,0.25666666666666627
1774271260.7738543,-2.388632059340841,-1.4212600762097631,6.277203559876057e-06,-1.8683333333333332,-1.3683333333333332,0.25666666666666627
1774271260.789939,-2.3858575906231767,-1.4253905500971913,6.281264623006754e-06,-1.9283333333333332,-1.3783333333333332,0.2866666666666663
1774271260.8056643,-2.389228381082219,-1.4291329175560616,6.293447812398844e-06,-1.9283333333333332,-1.3783333333333332,0.2866666666666663
1774271260.822186,-2.3836144345764954,-1.4295974491830932,6.280112266541097e-06,-1.9283333333333332,-1.3783333333333332,0.2866666666666663
1774271260.8386707,-2.3994699382917926,-1.4273393085904194,6.284173329671794e-06,-1.9283333333333332,-1.3783333333333332,0.2866666666666663
1774271260.855226,-2.395446974872618,-1.4307604810972852,6.2858502070114745e-06,-1.9283333333333332,-1.3783333333333332,0.2866666666666663
1774271260.8715894,-2.3976964069509594,-1.4220763177162197,6.287527084351155e-06,-1.9283333333333332,-1.3783333333333332,0.2866666666666663
1774271260.8879695,-2.396676709391802,-1.4239000256159624,6.295649210612549e-06,-1.9283333333333332,-1.3783333333333332,0.2866666666666663
1774271260.9033957,-2.404446993304067,-1.4215899502385951,6.2973260879522295e-06,-1.9283333333333332,-1.3783333333333332,0.2866666666666663
1774271260.9198217,-2.39998633351126,-1.4019780602064724,6.306155522664957e-06,-1.9283333333333332,-1.3783333333333332,0.2866666666666663
1774271260.9352489,-2.3900337528766276,-1.4018615536741565,6.300679842631592e-06,-1.9283333333333332,-1.3783333333333332,0.2866666666666663
1774271260.9516213,-2.3863938587196087,-1.407351880702663,6.300679842631592e-06,-1.9283333333333332,-1.3783333333333332,0.2866666666666663
1774271260.968231,-2.3763956742061976,-1.4183806013629057,6.29281997680721e-06,-1.9283333333333332,-1.3783333333333332,0.2866666666666663
1774271260.984134,-2.374508784319877,-1.4226311180797033,6.28972848256486e-06,-1.9683333333333333,-1.3783333333333332,0.32666666666666627
1774271260.999962,-2.3786907097173327,-1.4205907771999062,6.254935264587972e-06,-1.9683333333333333,-1.3783333333333332,0.32666666666666627
1774271261.0161808,-2.3763646335303736,-1.4068184340762677,6.254935264587972e-06,-1.9683333333333333,-1.3783333333333332,0.32666666666666627
1774271261.0317428,-2.3780869212362465,-1.3998083815455602,6.249459584554607e-06,-1.9683333333333333,-1.3783333333333332,0.32666666666666627
1774271261.047584,-2.3763052234936777,-1.3882465953746421,6.290253003438885e-06,-1.9683333333333333,-1.3783333333333332,0.32666666666666627
1774271261.0643358,-2.380559470734997,-1.395424242505981,6.293606758118247e-06,-2.058333333333333,-1.4183333333333332,0.4066666666666663
1774271261.079969,-2.383929994167235,-1.4016497756536392,6.290515263875897e-06,-2.058333333333333,-1.4183333333333332,0.4066666666666663
1774271261.283951,-2.3720653965361853,-1.4245733251360129,6.348236401876393e-06,-1.6283333333333332,-1.4783333333333333,0.2366666666666663
1774271261.300033,-2.3767053601135784,-1.4342831656107928,6.342760721843027e-06,-1.5483333333333331,-1.498333333333333,0.25666666666666627
1774271261.3157234,-2.380445010027791,-1.4251266332286139,6.346821784973724e-06,-1.5483333333333331,-1.498333333333333,0.25666666666666627
1774271261.3315258,-2.3880452831274663,-1.416387842666401,6.3437302907313735e-06,-1.5483333333333331,-1.498333333333333,0.25666666666666627
1774271261.3485608,-2.3968493263731445,-1.4267016694457346,6.3437302907313735e-06,-1.4483333333333333,-1.498333333333333,0.1666666666666663
1774271261.3652563,-2.386935837057978,-1.4300408361133583,6.426731745402598e-06,-1.3383333333333332,-1.498333333333333,0.1366666666666663
1774271261.3818,-2.369529737778956,-1.4415618453042816,6.442006429037039e-06,-1.3383333333333332,-1.498333333333333,0.1366666666666663
1774271261.396645,-2.363118766207606,-1.444117736527754,6.446067492167736e-06,-1.2183333333333333,-1.4783333333333333,0.06666666666666629
1774271261.4136517,-2.3683551013827193,-1.4400882805906363,6.438207626343354e-06,-1.2183333333333333,-1.4783333333333333,0.06666666666666629
1774271261.4434865,-2.38377327154672,-1.4553351253347513,6.443945566813732e-06,-1.1183333333333332,-1.488333333333333,0.05666666666666629
1774271261.4465182,-2.3760476964647435,-1.4566198152171073,6.4551591873174755e-06,-1.1183333333333332,-1.488333333333333,0.05666666666666629
1774271261.4621584,-2.3685483056939027,-1.4574862593962816,6.463281313578869e-06,-1.1183333333333332,-1.488333333333333,0.05666666666666629
1774271261.4782124,-2.3546504533391674,-1.4516410435140819,6.467342376709566e-06,-1.018333333333333,-1.498333333333333,0.036666666666666285
1774271261.4945903,-2.354776573747396,-1.4528125112374275,6.465927759806897e-06,-1.018333333333333,-1.498333333333333,0.036666666666666285
1774271261.5120385,-2.384289186102195,-1.4441391558797116,6.4652204513555625e-06,-1.018333333333333,-1.498333333333333,0.036666666666666285
1774271261.5274312,-2.3819283626080634,-1.4343698377556213,6.468574206034925e-06,-1.018333333333333,-1.498333333333333,0.036666666666666285
1774271261.5443847,-2.379529292140551,-1.4371401675429651,6.505306561788506e-06,-1.018333333333333,-1.498333333333333,0.036666666666666285
1774271261.5611491,-2.383252277519869,-1.427865417942343,6.505306561788506e-06,-0.6983333333333331,-1.498333333333333,-0.043333333333333716
1774271261.576824,-2.3896908935462022,-1.417158120060082,6.53179486592669e-06,-0.6983333333333331,-1.498333333333333,-0.043333333333333716
1774271261.59245,-2.3863215749249393,-1.4272662228535575,6.5446853637701145e-06,-0.6083333333333332,-1.508333333333333,-0.033333333333333715
1774271261.609976,-2.3894099098734194,-1.4247968000686588,6.548746426900811e-06,-0.6083333333333332,-1.508333333333333,-0.033333333333333715
1774271261.626075,-2.3858340046463784,-1.4222698734360848,6.552807490031508e-06,-0.47833333333333317,-1.4783333333333333,-0.08333333333333372
1774271261.6408644,-2.388721873157551,-1.4201170988975993,6.547331809998142e-06,-0.47833333333333317,-1.4783333333333333,-0.08333333333333372
1774271261.6742227,-2.401163983003186,-1.4429254877575974,6.621058781942318e-06,-0.39833333333333315,-1.498333333333333,-0.07333333333333371
1774271261.690284,-2.391593735015221,-1.439314251042389,6.621058781942318e-06,-0.31833333333333313,-1.498333333333333,-0.07333333333333371
1774271261.7060583,-2.3883228364820996,-1.4180617037949361,6.615583101908952e-06,-0.31833333333333313,-1.498333333333333,-0.07333333333333371
1774271261.721925,-2.3729016040420055,-1.4102191103217228,6.650900840759865e-06,-0.22833333333333314,-1.508333333333333,-0.08333333333333372
1774271261.7375078,-2.377232287104074,-1.409327828328008,6.6621144612636085e-06,-0.22833333333333314,-1.508333333333333,-0.08333333333333372
1774271261.7547362,-2.381400786167838,-1.4145557590363473,6.6621144612636085e-06,-0.13833333333333314,-1.498333333333333,-0.09333333333333371
1774271261.7703972,-2.385201376443706,-1.4016241780259548,6.656638781230243e-06,-0.13833333333333314,-1.498333333333333,-0.09333333333333371
1774271261.787138,-2.3898290690515225,-1.4009064125568291,6.651163101196877e-06,-0.05833333333333315,-1.488333333333333,-0.09333333333333371
1774271261.8025753,-2.3930721637566688,-1.4129505777779374,6.651163101196877e-06,-0.05833333333333315,-1.488333333333333,-0.09333333333333371
1774271261.8181753,-2.3960398130518503,-1.4003111422591719,6.657870610555602e-06,-0.05833333333333315,-1.488333333333333,-0.09333333333333371
1774271261.8346934,-2.3960398130518503,-1.4003111422591719,6.657870610555602e-06,0.021666666666666858,-1.508333333333333,-0.11333333333333372
1774271261.8500428,-2.3960398130518503,-1.4003111422591719,6.657870610555602e-06,0.021666666666666858,-1.508333333333333,-0.11333333333333372
1774271261.8665223,-2.3960398130518503,-1.4003111422591719,6.657870610555602e-06,0.021666666666666858,-1.508333333333333,-0.11333333333333372
1774271261.883248,-2.3960398130518503,-1.4003111422591719,6.657870610555602e-06,0.10166666666666686,-1.508333333333333,-0.11333333333333372
1774271261.899799,-2.3960398130518503,-1.4003111422591719,6.657870610555602e-06,0.10166666666666686,-1.508333333333333,-0.11333333333333372
1774271261.9153004,-2.3960398130518503,-1.4003111422591719,6.657870610555602e-06,0.10166666666666686,-1.508333333333333,-0.11333333333333372
1774271261.93212,-2.3960398130518503,-1.4003111422591719,6.657870610555602e-06,0.10166666666666686,-1.508333333333333,-0.11333333333333372
1774271261.94779,-2.3960398130518503,-1.4003111422591719,6.657870610555602e-06,0.10166666666666686,-1.508333333333333,-0.11333333333333372
1774271261.9636345,-2.3960398130518503,-1.4003111422591719,6.657870610555602e-06,0.3316666666666669,-1.488333333333333,-0.09333333333333371
1774271261.9793012,-2.3960398130518503,-1.4003111422591719,6.657870610555602e-06,0.3316666666666669,-1.488333333333333,-0.09333333333333371
1774271261.996525,-2.3960398130518503,-1.4003111422591719,6.657870610555602e-06,0.40166666666666684,-1.488333333333333,-0.09333333333333371
1774271262.0123734,-2.3740446202665395,-1.4388086419936497,6.6562732060756245e-06,0.40166666666666684,-1.488333333333333,-0.09333333333333371
1774271262.0485806,-2.3946687715681496,-1.4169423827312428,6.641523043315209e-06,0.48166666666666685,-1.488333333333333,-0.09333333333333371
1774271262.0622933,-2.397230810277121,-1.415574110660303,6.640815734863874e-06,0.5616666666666669,-1.4683333333333333,-0.09333333333333371
1774271262.078992,-2.387299511316829,-1.4022724371475412,6.629864374797143e-06,0.5616666666666669,-1.4683333333333333,-0.09333333333333371
1774271262.0946014,-2.379010173057147,-1.4024168936866044,6.609376271566349e-06,0.6416666666666668,-1.4683333333333333,-0.09333333333333371
1774271262.1101904,-2.386772076163618,-1.390869357237815,6.614406903585393e-06,0.6416666666666668,-1.4683333333333333,-0.09333333333333371
1774271262.1270614,-2.3959589454941077,-1.3860142920085405,6.632065773010849e-06,0.7116666666666669,-1.4383333333333332,-0.09333333333333371
1774271262.1427133,-2.3927648481066357,-1.3817621703963372,6.640187899272242e-06,0.7116666666666669,-1.4383333333333332,-0.09333333333333371
1774271262.15868,-2.395262568890096,-1.3776139477836074,6.6347122192388766e-06,0.7816666666666668,-1.4183333333333332,-0.08333333333333372
1774271262.1747985,-2.394374709566181,-1.364932653521946,6.623053550720811e-06,0.7816666666666668,-1.4183333333333332,-0.08333333333333372
1774271262.1907728,-2.394374709566181,-1.364932653521946,6.623053550720811e-06,0.8516666666666669,-1.3883333333333332,-0.05333333333333371
1774271262.3717058,-2.394374709566181,-1.364932653521946,6.623053550720811e-06,0.8516666666666669,-1.3883333333333332,-0.05333333333333371
1774271262.372922,-2.3929214757397426,-1.3605161126750114,6.622346242269477e-06,0.8516666666666669,-1.3883333333333332,-0.05333333333333371
1774271262.3885899,-2.436905751139803,-1.4103688828858727,6.6314379374192165e-06,0.9116666666666668,-1.3783333333333332,-0.05333333333333371
1774271262.404214,-2.436905751139803,-1.4103688828858727,6.6314379374192165e-06,0.9116666666666668,-1.3783333333333332,-0.05333333333333371
1774271262.423531,-2.4319675738236777,-1.4296126027101101,6.640791893005969e-06,0.9116666666666668,-1.3783333333333332,-0.05333333333333371
1774271262.4360092,-2.4192902970354666,-1.4388685601601456,6.644852956136666e-06,0.9116666666666668,-1.3783333333333332,-0.05333333333333371
1774271262.4525456,-2.4129543934687314,-1.4232566522044012,6.629133224487903e-06,1.1216666666666668,-1.3083333333333331,-0.003333333333333712
1774271262.4682233,-2.414085142240936,-1.409665059531335,6.6284259160365684e-06,1.1216666666666668,-1.3083333333333331,-0.003333333333333712
1774271262.4848025,-2.408467941834239,-1.4086863808325685,6.6222429275518685e-06,1.1416666666666668,-1.3083333333333331,0.01666666666666629
1774271262.5004632,-2.3999285856664185,-1.4135817730204445,6.643962860108022e-06,1.1416666666666668,-1.3083333333333331,0.01666666666666629
1774271262.5162742,-2.4019980020524936,-1.4184162628481205,6.633718808492625e-06,1.1416666666666668,-1.3083333333333331,0.01666666666666629
1774271262.6820776,-2.3776072419045007,-1.3935634588317822,6.6894213358567245e-06,1.231666666666667,-1.238333333333333,0.026666666666666287
1774271262.696735,-2.376090210701589,-1.406292162235137,6.694451967875768e-06,1.231666666666667,-1.2283333333333333,0.026666666666666287
1774271262.7124429,-2.376090210701589,-1.406292162235137,6.694451967875768e-06,1.231666666666667,-1.2283333333333333,0.026666666666666287
1774271262.7270386,-2.376090210701589,-1.406292162235137,6.694451967875768e-06,1.231666666666667,-1.2283333333333333,0.026666666666666287
1774271262.7437413,-2.3779157107038196,-1.426706254743984,6.702574094137161e-06,1.231666666666667,-1.2283333333333333,0.01666666666666629
1774271262.7595325,-2.3744586089001913,-1.4108793044405743,6.697098414103796e-06,1.221666666666667,-1.2283333333333333,0.026666666666666287
1774271262.7753448,-2.3734948893928234,-1.404474250002754,6.695683797201127e-06,1.221666666666667,-1.2283333333333333,0.026666666666666287
1774271262.7921274,-2.366480842167881,-1.4044153163900228,6.690208117167761e-06,1.211666666666667,-1.2283333333333333,0.01666666666666629
1774271262.8089178,-2.365991814852577,-1.416141364372581,6.698330243429155e-06,1.211666666666667,-1.2283333333333333,0.01666666666666629
1774271262.8245218,-2.363821967975947,-1.390671266950923,6.7159891128546106e-06,1.1816666666666669,-1.238333333333333,0.01666666666666629
1774271262.84042,-2.3677759190990906,-1.3908750411998645,6.717665990194291e-06,1.1816666666666669,-1.238333333333333,0.01666666666666629
1774271262.8559582,-2.3662066646558944,-1.391494515269332,6.724111239116004e-06,1.1516666666666668,-1.248333333333333,0.01666666666666629
1774271263.0634205,-2.3896981310014525,-1.3918555909613008,6.831638018290814e-06,0.7116666666666669,-1.3183333333333331,-0.13333333333333372
1774271263.077186,-2.392719868392208,-1.392807431224103,6.830223401388145e-06,0.7116666666666669,-1.3183333333333331,-0.13333333333333372
1774271263.093877,-2.392719868392208,-1.392807431224103,6.830223401388145e-06,0.7116666666666669,-1.3183333333333331,-0.13333333333333372
1774271263.1100738,-2.4014540524872023,-1.411591700401694,6.839052836100873e-06,0.6116666666666669,-1.3383333333333332,-0.16333333333333372
1774271263.126777,-2.4095249808703763,-1.4108570300804137,6.85529708862366e-06,0.6116666666666669,-1.3383333333333332,-0.16333333333333372
1774271263.1414044,-2.4227393471903595,-1.4101838621803011,6.864126523336388e-06,0.6116666666666669,-1.3383333333333332,-0.16333333333333372
1774271263.156908,-2.4165743862397466,-1.4034105551063585,6.853175163269657e-06,0.6116666666666669,-1.3383333333333332,-0.16333333333333372
1774271263.1734853,-2.4109742004853567,-1.4031555895249959,6.85962041219137e-06,0.6116666666666669,-1.3383333333333332,-0.16333333333333372
1774271263.1895099,-2.3968440590028957,-1.4144968267243758,6.908535957337041e-06,0.25166666666666687,-1.4583333333333333,-0.1533333333333337
1774271263.2055538,-2.3928182843219368,-1.418960971368463,6.899261474609991e-06,0.25166666666666687,-1.4583333333333333,-0.1533333333333337
1774271263.2221699,-2.395311081681132,-1.411369137521095,6.883541742961228e-06,0.13166666666666685,-1.498333333333333,-0.13333333333333372
1774271263.2377477,-2.4034550823479788,-1.4103651817660598,6.887602806091924e-06,0.13166666666666685,-1.498333333333333,-0.13333333333333372
1774271263.254542,-2.4165321996423166,-1.4078059167419044,6.898109118144334e-06,0.011666666666666856,-1.528333333333333,-0.12333333333333371
1774271263.2725008,-2.417072243421598,-1.4072826284004192,6.891926129659634e-06,0.011666666666666856,-1.528333333333333,-0.12333333333333371
1774271263.2863553,-2.4177981590235813,-1.4187376568305488,6.9000482559210274e-06,0.011666666666666856,-1.528333333333333,-0.12333333333333371
1774271263.3028994,-2.4174628657093242,-1.4285463239741742,6.894572575887662e-06,-0.08833333333333314,-1.5483333333333331,-0.09333333333333371
1774271263.3186078,-2.417825457667035,-1.429487236823606,6.9186766942348304e-06,-0.08833333333333314,-1.5483333333333331,-0.09333333333333371
1774271263.334068,-2.424128135200471,-1.4328443824465626,6.922737757365527e-06,-0.16833333333333314,-1.5683333333333331,-0.08333333333333372
1774271263.3506722,-2.4234611802356993,-1.435602221945223,6.935628255208952e-06,-0.16833333333333314,-1.5683333333333331,-0.08333333333333372
1774271263.3661535,-2.416968878067778,-1.438110683233582,6.954964001974089e-06,-0.22833333333333314,-1.5583333333333331,-0.08333333333333372
1774271263.383,-2.4125069246910944,-1.4320533507620412,6.996464729309702e-06,-0.22833333333333314,-1.5583333333333331,-0.08333333333333372
1774271263.3994162,-2.4011425663737436,-1.4348966120465945,6.987190246582651e-06,-0.25833333333333314,-1.5683333333333331,-0.08333333333333372
1774271263.4149334,-2.3972172691364078,-1.4318740211251115,6.984098752340301e-06,-0.25833333333333314,-1.5683333333333331,-0.08333333333333372
1774271263.4428034,-2.3972172691364078,-1.4318740211251115,6.984098752340301e-06,-0.27833333333333315,-1.5683333333333331,-0.08333333333333372
1774271263.4476533,-2.401402295267708,-1.431829813200506,6.990544001262014e-06,-0.27833333333333315,-1.5683333333333331,-0.08333333333333372
1774271263.463363,-2.3985936891799655,-1.4259064868477849,6.996989250183726e-06,-0.26833333333333315,-1.5783333333333331,-0.07333333333333371
1774271263.4790154,-2.3998116768154203,-1.4172352680978264,7.009879748027151e-06,-0.26833333333333315,-1.5783333333333331,-0.07333333333333371
1774271263.4957035,-2.3898752373502914,-1.4157064309301968,7.0180018742885445e-06,-0.26833333333333315,-1.6083333333333332,-0.033333333333333715
1774271263.5113244,-2.3808585926131496,-1.4143191192422306,7.011818885803845e-06,-0.26833333333333315,-1.6083333333333332,-0.033333333333333715
1774271263.5270114,-2.392376263495626,-1.3996998270387224,7.015879948934541e-06,-0.24833333333333316,-1.6383333333333332,-0.003333333333333712
1774271263.5435762,-2.394897903279297,-1.4056736900304465,7.0144653320318725e-06,-0.24833333333333316,-1.6383333333333332,-0.003333333333333712
1774271263.559203,-2.3974503011823396,-1.3935635193495355,7.049783070882785e-06,-0.24833333333333316,-1.6883333333333332,0.036666666666666285
1774271263.5759037,-2.3974503011823396,-1.3935635193495355,7.049783070882785e-06,-0.24833333333333316,-1.6883333333333332,0.036666666666666285
1774271263.5923088,-2.3974503011823396,-1.3935635193495355,7.049783070882785e-06,-0.23833333333333315,-1.748333333333333,0.09666666666666629
1774271263.6788027,-2.406135342046525,-1.389583004785934,7.286238670349749e-06,-0.23833333333333315,-1.8783333333333332,0.2066666666666663
1774271263.680258,-2.3912071794404404,-1.3748464750628075,7.296744982402158e-06,-0.23833333333333315,-1.8783333333333332,0.2066666666666663
1774271263.6960185,-2.390170989752904,-1.385421588761236,7.305574417114886e-06,-0.23833333333333315,-1.9183333333333332,0.25666666666666627
1774271263.712527,-2.3990376106161193,-1.3869623757570715,7.310605049133929e-06,-0.23833333333333315,-1.9183333333333332,0.25666666666666627
1774271263.7282107,-2.4004490508951553,-1.3938287572732282,7.333032290141417e-06,-0.23833333333333315,-1.9683333333333333,0.3166666666666663
1774271263.7446702,-2.402717347680025,-1.4006341849293475,7.341154416402811e-06,-0.23833333333333315,-1.9683333333333333,0.3166666666666663
1774271263.7613003,-2.389218183433102,-1.3959751236415718,7.341154416402811e-06,-0.24833333333333316,-1.9983333333333333,0.3566666666666663
1774271263.7910085,-2.389218183433102,-1.3959751236415718,7.341154416402811e-06,-0.24833333333333316,-1.9983333333333333,0.3566666666666663
1774271263.8074963,-2.405786574643694,-1.39205801988081,7.327111562093729e-06,-0.23833333333333315,-1.9883333333333333,0.38666666666666627
1774271263.8234286,-2.4070535078711424,-1.4105218334482614,7.297086715698873e-06,-0.24833333333333316,-1.9883333333333333,0.38666666666666627
1774271263.8393242,-2.404164622031453,-1.4089052225175696,7.302117347717916e-06,-0.24833333333333316,-1.9883333333333333,0.38666666666666627
1774271263.8558443,-2.4117307829253543,-1.4141660050242866,7.305471102397278e-06,-0.24833333333333316,-1.9883333333333333,0.38666666666666627
1774271263.871365,-2.4124668420829716,-1.41290934423617,7.309532165527975e-06,-0.25833333333333314,-1.9683333333333333,0.3766666666666663
1774271263.8874016,-2.4074942767161422,-1.4119201362811615,7.3088248570766405e-06,-0.26833333333333315,-1.9383333333333332,0.3466666666666663
1774271263.9028778,-2.4093810685047496,-1.4258108145673292,7.286214828491843e-06,-0.26833333333333315,-1.9383333333333332,0.3466666666666663
1774271263.9203577,-2.4039586327141214,-1.4172999581787953,7.275970776876446e-06,-0.27833333333333315,-1.8783333333333332,0.2966666666666663
1774271263.935983,-2.4051838767453977,-1.3979358779233426,7.28409290313784e-06,-0.27833333333333315,-1.8783333333333332,0.2966666666666663
1774271263.952667,-2.4070147263388604,-1.4043618301227159,7.295306523641584e-06,-0.27833333333333315,-1.8783333333333332,0.2966666666666663
1774271263.9693499,-2.3923729256946276,-1.4092041622002998,7.3153495788580555e-06,-0.27833333333333315,-1.8783333333333332,0.2966666666666663
1774271263.9850402,-2.395147263784247,-1.4085515658233034,7.3203802108770995e-06,-0.27833333333333315,-1.8783333333333332,0.2966666666666663
1774271264.0016255,-2.397172106390059,-1.4076700544925171,7.328502337138493e-06,-0.27833333333333315,-1.8783333333333332,0.2966666666666663
1774271264.0182295,-2.3992433112168268,-1.41879726270134,7.33256340026919e-06,-0.27833333333333315,-1.8783333333333332,0.2966666666666663
1774271264.0337646,-2.402560028845996,-1.4098363188271157,7.341392834981918e-06,-0.27833333333333315,-1.8783333333333332,0.2966666666666663
1774271264.0503128,-2.4043860648072646,-1.4150172152240335,7.335917154948552e-06,-0.27833333333333315,-1.8783333333333332,0.2966666666666663
1774271264.0658238,-2.4001608043001834,-1.413833026542125,7.320197423299789e-06,-0.27833333333333315,-1.8783333333333332,0.2966666666666663
1774271264.0822701,-2.3899465753139153,-1.4124740150101862,7.319490114848455e-06,-0.27833333333333315,-1.8783333333333332,0.2966666666666663
1774271264.0980093,-2.3736453219926457,-1.4109384553884998,7.333087921143214e-06,-0.27833333333333315,-1.8783333333333332,0.2966666666666663
1774271264.1147764,-2.3722568530267765,-1.4160235242409978,7.317368189494451e-06,-0.27833333333333315,-1.8783333333333332,0.2966666666666663
1774271264.1313953,-2.3825351852057928,-1.414588672919742,7.321429252625148e-06,-0.2983333333333332,-1.8083333333333331,0.2266666666666663
1774271264.145921,-2.3800860570512605,-1.4132989293756675,7.304032643636704e-06,-0.2983333333333332,-1.8083333333333331,0.2266666666666663
1774271264.164114,-2.382896161519172,-1.428350003211193,7.285928726196926e-06,-0.2983333333333332,-1.8083333333333331,0.2266666666666663
1774271264.178833,-2.3870438185969522,-1.4203263868307976,7.287605603536608e-06,-0.2983333333333332,-1.8083333333333331,0.2266666666666663
1774271264.195679,-2.3841773101023396,-1.418505503269754,7.281422615051908e-06,-0.2983333333333332,-1.0683333333333331,-0.3433333333333337
1774271264.2111564,-2.3820658148117078,-1.4171443712493885,7.293605804443998e-06,-0.2983333333333332,-1.0683333333333331,-0.3433333333333337
1774271264.2267501,-2.3794095122902954,-1.4213632253143897,7.262873649597807e-06,-0.28833333333333316,-0.9583333333333331,-0.3933333333333337
1774271264.243424,-2.3860304664691396,-1.4168590546218922,7.2512149810797415e-06,-0.28833333333333316,-0.9583333333333331,-0.3933333333333337
1774271264.2591634,-2.3830128804009885,-1.4152137227206982,7.254568735759104e-06,-0.27833333333333315,-0.8583333333333332,-0.4533333333333337
1774271264.2756681,-2.3800112077498863,-1.4312452112805247,7.246708869934722e-06,-0.27833333333333315,-0.8583333333333332,-0.4533333333333337
1774271264.291333,-2.383916296802626,-1.440337966872703,7.221452395121897e-06,-0.26833333333333315,-0.7583333333333332,-0.5133333333333338
1774271264.306943,-2.373623375206414,-1.42261783278449,7.219330469767894e-06,-0.26833333333333315,-0.7583333333333332,-0.5133333333333338
1774271264.472981,-2.3769877429047335,-1.3735680699372452,7.2488069534308205e-06,-0.22833333333333314,-0.38833333333333314,-0.7033333333333337
1774271264.4739466,-2.3769877429047335,-1.3735680699372452,7.2488069534308205e-06,-0.22833333333333314,-0.38833333333333314,-0.7033333333333337
1774271264.4893377,-2.3726533873732465,-1.354947747310662,7.249069213867833e-06,-0.21833333333333316,-0.35833333333333317,-0.7033333333333337
1774271264.5050623,-2.3726533873732465,-1.354947747310662,7.249069213867833e-06,-0.21833333333333316,-0.35833333333333317,-0.7033333333333337
1774271264.5206244,-2.3598393397949655,-1.3519291805482003,7.242178916931799e-06,-0.21833333333333316,-0.35833333333333317,-0.7033333333333337
1774271264.537344,-2.3592544878411412,-1.3504097324630437,7.242178916931799e-06,-0.20833333333333315,-0.34833333333333316,-0.7233333333333337
1774271264.553142,-2.3708541236552323,-1.3592588847941462,7.254362106323889e-06,-0.20833333333333315,-0.34833333333333316,-0.7233333333333337
1774271264.5686014,-2.3572198949854872,-1.3687121628788044,7.248886426290524e-06,-0.20833333333333315,-0.34833333333333316,-0.7233333333333337
1774271264.5851376,-2.357114243189592,-1.371669283290261,7.248886426290524e-06,-0.20833333333333315,-0.34833333333333316,-0.7233333333333337
1774271264.6010215,-2.3574969827781866,-1.3805280694980815,7.257008552551917e-06,-0.21833333333333316,-0.33833333333333315,-0.7233333333333337
1774271264.6176646,-2.374610230209676,-1.3836614396477576,7.258947690328611e-06,-0.21833333333333316,-0.33833333333333315,-0.7233333333333337
1774271264.828642,-2.3861505084724883,-1.3544944812262494,7.376194000244794e-06,-0.28833333333333316,-0.8983333333333332,-0.4533333333333337
1774271264.8460655,-2.383378154617462,-1.3469848169922005,7.389791806539553e-06,-0.28833333333333316,-0.8983333333333332,-0.4533333333333337
1774271264.8597474,-2.383378154617462,-1.3469848169922005,7.389791806539553e-06,-0.28833333333333316,-0.8983333333333332,-0.4533333333333337
1774271264.8782852,-2.388187310099045,-1.3511051158870593,7.399590810140628e-06,-0.28833333333333316,-0.8983333333333332,-0.4533333333333337
1774271264.8939934,-2.3739202978489407,-1.361875093961583,7.406298319499353e-06,-0.3083333333333331,-1.0683333333333331,-0.3433333333333337
1774271264.909574,-2.3666237011891065,-1.3656112159804923,7.4578603108730525e-06,-0.3083333333333331,-1.0683333333333331,-0.3433333333333337
1774271264.9261348,-2.3779066736759398,-1.3750177203657508,7.450000445048671e-06,-0.3083333333333331,-1.1483333333333332,-0.2733333333333337
1774271264.9428415,-2.37356449551762,-1.3792613156284035,7.422622044881842e-06,-0.3083333333333331,-1.1483333333333332,-0.2733333333333337
1774271264.9583476,-2.3717078563289684,-1.3752092512818566,7.426683108012539e-06,-0.3083333333333331,-1.2283333333333333,-0.22333333333333372
1774271264.9749055,-2.3646217152855264,-1.3718201611535816,7.430744171143236e-06,-0.3083333333333331,-1.2283333333333333,-0.22333333333333372
1774271264.991405,-2.369712807084827,-1.3803750323870099,7.434805234273933e-06,-0.3083333333333331,-1.2283333333333333,-0.22333333333333372
1774271265.0080209,-2.3741119278016116,-1.3957337832725591,7.440543174744311e-06,-0.3083333333333331,-1.2283333333333333,-0.22333333333333372
1774271265.0235617,-2.371954971419242,-1.3959025920055328,7.446988423666024e-06,-0.3083333333333331,-1.2283333333333333,-0.22333333333333372
1774271265.040178,-2.376122865675444,-1.4020837903469103,7.4510494867967205e-06,-0.3083333333333331,-1.2283333333333333,-0.22333333333333372
1774271265.055722,-2.3749996759898666,-1.4023839709013548,7.473476727804208e-06,-0.3083333333333331,-1.2283333333333333,-0.22333333333333372
1774271265.072381,-2.3665406833560554,-1.3974130024428766,7.476830482483571e-06,-0.3083333333333331,-1.2283333333333333,-0.22333333333333372
1774271265.0878267,-2.37170410351569,-1.3978508642609944,7.489013671875661e-06,-0.3083333333333331,-1.2283333333333333,-0.22333333333333372
1774271265.1044774,-2.3766282927823132,-1.4042846690839121,7.483537991842295e-06,-0.3083333333333331,-1.2283333333333333,-0.22333333333333372
1774271265.1210015,-2.3867474332432947,-1.4040808536042226,7.51002629598048e-06,-0.3083333333333331,-1.2283333333333333,-0.22333333333333372
1774271265.1365075,-2.389556525372526,-1.397723004584355,7.5093189875291455e-06,-0.3083333333333331,-1.2283333333333333,-0.22333333333333372
1774271265.1531773,-2.372652343797313,-1.3817976661562055,7.507197062175142e-06,-0.3083333333333331,-1.2983333333333331,-0.17333333333333373
1774271265.1687205,-2.372652343797313,-1.3817976661562055,7.507197062175142e-06,-0.3083333333333331,-1.2983333333333331,-0.17333333333333373
1774271265.1854494,-2.3706108381631226,-1.3856439372980414,7.563265164693861e-06,-0.3083333333333331,-1.2983333333333331,-0.17333333333333373
1774271265.2009928,-2.36434309653299,-1.3935041618558173,7.572094599406589e-06,-0.2983333333333332,-1.498333333333333,-0.013333333333333712
1774271265.2167299,-2.374183567484097,-1.405716948890862,7.584277788798679e-06,-0.2983333333333332,-1.498333333333333,-0.013333333333333712
1774271265.2335443,-2.3720257970358416,-1.3990698414228306,7.592399915060073e-06,-0.2983333333333332,-1.4783333333333333,-0.013333333333333712
1774271265.2491236,-2.3764434083008106,-1.3933193886103405,7.6148271560675595e-06,-0.2983333333333332,-1.4783333333333333,-0.013333333333333712
1774271265.2651622,-2.374064121457969,-1.3996020562739997,7.618888219198256e-06,-0.26833333333333315,-1.4183333333333332,-0.033333333333333715
1774271265.2808492,-2.3601030156396567,-1.416660100239867,7.65588283538885e-06,-0.26833333333333315,-1.4183333333333332,-0.033333333333333715
1774271265.2974343,-2.353606288318762,-1.4091484978318025,7.659943898519547e-06,-0.22833333333333314,-1.3383333333333332,-0.08333333333333372
1774271265.3142745,-2.3538227767327773,-1.4201449463718674,7.66329765319891e-06,-0.22833333333333314,-1.3383333333333332,-0.08333333333333372
1774271265.3297057,-2.354267539008789,-1.4243785499396089,7.664974530538591e-06,-0.22833333333333314,-1.3383333333333332,-0.08333333333333372
1774271265.3461137,-2.359918761407167,-1.4314214226972406,7.661883036296241e-06,-0.22833333333333314,-1.3383333333333332,-0.08333333333333372
1774271265.36153,-2.3602911718117534,-1.429013831229784,7.661175727844907e-06,-0.22833333333333314,-1.3383333333333332,-0.08333333333333372
1774271265.3779871,-2.3542549849075214,-1.4265412171519711,7.665236790975605e-06,-0.22833333333333314,-1.3383333333333332,-0.08333333333333372
1774271265.3934865,-2.354919298670417,-1.4126522086297018,7.669297854106302e-06,-0.22833333333333314,-1.3383333333333332,-0.08333333333333372
1774271265.40989,-2.3606719407351586,-1.4113906787162933,7.673358917237e-06,-0.22833333333333314,-1.3383333333333332,-0.08333333333333372
1774271265.4262333,-2.377950843991816,-1.3934539045409446,7.677419980367697e-06,-0.22833333333333314,-1.3383333333333332,-0.08333333333333372
1774271265.4426084,-2.3815692193143114,-1.3939714349961148,7.68863360087144e-06,-0.22833333333333314,-1.3383333333333332,-0.08333333333333372
1774271265.4590652,-2.3907395133272584,-1.394434872282498,7.699847221375184e-06,-0.22833333333333314,-1.3383333333333332,-0.08333333333333372
1774271265.47444,-2.393911116661317,-1.3952915747855155,7.696755727132834e-06,-0.22833333333333314,-1.3383333333333332,-0.08333333333333372
1774271265.4909382,-2.4038358064877565,-1.3911204682850045,7.700816790263532e-06,-0.22833333333333314,-1.3383333333333332,-0.08333333333333372
1774271265.5089521,-2.3986692619562837,-1.3974634690643546,7.685097058614769e-06,-0.22833333333333314,-1.3383333333333332,-0.08333333333333372
1774271265.5227535,-2.3947204089516347,-1.4036503722576754,7.693219184876162e-06,-0.12833333333333313,-1.1783333333333332,-0.08333333333333372
1774271265.5393584,-2.402418764400638,-1.4089625685988332,7.706816991170922e-06,-0.12833333333333313,-1.1783333333333332,-0.08333333333333372
1774271265.556015,-2.4115420877546665,-1.4186076935932108,7.733305295309106e-06,-0.12833333333333313,-1.1783333333333332,-0.08333333333333372
1774271265.5716968,-2.412797641771509,-1.4113383293506867,7.723061243693709e-06,-0.12833333333333313,-1.1783333333333332,-0.08333333333333372
1774271265.588313,-2.419571583109353,-1.4104821281112059,7.68349965413479e-06,0.08166666666666686,-0.43833333333333313,3.4866666666666664
1774271265.6045709,-2.401671504111602,-1.4094393039791953,7.691621780396183e-06,0.08166666666666686,-0.43833333333333313,3.4866666666666664
1774271265.6212287,-2.3938166355566013,-1.4133531965231454,7.694975535075546e-06,0.10166666666666686,-0.37833333333333313,3.3866666666666663
1774271265.6369617,-2.390329031742481,-1.4062865061721368,7.717402776083034e-06,0.10166666666666686,-0.37833333333333313,3.3866666666666663
1774271265.653449,-2.3817712316059554,-1.3942745445106957,7.728616396586777e-06,0.10166666666666686,-0.37833333333333313,3.3866666666666663
1774271265.6694326,-2.3798758942707168,-1.4010448122330696,7.728616396586777e-06,0.10166666666666686,-0.33833333333333315,3.326666666666666
1774271265.6865916,-2.381567254373416,-1.395624281687258,7.754397392273628e-06,0.10166666666666686,-0.33833333333333315,3.326666666666666
1774271265.7014995,-2.3784743995347855,-1.395659863002802,7.767287890117053e-06,0.10166666666666686,-0.3083333333333331,3.266666666666666
1774271265.7171998,-2.376407067351725,-1.3902310888034817,7.83527692159085e-06,0.10166666666666686,-0.3083333333333331,3.266666666666666
1774271265.7329924,-2.3745366346972316,-1.3794133910160842,7.852935791016305e-06,0.08166666666666686,-0.2983333333333332,3.266666666666666
1774271265.7505374,-2.371857446567992,-1.3944288548541457,7.84604549408027e-06,0.08166666666666686,-0.2983333333333332,3.266666666666666
1774271265.7650485,-2.370158979930322,-1.3889713531872565,7.857259114584013e-06,0.05166666666666686,-0.27833333333333315,3.326666666666666
1774271265.7805421,-2.374493322154097,-1.3957948975283514,7.8796863555915e-06,0.05166666666666686,-0.27833333333333315,3.326666666666666
1774271265.7970748,-2.373276515275236,-1.396531958033197,7.8796863555915e-06,0.021666666666666858,-0.26833333333333315,3.4566666666666666
1774271265.8126922,-2.37242188778913,-1.391451075346254,7.844893137614613e-06,0.021666666666666858,-0.26833333333333315,3.4566666666666666
1774271265.8292336,-2.3584712769873337,-1.3876114120205822,7.84277121226061e-06,-0.008333333333333144,-0.23833333333333315,-6.873333333333334
1774271265.8635125,-2.370705185948182,-1.3904210498814442,7.790581385295278e-06,-0.008333333333333144,-0.23833333333333315,-6.873333333333334
1774271265.8791623,-2.3795633551954705,-1.3810960921219313,7.784398396810578e-06,-0.028333333333333145,-0.15833333333333316,-6.873333333333334
1774271265.8950372,-2.383773416912777,-1.3772924416059498,7.782983779907909e-06,-0.048333333333333145,0.001666666666666856,-6.873333333333334
1774271265.9106603,-2.3753155214755544,-1.385352433002355,7.787044843038606e-06,-0.048333333333333145,0.001666666666666856,-6.873333333333334
1774271265.9274507,-2.379667427784713,-1.3869057308710748,7.786337534587272e-06,-0.08833333333333314,0.2716666666666669,3.516666666666666
1774271265.9432256,-2.3868907544021933,-1.378484649240364,7.768495877584507e-06,-0.08833333333333314,0.2716666666666669,3.516666666666666
1774271265.9588366,-2.3901836310399527,-1.3688889050708035,7.786862055461298e-06,-0.10833333333333314,0.4516666666666669,3.036666666666666
1774271265.9746215,-2.3875172225275856,-1.3721117519680577,7.804520924886753e-06,-0.10833333333333314,0.4516666666666669,3.036666666666666
1774271265.9912114,-2.3843618342765116,-1.3746128741842174,7.817411422730179e-06,-0.12833333333333313,0.6016666666666669,2.786666666666666
1774271266.0068948,-2.3814927341368626,-1.3827729033447909,7.823856671651892e-06,-0.12833333333333313,0.6016666666666669,2.786666666666666
1774271266.0223641,-2.3831204919024316,-1.3807072138577006,7.852729161581092e-06,-0.16833333333333314,0.7816666666666668,-0.2133333333333337
1774271266.0389392,-2.3867505669937366,-1.382690106476549,7.860851287842486e-06,-0.16833333333333314,0.7816666666666668,-0.2133333333333337
1774271266.054283,-2.372378716242061,-1.3845069715876914,7.860143979391151e-06,-0.16833333333333314,0.7816666666666668,-0.2133333333333337
1774271266.070648,-2.3652186281559104,-1.3920422846468476,7.860143979391151e-06,-0.16833333333333314,0.7816666666666668,-0.2133333333333337
1774271266.0870483,-2.3699397956633192,-1.3879258255807827,7.873034477234577e-06,-0.16833333333333314,0.7816666666666668,-0.2133333333333337
1774271266.1033754,-2.3745446718924685,-1.3890983524836942,7.873034477234577e-06,-0.16833333333333314,0.7816666666666668,-0.2133333333333337
1774271266.1198645,-2.3846112123690313,-1.3901562083916517,7.87947972615629e-06,-0.16833333333333314,0.7816666666666668,-0.2133333333333337
1774271266.1353958,-2.388103420505599,-1.3912652286156204,7.890693346660033e-06,-0.16833333333333314,0.7816666666666668,-0.2133333333333337
1774271266.1518877,-2.3833345706470372,-1.3884070946225542,7.890693346660033e-06,-0.16833333333333314,0.7816666666666668,-0.2133333333333337
1774271266.1672673,-2.381796543620396,-1.384218298143435,7.885217666626666e-06,-0.16833333333333314,0.7816666666666668,-0.2133333333333337
1774271266.1835916,-2.3855490607091947,-1.385876467745415,7.889278729757364e-06,-0.16833333333333314,0.7816666666666668,-0.2133333333333337
1774271266.2001445,-2.383310830493551,-1.3875298754103063,7.890955607097044e-06,-0.16833333333333314,0.7816666666666668,-0.2133333333333337
1774271266.21706,-2.4007344794202345,-1.3955864544864458,7.889540990194376e-06,-0.16833333333333314,0.7816666666666668,-0.2133333333333337
1774271266.2327008,-2.401747828221085,-1.3956196079253784,7.901724179586467e-06,-0.20833333333333315,1.1416666666666668,2.1366666666666663
1774271266.262513,-2.401747828221085,-1.3956196079253784,7.901724179586467e-06,-0.20833333333333315,1.1416666666666668,2.1366666666666663
1774271266.278729,-2.4103319620038843,-1.401578874931287,7.90984630584786e-06,-0.20833333333333315,1.1416666666666668,2.1366666666666663
1774271266.293261,-2.4053155400698816,-1.395602120052429,7.914876937866904e-06,-0.20833333333333315,1.1416666666666668,2.1366666666666663
1774271266.3099236,-2.3963125019039264,-1.384842373294321,7.928029696147342e-06,-0.20833333333333315,1.1416666666666668,2.1366666666666663
1774271266.325661,-2.404611098681298,-1.3864367296742883,7.91540145874093e-06,-0.20833333333333315,1.1416666666666668,2.1366666666666663
1774271266.3425436,-2.399619068223087,-1.3933578242605533,7.918755213420291e-06,-0.20833333333333315,1.1416666666666668,2.1366666666666663
1774271266.3595986,-2.392235132680066,-1.4116437395598596,7.916633288066288e-06,-0.20833333333333315,1.1416666666666668,2.1366666666666663
1774271266.3755462,-2.388397189053898,-1.4103368060516428,7.91521867116362e-06,-0.20833333333333315,1.1416666666666668,2.1366666666666663
1774271266.392854,-2.3800002776579827,-1.4156289758028535,7.904267311096888e-06,-0.20833333333333315,1.1416666666666668,2.1366666666666663
1774271266.4082325,-2.3775353687916936,-1.4199882239877306,7.898084322612187e-06,-0.20833333333333315,1.1416666666666668,2.1366666666666663
1774271266.4261992,-2.3741782250055925,-1.428077642681765,7.900730768840215e-06,-0.20833333333333315,1.1416666666666668,2.1366666666666663
1774271266.4407444,-2.3904125651899757,-1.4256668106213082,7.899316151937546e-06,-0.20833333333333315,1.1416666666666668,2.1366666666666663
1774271266.4567199,-2.393625896233537,-1.411852539546337,7.899316151937546e-06,-0.20833333333333315,1.1416666666666668,2.1366666666666663
1774271266.4729853,-2.3960439217274887,-1.4049187645661303,7.902669906616907e-06,-0.20833333333333315,1.1416666666666668,2.1366666666666663
1774271266.489506,-2.3946392763328177,-1.3933250218900612,7.917944590251348e-06,-0.20833333333333315,1.1416666666666668,2.1366666666666663
1774271266.5084367,-2.390584181286922,-1.3878272932499975,7.917944590251348e-06,-0.20833333333333315,1.1416666666666668,2.1366666666666663
1774271266.5220668,-2.3817466077497214,-1.3891634687093994,7.922005653382046e-06,-0.20833333333333315,1.1416666666666668,2.1366666666666663
1774271266.5380712,-2.3737377198596006,-1.378591832299156,7.926066716512743e-06,-0.20833333333333315,1.1416666666666668,2.1366666666666663
1774271266.5536628,-2.3721029824656235,-1.3806343832489294,7.918206850688362e-06,-0.20833333333333315,1.1416666666666668,2.1366666666666663
1774271266.5705137,-2.3637103491990774,-1.3835000272153943,7.930390040080453e-06,-0.20833333333333315,1.1416666666666668,2.1366666666666663
1774271266.5873618,-2.363246788663666,-1.3852305888827494,7.948048909505908e-06,-0.20833333333333315,1.1416666666666668,2.1366666666666663
1774271266.6034925,-2.3566951208183786,-1.386664390321631,7.94663429260324e-06,-0.20833333333333315,1.1416666666666668,2.1366666666666663
1774271266.6311266,-2.3613239687760132,-1.3937984496080946,7.98027515411447e-06,-0.20833333333333315,1.1416666666666668,2.1366666666666663
1774271266.646825,-2.367382325785062,-1.3889854090468172,7.981244723002817e-06,-0.20833333333333315,1.1416666666666668,2.1366666666666663
1774271266.662559,-2.3660866353106553,-1.395813630979485,7.994135220846242e-06,-0.20833333333333315,1.1416666666666668,2.1366666666666663
1774271266.6792166,-2.43110548849951,-1.4558481132470984,7.71615505218576e-06,-0.20833333333333315,1.1416666666666668,2.1366666666666663
1774271266.6960435,-2.3876732312710622,-1.3322563689268871,7.67491658528716e-06,-0.6783333333333331,1.541666666666667,1.7066666666666663
1774271266.711784,-2.3690396305305432,-1.304260780056097,7.830858230591521e-06,-0.6783333333333331,1.541666666666667,1.7066666666666663
1774271266.7293491,-2.3842709778976316,-1.3183800890769646,7.93434778849354e-06,-0.6483333333333332,1.541666666666667,1.6666666666666663
1774271266.7429986,-2.3757790033612234,-1.320110589908351,7.988476753235564e-06,-0.6483333333333332,1.541666666666667,1.6666666666666663
1774271266.7588003,-2.3859575160977387,-1.3453683145926576,8.058587710063363e-06,-0.6883333333333331,1.551666666666667,1.6866666666666663
1774271266.7743263,-2.8810041660031205,-1.9680517305147383,9.853172302246795e-06,-0.6883333333333331,1.551666666666667,1.6866666666666663
1774271266.7909718,-3.085381997740124,-2.353015384020178,3.282268047332834e-05,-0.6483333333333332,1.551666666666667,1.6666666666666663
1774271266.8070016,-2.538895130477722,-1.5852913965074449,3.834780851999989e-05,-0.6483333333333332,1.551666666666667,1.6666666666666663
1774271266.8225672,-2.256773635295155,-1.2204605743284411,3.4851177533468316e-05,-0.5983333333333332,1.561666666666667,1.5766666666666662
1774271266.8395863,-2.207585057468017,-1.0665057057825722,3.146969477335683e-05,-0.5983333333333332,1.561666666666667,1.5766666666666662
1774271266.8564122,-2.1947447272916176,-1.0465863675409455,2.976694107055735e-05,-0.5983333333333332,1.561666666666667,1.5766666666666662
1774271266.873821,-2.20312161379939,-1.0672533537157294,2.9732855161031797e-05,-0.6483333333333332,1.561666666666667,1.6466666666666663
1774271266.8884487,-2.2175092808902237,-1.0982303911474012,2.9713074366252338e-05,-0.6483333333333332,1.561666666666667,1.6466666666666663
1774271266.9057233,-2.2651646652329185,-1.1575945445747442,2.968234221140615e-05,-0.5883333333333332,1.561666666666667,1.6466666666666663
1774271266.9204085,-2.2740541872496527,-1.1744452426794816,2.9666622479757386e-05,-0.5883333333333332,1.561666666666667,1.6466666666666663
1774271266.9368582,-2.352475820703654,-1.2543592474628382,2.9627060890198468e-05,-0.5783333333333331,1.561666666666667,1.3166666666666662
1774271266.952311,-2.450634990508664,-1.4138924009667329,3.0731908480327046e-05,-0.5783333333333331,1.561666666666667,1.3166666666666662
1774271266.9690897,-3.408948682945906,-2.946131153148623,3.681087493896555e-05,-0.5183333333333332,1.561666666666667,1.2766666666666664
1774271266.9847176,-6.115931689938526,-7.049192639863104,0.00018866019248962472,-0.5183333333333332,1.561666666666667,1.2766666666666664
1774271267.0003061,-6.707522123879092,-8.546608056899805,0.00022688036759694488,-0.5083333333333332,1.551666666666667,1.2966666666666664
1774271267.017855,-4.067432518772445,-5.658729489240155,0.00023493608633677235,-0.5083333333333332,1.551666666666667,1.2966666666666664
1774271267.0328653,-3.608266554832077,-4.285076107539206,0.00022751102447509836,-0.5383333333333331,1.561666666666667,1.2966666666666664
1774271267.071272,-2.5547598136847753,-0.952182013258219,0.00024230348269144763,-0.5383333333333331,1.561666666666667,1.2966666666666664
1774271267.087048,-1.7456510324437975,-0.35990575709224787,0.0002517751455307014,-0.5483333333333331,1.561666666666667,1.3166666666666662
1774271267.1027868,-1.5449087102396297,-0.31007049677927384,0.00026958765983581615,-0.5483333333333331,1.561666666666667,1.3166666666666662
1774271267.1185167,-1.75866510814964,-0.5250147565787465,0.0002714554468790697,-0.5483333333333331,1.561666666666667,1.3166666666666662
1774271267.1353607,-1.67575932521839,-0.9305684593739876,0.00026850717862447174,-0.5483333333333331,1.571666666666667,1.2966666666666664
1774271267.1518443,-1.2188173160620275,-1.137292214408759,0.0002624213218688972,-0.5483333333333331,1.571666666666667,1.2966666666666664
1774271267.1678398,0.6320957049074659,0.09945973933913399,0.00025218009154001945,-0.4883333333333332,1.571666666666667,1.2766666666666664
1774271267.1839428,1.4106986280522817,0.7324515916937908,0.0002520720958709724,-0.4883333333333332,1.571666666666667,1.2766666666666664
1774271267.3790038,1.6633048381031081,1.4871100546209897,0.00025834585825602283,-0.4883333333333332,1.5916666666666668,1.2966666666666664
1774271267.4206219,3.6552211529689926,3.3574561417805846,0.0003023279825846362,-0.4883333333333332,1.5916666666666668,1.2966666666666664
1774271267.4352112,3.2667626959697,2.2949740339540323,0.00029545702139536616,-0.4883333333333332,1.5916666666666668,1.2966666666666664
1774271267.4526305,3.297021848661191,2.3809488962367285,0.0002992130835851041,-0.4883333333333332,1.5916666666666668,1.2966666666666664
1774271267.4685886,3.0684624050650435,1.9628579537799558,0.0003077041387557991,-0.4883333333333332,1.5916666666666668,1.2966666666666664
1774271267.484197,2.8074205256802385,1.3534619250104587,0.0003185095310211189,-0.4883333333333332,1.5916666666666668,1.2966666666666664
1774271267.501197,2.532618528488084,0.8209663302287428,0.00031977005799611484,-0.4883333333333332,1.5916666666666668,1.2966666666666664
1774271267.5168786,1.6979874834608482,0.29123527611090705,0.0003224692185719815,-0.4883333333333332,1.5916666666666668,1.2966666666666664
1774271267.5326054,1.1843878206197669,0.15127260755863448,0.00032557130654652984,-0.4883333333333332,1.5916666666666668,1.2966666666666664
1774271267.5483518,0.5308108871090562,0.02233278017973507,0.00032681514422098866,-0.4883333333333332,1.5916666666666668,1.2966666666666664
1774271267.5650508,0.5308108871090562,0.02233278017973507,0.00032681514422098866,-0.4883333333333332,1.5916666666666668,1.2966666666666664
1774271267.5815861,0.5308108871090562,0.02233278017973507,0.00032681514422098866,-0.4883333333333332,1.5916666666666668,1.2966666666666664
1774271267.5981858,0.5308108871090562,0.02233278017973507,0.00032681514422098866,-0.4883333333333332,1.5916666666666668,1.2966666666666664
1774271267.6142213,0.5308108871090562,0.02233278017973507,0.00032681514422098866,-0.4883333333333332,1.5916666666666668,1.2966666666666664
1774271267.6305275,0.5308108871090562,0.02233278017973507,0.00032681514422098866,-0.4883333333333332,1.5916666666666668,1.2966666666666664
1774271267.6453612,0.5308108871090562,0.02233278017973507,0.00032681514422098866,-0.4883333333333332,1.5916666666666668,1.2966666666666664
1774271267.6616707,0.5308108871090562,0.02233278017973507,0.00032681514422098866,-0.4883333333333332,1.5916666666666668,1.2966666666666664
1774271267.6777449,0.5308108871090562,0.02233278017973507,0.00032681514422098866,-0.4883333333333332,1.5916666666666668,1.2966666666666664
1774271267.6943154,0.5308108871090562,0.02233278017973507,0.00032681514422098866,-0.4883333333333332,1.5916666666666668,1.2966666666666664
1774271267.7123754,0.5308108871090562,0.02233278017973507,0.00032681514422098866,-0.4883333333333332,1.5916666666666668,1.2966666666666664
1774271267.723953,0.5308108871090562,0.02233278017973507,0.00032681514422098866,-0.4883333333333332,1.5916666666666668,1.2966666666666664
1774271267.7407265,0.5308108871090562,0.02233278017973507,0.00032681514422098866,-0.4883333333333332,1.5916666666666668,1.2966666666666664
1774271267.7563376,1.6975894151464026,-4.684955397825945,0.0003148897091547655,-0.4883333333333332,1.5916666666666668,1.2966666666666664
1774271267.79702,2.670708730649765,-5.151447728610094,0.00028239854971567863,-0.4883333333333332,1.5916666666666668,1.2966666666666664
1774271267.812532,3.100141643787505,-4.839213861812181,0.00028239854971567863,-0.4883333333333332,1.5916666666666668,1.2966666666666664
1774271267.8283663,3.928105462412098,-4.081590039560349,0.00027456270058949864,-0.4883333333333332,1.5916666666666668,1.2966666666666664
1774271267.845214,4.391672008840904,-3.618893455379537,0.000268462538719178,-0.4883333333333332,1.5916666666666668,1.2966666666666664
1774271267.8617988,4.748877213788503,-3.2962371977750857,0.00026111474037170487,-0.4883333333333332,1.5916666666666668,1.2966666666666664
1774271267.8775175,4.954505636622095,-3.10330302054016,0.00026111474037170487,-0.4883333333333332,1.5916666666666668,1.2966666666666664
1774271267.8930073,4.61781643899509,-4.0369564254198655,0.00024503225485483885,-0.4883333333333332,1.5916666666666668,1.2966666666666664
1774271267.9095287,4.651697734277449,-4.3026888525097,0.00024014396667480548,-0.4883333333333332,1.5916666666666668,1.2966666666666664
1774271267.92517,4.742358147358426,-4.253341713517851,0.00023480268319447915,-0.4883333333333332,1.5916666666666668,1.2966666666666664
1774271268.0717509,8.19840501785759,-0.6247962724381253,0.00024071729977925697,-1.3083333333333331,0.35166666666666685,-6.873333333333334
1774271268.073352,8.19840501785759,-0.6247962724381253,0.00024071729977925697,-1.3083333333333331,0.35166666666666685,-6.873333333333334
1774271268.1143563,8.920767375884733,0.48383435171032246,0.0002531296332677213,-1.3083333333333331,0.35166666666666685,-6.873333333333334
1774271268.1157455,9.381069367667482,0.8476103519842715,0.0002572249571482348,-1.3083333333333331,0.35166666666666685,-6.873333333333334
1774271268.131413,9.999579525677957,1.50279457365702,0.0002604493459065763,-1.3283333333333331,0.03166666666666686,-6.873333333333334
1774271268.1472287,9.758951299152722,1.6966227426938056,0.00026641033490498934,-1.3283333333333331,0.03166666666666686,-6.873333333333334
1774271268.1637578,9.457679320815117,2.0193818782629442,0.00027124881744384837,-1.3283333333333331,-0.14833333333333315,-6.873333333333334
1774271268.1794584,9.111786597042576,2.0551077177540367,0.00027768876552581857,-1.3283333333333331,-0.14833333333333315,-6.873333333333334
1774271268.1960998,8.83481794123819,2.064443953826781,0.00028050881226857576,-1.3483333333333332,-0.22833333333333314,-6.873333333333334
1774271268.2128034,8.53449352951117,2.170022841941827,0.0002802832841873176,-1.3483333333333332,-0.22833333333333314,-6.873333333333334
1774271268.2289374,8.236599359528762,2.348851659190088,0.000280087073644003,-1.3583333333333332,-0.2983333333333332,-6.873333333333334
1774271268.2445877,7.965375646089629,2.5086406408369464,0.0002805141051610318,-1.3583333333333332,-0.2983333333333332,-6.873333333333334
1774271268.2601912,7.965375646089629,2.5086406408369464,0.0002805141051610318,-1.3583333333333332,-0.2983333333333332,-6.873333333333334
1774271268.2767591,7.965375646089629,2.5086406408369464,0.0002805141051610318,-1.3683333333333332,-0.31833333333333313,-6.873333333333334
1774271268.2921474,7.965375646089629,2.5086406408369464,0.0002805141051610318,-1.3683333333333332,-0.31833333333333313,-6.873333333333334
1774271268.309397,7.965375646089629,2.5086406408369464,0.0002805141051610318,-1.3683333333333332,-0.31833333333333313,-6.873333333333334
1774271268.3252273,7.965375646089629,2.5086406408369464,0.0002805141051610318,-1.3783333333333332,-0.34833333333333316,-6.873333333333334
1774271268.3416848,7.965375646089629,2.5086406408369464,0.0002805141051610318,-1.3783333333333332,-0.34833333333333316,-6.873333333333334
1774271268.3572574,7.965375646089629,2.5086406408369464,0.0002805141051610318,-1.3783333333333332,-0.33833333333333315,-6.873333333333334
1774271268.3738694,7.965375646089629,2.5086406408369464,0.0002805141051610318,-1.3783333333333332,-0.33833333333333315,-6.873333333333334
1774271268.3918948,7.965375646089629,2.5086406408369464,0.0002805141051610318,-1.3683333333333332,-0.35833333333333317,-6.873333333333334
1774271268.4084163,7.965375646089629,2.5086406408369464,0.0002805141051610318,-1.3683333333333332,-0.35833333333333317,-6.873333333333334
1774271268.424935,5.256104355707845,1.8160199498059426,0.0002717816193898525,-1.3683333333333332,-0.35833333333333317,-6.873333333333334
1774271268.4405062,5.029878362299781,0.9601606639385474,0.00027127881844838525,-1.3783333333333332,-0.33833333333333315,-6.873333333333334
1774271268.4561026,5.029878362299781,0.9601606639385474,0.00027127881844838525,-1.3783333333333332,-0.33833333333333315,-6.873333333333334
1774271268.4733586,5.602852877522431,1.4701171573001213,0.000266966088612875,-1.3683333333333332,-0.32833333333333314,-6.873333333333334
1774271268.4891448,5.813217748010307,1.6403434285327012,0.0002673430522282925,-1.3683333333333332,-0.32833333333333314,-6.873333333333334
1774271268.5058072,6.197455327355975,1.722920474750298,0.0002672581911087043,-1.3483333333333332,-0.35833333333333317,-6.873333333333334
1774271268.5231392,6.3286928425021705,1.760996597238556,0.0002658739487330126,-1.3483333333333332,-0.35833333333333317,-6.873333333333334
1774271268.538775,6.453450280317154,1.8206858873119292,0.00026357585589091055,-1.3583333333333332,-0.35833333333333317,-6.873333333333334
1774271268.5545728,6.631067812703717,1.8653408863462861,0.0002628448804219571,-1.3583333333333332,-0.35833333333333317,-6.873333333333334
1774271268.5702553,7.055654272037465,1.8038757239370782,0.00026167000134786044,-1.3383333333333332,-0.37833333333333313,-6.873333333333334
1774271268.5868924,7.218958368989777,1.885733375730156,0.0002609199523925789,-1.3383333333333332,-0.37833333333333313,-6.873333333333334
1774271268.6034758,7.313617806678024,2.049001771560421,0.00026069513161977207,-1.3383333333333332,-0.37833333333333313,-6.873333333333334
1774271268.6192749,7.373206869219982,2.2160445193675833,0.0002608112494150805,-1.3383333333333332,-0.37833333333333313,-6.873333333333334
1774271268.6358423,7.47124052730027,2.451514153939973,0.00026127236684163487,-1.3383333333333332,-0.37833333333333313,-6.873333333333334
1774271268.6525037,7.492164362369521,2.49292517023944,0.000261749466260275,-1.3383333333333332,-0.37833333333333313,-6.873333333333334
1774271268.6681893,7.484508015497881,2.5336107612296126,0.00026175282001495435,-1.3383333333333332,-0.37833333333333313,-6.873333333333334
1774271268.6847444,7.445757805959245,2.6312242691190053,0.0002617227951685595,-1.3383333333333332,-0.37833333333333313,-6.873333333333334
1774271268.7013755,7.378478549671314,2.8793609739339088,0.0002613637526830045,-1.3383333333333332,-0.37833333333333313,-6.873333333333334
1774271268.7168765,7.252651414386148,3.021478854446593,0.00026150848070780514,-1.3383333333333332,-0.37833333333333313,-6.873333333333334
1774271268.7332768,7.1522970276747255,3.111170527660752,0.00026182487010955886,-1.3383333333333332,-0.37833333333333313,-6.873333333333334
1774271268.7489102,7.032466592710357,3.1755866619236817,0.0002619219144185392,-1.3383333333333332,-0.37833333333333313,-6.873333333333334
1774271268.7655134,6.765202218635119,3.1088354268298373,0.0002610870043436694,-1.3183333333333331,-0.38833333333333314,-6.873333333333334
1774271268.7812734,6.6970092294310755,3.011053261897431,0.00026067621707916334,-1.3183333333333331,-0.38833333333333314,-6.873333333333334
1774271268.7970054,6.6970092294310755,3.011053261897431,0.00026067621707916334,-1.3183333333333331,-0.38833333333333314,-6.873333333333334
1774271268.814129,6.697334260024264,2.971623931082646,0.0002591656128565478,-1.3183333333333331,-0.38833333333333314,-6.873333333333334
1774271268.8308856,6.762321159002767,3.1653415486687138,0.00025867782433827794,-1.3183333333333331,-0.38833333333333314,-6.873333333333334
1774271268.8465834,6.713136546651192,3.1659346131710007,0.000259448178609213,-1.3183333333333331,-0.38833333333333314,-6.873333333333334
1774271268.862187,6.585624324335364,3.0866178915874687,0.00026060070991516186,-1.3083333333333331,-0.38833333333333314,-6.873333333333334
1774271268.8792672,6.4652827621160585,2.9356354885602616,0.0002623724222183235,-1.3083333333333331,-0.38833333333333314,-6.873333333333334
1774271268.8948572,6.28739386035691,2.623537031960326,0.0002594690084457405,-1.3083333333333331,-0.39833333333333315,-1.0233333333333337
1774271268.911677,6.253918622312318,2.5704604321295115,0.0002575602451960253,-1.3083333333333331,-0.39833333333333315,-1.0233333333333337
1774271268.9271986,6.235324243970697,2.628697362914358,0.0002559137423833219,-1.3083333333333331,-0.38833333333333314,-6.873333333333334
1774271268.9436252,6.239160118371521,2.7099764913122644,0.00025556017557780024,-1.3083333333333331,-0.38833333333333314,-6.873333333333334
1774271268.960697,6.253676425105473,2.6068028743391376,0.0002552225907643644,-1.2983333333333331,-0.38833333333333314,-6.873333333333334
1774271268.9762468,6.2263038094308545,2.502039527741519,0.0002535236358642586,-1.2983333333333331,-0.38833333333333314,-6.873333333333334
1774271268.992073,6.172560387872387,2.4721225036053656,0.00024630961418151934,-1.2983333333333331,-0.38833333333333314,-6.873333333333334
1774271269.0092862,6.095070900977786,2.524542756304407,0.0002449999888738004,-1.2983333333333331,-0.38833333333333314,-6.873333333333334
1774271269.0242863,5.896413027557789,2.5058007745338586,0.00024393522739410477,-1.3083333333333331,-0.37833333333333313,-6.873333333333334
1774271269.039747,5.899581127545591,2.402211298261683,0.00024356187979380367,-1.3083333333333331,-0.37833333333333313,-6.873333333333334
1774271269.0561678,6.004341834491625,2.2283109116206403,0.0002435420989990242,-1.3083333333333331,-0.3683333333333331,-1.0233333333333337
1774271269.072602,6.109400437126116,2.0356167972889674,0.00024352470239003576,-1.3083333333333331,-0.3683333333333331,-1.0233333333333337
1774271269.0890694,6.092101584035127,1.8637216120209665,0.00024143023490905838,-1.238333333333333,-0.31833333333333313,-6.873333333333334
1774271269.1055622,5.977773779358756,1.8957660677869157,0.00023895738919576086,-1.238333333333333,-0.31833333333333313,-6.873333333333334
1774271269.1211698,5.862402582334313,1.8559859196350015,0.00023845361868540522,-1.238333333333333,-0.31833333333333313,-6.873333333333334
1774271269.1376607,5.79494414978669,1.8421791099495026,0.0002350526173909513,-1.1083333333333332,-0.24833333333333316,-6.873333333333334
1774271269.154063,5.812277797118089,1.9633652216904767,0.0002346666415532438,-1.1083333333333332,-0.24833333333333316,-6.873333333333334
1774271269.170667,5.812277797118089,1.9633652216904767,0.0002346666415532438,-0.8883333333333332,-0.13833333333333314,43.62666666666667
1774271269.1873612,5.831588599183212,2.14206371217763,0.000235564064979554,-0.8883333333333332,-0.13833333333333314,43.62666666666667
1774271269.203508,5.852442201199993,2.082675118343858,0.000235564064979554,-0.7683333333333332,-0.08833333333333314,43.62666666666667
1774271269.2194438,5.849448945193695,1.8932148846111376,0.00023534259796142656,-0.7683333333333332,-0.08833333333333314,43.62666666666667
1774271269.235063,5.901035078918171,1.903766490501975,0.00023360549608866452,-0.7683333333333332,-0.08833333333333314,43.62666666666667
1774271269.2517297,6.0036652333954414,1.9456306922326396,0.0002311579068501798,-0.7683333333333332,-0.08833333333333314,43.62666666666667
1774271269.268686,6.1095067438965565,1.9409886105513598,0.0002287818431854256,-0.28833333333333316,0.18166666666666687,3.4266666666666663
1774271269.2844281,6.099669924271559,2.273126310313393,0.00022700659434000728,-0.28833333333333316,0.18166666666666687,3.4266666666666663
1774271269.3005996,5.9611654428990635,2.4956655220389994,0.00022621363004048743,-0.15833333333333316,0.16166666666666685,-6.873333333333334
1774271269.3464074,5.3006433288418195,2.788723493855426,0.00022349450588226397,-0.13833333333333314,0.12166666666666685,3.9366666666666665
1774271269.3484042,5.3006433288418195,2.788723493855426,0.00022349450588226397,-0.13833333333333314,0.12166666666666685,3.9366666666666665
1774271269.362915,5.042485614595533,3.0120880438293103,0.00022085476716359536,-0.15833333333333316,0.09166666666666685,-6.873333333333334
1774271269.3794215,5.042823313835435,3.0941398026757683,0.0002200284242630013,-0.15833333333333316,0.09166666666666685,-6.873333333333334
1774271269.39487,5.125021714443354,3.2297221136380316,0.00021934107144673746,-0.18833333333333316,0.09166666666666685,-6.873333333333334
1774271269.4118786,5.258281099465479,3.338974443894106,0.00021709375381469807,-0.18833333333333316,0.09166666666666685,-6.873333333333334
1774271269.4292624,5.439410074656797,3.639689604745792,0.00021342784563700438,-0.21833333333333316,0.061666666666666856,-6.873333333333334
1774271269.4446805,5.48159921346204,3.8561558421695588,0.0002115412473678597,-0.21833333333333316,0.061666666666666856,-6.873333333333334
1774271269.4612336,5.4410506654181665,4.097954817589227,0.00020988591512044352,-0.21833333333333316,0.061666666666666856,-6.873333333333334
1774271269.4798055,5.277227095978294,4.483200422299756,0.00020628605683644695,-0.21833333333333316,0.061666666666666856,-6.873333333333334
1774271269.4965456,5.215711832115592,4.629855388472542,0.0002037733872731535,-0.24833333333333316,0.05166666666666686,-6.873333333333334
1774271269.51248,5.215711832115592,4.629855388472542,0.0002037733872731535,-0.24833333333333316,0.05166666666666686,-6.873333333333334
1774271269.5283172,5.083676905995282,4.622474905328108,0.00020204034646352213,-0.3083333333333331,0.04166666666666686,42.18666666666667
1774271269.5439093,4.905823005464106,4.506751618646106,0.00020142381191253745,-0.3083333333333331,0.04166666666666686,42.18666666666667
1774271269.5615594,4.902836803333053,4.340268598588882,0.0002006308476130176,-0.31833333333333313,0.07166666666666686,41.50666666666667
1774271269.5762773,4.921536666951459,4.141239895123665,0.0001980244874954232,-0.31833333333333313,0.07166666666666686,41.50666666666667
1774271269.591876,5.017525915792737,3.8994622636778007,0.000194432489077251,-0.3083333333333331,0.05166666666666686,42.18666666666667
1774271269.6086721,5.455605048986204,4.240679936891859,0.00019317390124003176,-0.3083333333333331,0.05166666666666686,42.18666666666667
1774271269.6245303,5.514474415904064,4.307335110238569,0.00019398169517517174,-0.3083333333333331,0.05166666666666686,42.18666666666667
1774271269.6401155,5.311152962404532,4.348465240219531,0.00019495779673258548,-0.3083333333333331,0.04166666666666686,42.18666666666667
1774271269.6558049,5.028287043280978,4.346252187436544,0.00019686849912007733,-0.3083333333333331,0.04166666666666686,42.18666666666667
1774271269.6723373,4.779122230017794,4.276671356288443,0.00019935140609741295,-0.31833333333333313,0.04166666666666686,42.18666666666667
1774271269.6886833,4.779122230017794,4.276671356288443,0.00019935140609741295,-0.31833333333333313,0.04166666666666686,42.18666666666667
1774271269.7051919,4.779122230017794,4.276671356288443,0.00019935140609741295,-0.25833333333333314,0.07166666666666686,-6.873333333333334
1774271269.7216322,4.779122230017794,4.276671356288443,0.00019935140609741295,-0.25833333333333314,0.07166666666666686,-6.873333333333334
1774271269.7382092,4.779122230017794,4.276671356288443,0.00019935140609741295,-0.25833333333333314,0.07166666666666686,-6.873333333333334
1774271269.7544558,4.779122230017794,4.276671356288443,0.00019935140609741295,-0.25833333333333314,0.07166666666666686,-6.873333333333334
1774271269.7700694,4.779122230017794,4.276671356288443,0.00019935140609741295,-0.13833333333333314,0.11166666666666686,-6.873333333333334
1774271269.786806,4.779122230017794,4.276671356288443,0.00019935140609741295,-0.13833333333333314,0.11166666666666686,-6.873333333333334
1774271269.804786,4.779122230017794,4.276671356288443,0.00019935140609741295,-0.10833333333333314,0.12166666666666685,-6.873333333333334
1774271269.8191798,4.779122230017794,4.276671356288443,0.00019935140609741295,-0.10833333333333314,0.12166666666666685,-6.873333333333334
1774271269.8353477,4.779122230017794,4.276671356288443,0.00019935140609741295,-0.14833333333333315,0.08166666666666686,-6.873333333333334
1774271269.85244,1.356717338255754,3.764351514386825,0.0002003070195515959,-0.14833333333333315,0.08166666666666686,-6.873333333333334
1774271269.8673313,0.9424228539223507,4.118834620622554,0.00019717923005422043,-0.10833333333333314,0.09166666666666685,-6.873333333333334
1774271269.8829796,0.7542809334105708,4.034299667106728,0.00019652454853057947,-0.10833333333333314,0.09166666666666685,-6.873333333333334
1774271269.8995411,0.4411312061756971,3.6349264249680964,0.00019495195547739752,-0.028333333333333145,0.13166666666666685,3.8666666666666663
1774271269.9165432,0.3746599867942674,3.4618583131548837,0.00019237562020619798,-0.028333333333333145,0.13166666666666685,3.8666666666666663
1774271269.933271,0.32171428870148805,3.2522244546882977,0.00018476723829905281,-0.028333333333333145,0.13166666666666685,3.8666666666666663
1774271269.9479992,0.2738062504685371,3.3171954431380097,0.0001807603915532439,-0.028333333333333145,0.13166666666666685,3.8666666666666663
1774271269.9645379,0.21896856096876086,3.51141095168268,0.00017763092517852872,-0.008333333333333144,0.12166666666666685,-6.873333333333334
1774271269.9821155,0.2516004649842819,3.751161099313133,0.00017671945889790943,-0.008333333333333144,0.12166666666666685,-6.873333333333334
1774271269.9977338,0.33970141181325736,3.899043418336855,0.0001764135758082081,0.04166666666666686,0.15166666666666687,3.6466666666666665
1774271270.0134983,0.4184841708854793,4.071618883758277,0.00017697509129842214,0.04166666666666686,0.15166666666666687,3.6466666666666665
1774271270.0293756,0.38019542501674836,4.077104566857214,0.000176444387435914,0.08166666666666686,0.17166666666666686,3.4866666666666664
1774271270.045343,0.35700569835507434,4.132930422923279,0.000176444387435914,0.08166666666666686,0.17166666666666686,3.4866666666666664
1774271270.061294,0.38305804771900387,4.2360929395497315,0.00017517458597819102,0.12166666666666685,0.18166666666666687,3.4566666666666666
1774271270.0768406,0.5661405097872749,4.498585254747858,0.00017517458597819102,0.12166666666666685,0.18166666666666687,3.4566666666666666
1774271270.094393,0.707204184824966,4.600855703923262,0.00017606556415557953,0.08166666666666686,0.17166666666666686,3.4866666666666664
1774271270.1109838,0.806364451114358,4.56197853764828,0.00017893877029419037,0.08166666666666686,0.17166666666666686,3.4866666666666664
1774271270.1275482,0.8205522380169572,4.360060883874399,0.00017917577425638926,0.09166666666666685,0.15166666666666687,3.516666666666666
1774271270.1454482,0.546111972339543,4.6249517531970445,0.00018464774290720713,0.09166666666666685,0.15166666666666687,3.516666666666666
1774271270.1610558,0.5210558969313274,4.734175352247545,0.00018987723191579275,0.12166666666666685,0.16166666666666685,3.4866666666666664
1774271270.175729,0.6256212759659154,4.676100367051767,0.00018987723191579275,0.12166666666666685,0.16166666666666685,3.4866666666666664
1774271270.1933167,0.8776581428591886,4.156190402072768,0.00019105528195699148,0.07166666666666686,0.15166666666666687,3.5466666666666664
1774271270.2091358,0.9465000810783759,3.9823694081595673,0.00018982839584350678,0.07166666666666686,0.15166666666666687,3.5466666666666664
1774271270.2398295,0.9465000810783759,3.9823694081595673,0.00018982839584350678,0.07166666666666686,0.15166666666666687,3.5466666666666664
1774271270.2565355,0.9545683230189669,3.5492423078638096,0.00018521693547566824,0.10166666666666686,0.17166666666666686,3.4866666666666664
1774271270.273025,0.8735627928285995,3.446231281212206,0.00018380408287048432,0.07166666666666686,0.19166666666666687,3.4266666666666663
1774271270.288852,0.9847901777046616,3.472634295918601,0.0001829252878824879,0.07166666666666686,0.19166666666666687,3.4266666666666663
1774271270.305414,1.15623610913541,3.585436745064702,0.00017957197030385428,0.10166666666666686,0.21166666666666686,3.3566666666666665
1774271270.321369,1.2713605908669323,3.761580452396754,0.0001785930395126352,0.10166666666666686,0.21166666666666686,3.3566666666666665
1774271270.336907,1.2451620917558863,4.094796397473346,0.00017813862959543955,0.14166666666666686,0.22166666666666687,3.2966666666666664
1774271270.353435,1.1396001252536223,4.273612140767389,0.00017733922004699797,0.14166666666666686,0.22166666666666687,3.2966666666666664
1774271270.3700185,1.010137145568456,4.416562172219992,0.00017642298539479663,0.14166666666666686,0.22166666666666687,3.2966666666666664
1774271270.3858938,0.9804591713965221,4.520480357475537,0.00017555920282999763,0.14166666666666686,0.22166666666666687,3.2966666666666664
1774271270.402451,1.0704563040262887,4.494928603311271,0.00017415588696797777,0.14166666666666686,0.22166666666666687,3.2966666666666664
1774271270.418972,1.0824440880567905,4.417221461635273,0.00017282886505127042,0.14166666666666686,0.22166666666666687,3.2966666666666664
1774271270.4344518,1.1223013779861266,4.4157946742452605,0.00017173858483632496,0.14166666666666686,0.22166666666666687,3.2966666666666664
1774271270.451079,1.2012689055266725,4.467765182794249,0.00017013808886210213,0.14166666666666686,0.22166666666666687,3.2966666666666664
1774271270.4665794,1.3717168718907895,4.851113007489701,0.0001682324171066293,0.14166666666666686,0.22166666666666687,3.2966666666666664
1774271270.4831517,1.4203220394058753,5.015025893606248,0.0001669871648152678,0.14166666666666686,0.22166666666666687,3.2966666666666664
1774271270.4987557,1.4099060827226297,5.040244353549382,0.0001662449757258106,0.14166666666666686,0.22166666666666687,3.2966666666666664
1774271270.515567,1.3814637784244215,4.975682860240458,0.0001657769680023202,0.23166666666666685,0.25166666666666687,3.2366666666666664
1774271270.5322,1.3718805674699008,4.846821859229139,0.00016546870072682785,0.23166666666666685,0.25166666666666687,3.2366666666666664
1774271270.5478032,1.3718805674699008,4.846821859229139,0.00016546870072682785,0.23166666666666685,0.25166666666666687,3.2366666666666664
1774271270.5657425,1.8177687529329978,4.723811215511006,0.0001641607522964486,-0.26833333333333315,0.3216666666666669,3.0066666666666664
1774271270.582546,1.8933871936367985,4.716702514294477,0.00016352037588755376,-0.26833333333333315,0.3216666666666669,3.0066666666666664
1774271270.5983076,1.655488130884086,4.420673998121446,0.00016328937212626223,-0.45833333333333315,0.19166666666666687,3.516666666666666
1774271270.6140683,1.5027789702162553,4.313737790270205,0.00016197188695271894,-0.45833333333333315,0.19166666666666687,3.516666666666666
1774271270.629755,1.4232622433544242,4.299837191243606,0.0001605750163396208,-0.6683333333333331,0.10166666666666686,42.18666666666667
1774271270.6469061,1.461263639770508,4.281758103787356,0.00016044008731842127,-0.6683333333333331,0.10166666666666686,42.18666666666667
1774271270.6614928,1.619285873600476,4.0876243525198666,0.0001626180807749439,-0.6683333333333331,0.10166666666666686,42.18666666666667
1774271270.6781359,1.6529920125887643,3.933199701554551,0.000164311114947002,-0.7983333333333331,0.03166666666666686,-6.873333333333334
1774271270.6935127,1.6586606823338546,3.7787281796729313,0.00016463227272033777,-0.7983333333333331,0.03166666666666686,-6.873333333333334
1774271270.71002,1.6873978720095981,3.6569805322217204,0.00016468163331349777,-0.7983333333333331,0.03166666666666686,-6.873333333333334
1774271270.7255774,1.6993283336967309,3.625012808528875,0.0001644901911417652,-0.7983333333333331,0.03166666666666686,-6.873333333333334
1774271270.7420413,1.6101296053881355,3.7876397921179885,0.00016430351734161465,-0.7983333333333331,0.03166666666666686,-6.873333333333334
1774271270.7574065,1.495755120735858,3.8459031142054356,0.0001645912965138762,-0.7983333333333331,0.03166666666666686,-6.873333333333334
1774271270.7738779,1.3625599671768271,3.8174659012449856,0.0001645912965138762,-0.7983333333333331,0.03166666666666686,-6.873333333333334
1774271270.7902293,1.1699061383838392,3.695837278073599,0.00016526054541270027,-0.7983333333333331,0.03166666666666686,-6.873333333333334
1774271270.8066099,0.839228070072082,3.322146397260335,0.00016679860750834236,-0.7983333333333331,0.03166666666666686,-6.873333333333334
1774271270.8232896,0.7800655106470341,3.1595064503643466,0.00016635850270589283,-0.7983333333333331,0.03166666666666686,-6.873333333333334
1774271270.8396976,0.7732367866756228,3.110967752825849,0.00016572598616282236,-0.7983333333333331,0.03166666666666686,-6.873333333333334
1774271270.856574,0.8444769085363668,3.2799126217041716,0.00016405899524688812,-0.9683333333333332,-0.06833333333333315,-6.873333333333334
1774271270.8960462,0.8444769085363668,3.2799126217041716,0.00016405899524688812,-0.9683333333333332,-0.06833333333333315,-6.873333333333334
1774271270.9085562,1.1667182294284593,3.2863850597303346,0.00016402420202891123,-0.9683333333333332,-0.06833333333333315,-6.873333333333334
1774271270.9255857,1.1806249500622281,3.3366598769138696,0.0001640258789062509,-0.9683333333333332,-0.06833333333333315,-6.873333333333334
1774271270.9412582,1.1880412790237413,3.4078100997263383,0.00016428840160369963,-0.9683333333333332,-0.06833333333333315,-6.873333333333334
1774271270.9570107,1.218070976313969,3.459812955198229,0.00016533390680948984,-0.9683333333333332,-0.06833333333333315,-6.873333333333334
1774271270.9726439,1.262784796840348,3.4298459166329645,0.00016559545993805023,-1.2183333333333333,-0.18833333333333316,-6.873333333333334
1774271270.9893913,1.410883230425856,3.196469448759351,0.00016580076217651457,-1.2183333333333333,-0.18833333333333316,-6.873333333333334
1774271271.00501,1.5055883025511934,3.2092761520568254,0.00016548057397206714,-1.2283333333333333,-0.17833333333333315,-6.873333333333334
1774271271.0206661,1.5692129192105375,3.324009705155271,0.0001649355649948129,-1.2283333333333333,-0.17833333333333315,-6.873333333333334
1774271271.0373778,1.6340631810704649,3.4248416977435894,0.00016441775163014818,-1.238333333333333,-0.19833333333333314,-6.873333333333334
1774271271.0529141,1.6866006921531684,3.477217367128994,0.00016404608090718676,-1.238333333333333,-0.19833333333333314,-6.873333333333334
1774271271.0684164,1.6708680074719555,3.3831041145290826,0.00016394285360972176,-1.238333333333333,-0.19833333333333314,-6.873333333333334
1774271271.0850918,1.662430516947966,3.3389000753156455,0.00016327863534291675,-1.238333333333333,-0.19833333333333314,-6.873333333333334
1774271271.1005876,1.655296270174546,3.3942645741603372,0.0001628964583079029,-1.238333333333333,-0.19833333333333314,-6.873333333333334
1774271271.1171446,1.6788464547455557,3.600204998523994,0.00016239198048909596,-1.238333333333333,-0.19833333333333314,-6.873333333333334
1774271271.1326873,1.6838930137779813,3.700522580617503,0.00016231021086375008,-1.238333333333333,-0.19833333333333314,-6.873333333333334
1774271271.1492596,1.6845234458314344,3.7782684153553308,0.00016232142448425384,-1.238333333333333,-0.19833333333333314,-6.873333333333334
1774271271.1648207,1.6740758581347341,3.880452327985135,0.0001623183329900115,-1.238333333333333,-0.19833333333333314,-6.873333333333334
1774271271.180373,1.6410805275056866,3.985644717544668,0.00016237484614054453,-1.238333333333333,-0.19833333333333314,-6.873333333333334
1774271271.197741,1.5778974780645223,4.1182439934289645,0.00016217722098032725,-1.2283333333333333,-0.19833333333333314,-6.873333333333334
1774271271.2144632,1.5641199935653989,4.127357760088607,0.0001614813009897877,-1.2283333333333333,-0.19833333333333314,-6.873333333333334
1774271271.231048,1.5641199935653989,4.127357760088607,0.0001614813009897877,-1.2283333333333333,-0.19833333333333314,-6.873333333333334
1774271271.2466347,1.4710000290352847,3.962156619061643,0.00016107051372528166,-1.2283333333333333,-0.19833333333333314,-6.873333333333334
1774271271.2637537,1.417911821355345,3.944929978275172,0.00016012972990671884,-1.2283333333333333,-0.19833333333333314,-6.873333333333334
1774271271.279356,1.3184253861758397,3.9997997044976787,0.00015966101487477713,-1.2283333333333333,-0.19833333333333314,-6.873333333333334
1774271271.2966533,1.2578671007348248,4.0685909870539225,0.00016012380917867117,-1.2183333333333333,-0.18833333333333316,-6.873333333333334
1774271271.3124118,1.2809192679565318,4.1024565495039305,0.00015958144664764495,-1.2183333333333333,-0.18833333333333316,-6.873333333333334
1774271271.3281374,1.2809679739607347,4.084846203734192,0.00015921286741892588,-1.2083333333333333,-0.20833333333333315,-6.873333333333334
1774271271.344186,1.2796021047685706,4.040764948852852,0.00015875845750173024,-1.2083333333333333,-0.20833333333333315,-6.873333333333334
1774271271.3597066,1.2726304281755856,3.9835752247137486,0.00015804178714752288,-1.2283333333333333,-0.18833333333333316,-6.873333333333334
1774271271.3764865,1.138476260667195,4.007035461327964,0.0001554831107457488,-1.2283333333333333,-0.18833333333333316,-6.873333333333334
1774271271.3930194,1.0764517963971743,4.051195023495699,0.00015434682369232268,-1.2183333333333333,-0.17833333333333315,-6.873333333333334
1774271271.408471,1.0312408752177085,4.088805161217596,0.00015390504201253345,-1.2183333333333333,-0.17833333333333315,-6.873333333333334
1774271271.42499,1.0066008381490383,4.0586624934412585,0.0001536420742670704,-1.2183333333333333,-0.17833333333333315,-6.873333333333334
1774271271.4405282,0.9940882976315805,3.9174318508466515,0.00015345301628112883,-1.2183333333333333,-0.17833333333333315,-6.873333333333334
1774271271.4569557,0.9236984806733809,3.5064089861948373,0.00015235010782877696,-1.2183333333333333,-0.17833333333333315,-6.873333333333334
1774271271.4723108,0.8661448713797344,3.446950737235568,0.00015150063037872407,-1.2183333333333333,-0.17833333333333315,-6.873333333333334
1774271271.4887395,0.8551731672235208,3.493221143444505,0.00015066068967183524,-1.2183333333333333,-0.17833333333333315,-6.873333333333334
1774271271.5051525,0.83389226030106,3.6195605029493354,0.00014992326895396006,-1.2183333333333333,-0.17833333333333315,-6.873333333333334
1774271271.5215886,0.7188666629236343,3.7431318540878755,0.00014992326895396006,-1.2183333333333333,-0.17833333333333315,-6.873333333333334
1774271271.538021,0.6348892862697526,3.663386932342015,0.00014992326895396006,-1.2183333333333333,-0.17833333333333315,-6.873333333333334
1774271271.553373,0.5874000558047964,3.4921835288625216,0.00014951248168945403,-1.2183333333333333,-0.17833333333333315,-6.873333333333334
1774271271.5698578,0.5787855727923387,3.296629985599127,0.00014890380700429372,-1.2183333333333333,-0.17833333333333315,-6.873333333333334
1774271271.5853443,0.5926049488781373,3.068077890122527,0.00014698073863983246,-1.2183333333333333,-0.18833333333333316,-6.873333333333334
1774271271.6024988,0.5926049488781373,3.068077890122527,0.00014698073863983246,-1.2183333333333333,-0.18833333333333316,-6.873333333333334
1774271271.6180983,0.7239647737682735,2.821314104297898,0.00014621709187825614,-1.2183333333333333,-0.18833333333333316,-6.873333333333334
1774271271.6337585,0.7678176767708466,2.7684069312460866,0.00014621709187825614,-1.2183333333333333,-0.18833333333333316,-6.873333333333334
1774271271.6499195,0.8260686895184102,2.669109408164339,0.00014417746067047215,-1.2183333333333333,-0.18833333333333316,-6.873333333333334
1774271271.6657872,0.8544278967047924,2.677505655545853,0.0001428504387537648,-1.2183333333333333,-0.18833333333333316,-6.873333333333334
1774271271.681902,0.8518041120794179,2.741698699951695,0.00014197711944580175,-1.2183333333333333,-0.18833333333333316,-6.873333333333334
1774271271.698267,0.8384858353840511,2.903311812857456,0.00013994437853495376,-1.1683333333333332,-0.19833333333333314,-6.873333333333334
1774271271.7143438,0.8112013989003741,3.219635976002777,0.0001377242565155039,-1.1683333333333332,-0.19833333333333314,-6.873333333333334
1774271271.7309835,0.7425658663225131,3.2307011809203527,0.00013759718736012873,-1.1583333333333332,-0.17833333333333315,-6.873333333333334
1774271271.7465532,0.5979560072431903,3.2247074017786432,0.00013652933438619075,-1.1583333333333332,-0.17833333333333315,-6.873333333333334
1774271271.763401,0.38413510258250216,3.2568619878230476,0.0001355074882507334,-1.1583333333333332,-0.17833333333333315,-6.873333333333334
1774271271.7790961,-0.008466223143387991,3.391046430178712,0.00013439265886942644,-1.1583333333333332,-0.17833333333333315,-6.873333333333334
1774271271.794786,-0.14368555548988557,3.5171806947088093,0.00013248795668284198,-1.1583333333333332,-0.17833333333333315,-6.873333333333334
1774271271.810512,-0.2605888256892186,3.552297506096605,0.00013207716941833594,-1.1583333333333332,-0.17833333333333315,-6.873333333333334
1774271271.8271518,-0.3604661807663112,3.4377935436420297,0.0001314844767252614,-1.1583333333333332,-0.17833333333333315,-6.873333333333334
1774271271.843739,-0.5255275880843856,3.3978523988062936,0.000129847510655722,-1.1583333333333332,-0.17833333333333315,-6.873333333333334
1774271271.8593442,-0.4648722174844547,3.4945439688451905,0.00012786722183227636,-1.1583333333333332,-0.17833333333333315,-6.873333333333334
1774271271.8762653,-0.41561515268881444,3.5928897746787083,0.00012616826693217056,-1.1683333333333332,-0.15833333333333316,-6.873333333333334
1774271271.8925364,-0.4537341563315743,3.7144731052665185,0.00012457421620686946,-1.1683333333333332,-0.15833333333333316,-6.873333333333334
1774271271.9080794,-0.5954386422646379,3.8784931588431504,0.00012457421620686946,-1.1683333333333332,-0.15833333333333316,-6.873333333333334
1774271271.9237595,-0.8977629196374107,4.60001446094914,0.00012451867262522475,-1.1683333333333332,-0.15833333333333316,-6.873333333333334
1774271271.9393713,-0.9096415831223866,4.76243884503212,0.0001253421862920135,-1.1683333333333332,-0.15833333333333316,-6.873333333333334
1774271271.9559088,-0.882828955655229,4.7498267357691395,0.0001258850733439137,-1.1783333333333332,-0.048333333333333145,-6.873333333333334
1774271271.9894083,-1.1824473083356097,4.748624922361868,0.00012775692145029798,-1.1783333333333332,-0.048333333333333145,-6.873333333333334
1774271272.0059412,-1.1824473083356097,4.748624922361868,0.00012775692145029798,-1.1483333333333332,-0.028333333333333145,-6.873333333333334
1774271272.0216641,-1.5154858839031933,4.918023065562328,0.0001303304274876922,-1.1483333333333332,-0.028333333333333145,-6.873333333333334
1774271272.0377553,-1.7466877224297093,5.046070111300174,0.00013186752001444595,-1.1483333333333332,-0.028333333333333145,-6.873333333333334
1774271272.0535102,-1.73163855713458,5.14109533302141,0.0001410583734512339,-1.1483333333333332,-0.028333333333333145,-6.873333333333334
1774271272.070244,-1.5678987306589693,5.294735704140478,0.00014196462631225684,-1.1283333333333332,0.001666666666666856,-6.873333333333334
1774271272.0859706,-1.3503948478855388,5.6717336470971205,0.00014077111879984636,-1.1283333333333332,0.001666666666666856,-6.873333333333334
1774271272.2984169,-1.4884253907124585,9.180115874461256,0.00013074011802673434,-1.1283333333333332,0.061666666666666856,-6.873333333333334
1774271272.3405087,-1.0646779548110263,9.07528531498972,0.00013522291183471776,-1.1283333333333332,0.061666666666666856,-6.873333333333334
1774271272.3574536,-1.2077783840669272,8.83756955995686,0.00013594222863515313,-1.1183333333333332,0.05166666666666686,-6.873333333333334
1774271272.3751006,-1.3875560621773233,8.906610076733536,0.00013665606975555515,-1.1183333333333332,0.05166666666666686,-6.873333333333334
1774271272.3909307,-1.7989882785356877,8.800800371025343,0.00013934330940246678,-1.1183333333333332,0.05166666666666686,-6.873333333333334
1774271272.406694,-1.962605216451453,8.62973277905448,0.00014730824629465835,-1.1183333333333332,0.061666666666666856,-6.873333333333334
1774271272.4236016,-2.110556767629335,8.490249117741772,0.00014780106544494726,-1.1183333333333332,0.061666666666666856,-6.873333333333334
1774271272.4390526,-2.216298579142227,8.403233317400979,0.00014780106544494726,-1.1183333333333332,0.03166666666666686,-6.873333333333334
1774271272.4550087,-2.2651883703399522,8.40215125011517,0.00014815083344777523,-1.1183333333333332,0.03166666666666686,-6.873333333333334
1774271272.4705877,-2.2256365138642473,8.433832719406679,0.00015080875555674333,-1.1283333333333332,0.001666666666666856,-6.873333333333334
1774271272.4874165,-2.1598969942740087,8.399473570322357,0.0001514780044555674,-1.1283333333333332,0.001666666666666856,-6.873333333333334
1774271272.5034547,-2.1179562653085617,8.27328859743764,0.0001526019255320241,-1.1483333333333332,0.011666666666666856,-6.873333333333334
1774271272.5199172,-2.1996659573078077,8.058905190148279,0.00015336345036824644,-1.1483333333333332,0.011666666666666856,-6.873333333333334
1774271272.5356114,-2.5684667182546836,7.589014475681015,0.00015205956300099792,-1.1283333333333332,-0.008333333333333144,-6.873333333333334
1774271272.5526266,-2.7161251234121275,7.37385805832814,0.00015078022480011086,-1.1283333333333332,-0.008333333333333144,-6.873333333333334
1774271272.5672543,-2.7196926941385615,7.285824619920769,0.0001480880339940399,-1.1183333333333332,-0.03833333333333314,-6.873333333333334
1774271272.583739,-2.694708733525797,7.134372299637942,0.00014767247835795183,-1.1183333333333332,-0.03833333333333314,-6.873333333333334
1774271272.598852,-2.9086750513667554,6.557291133493095,0.00014548811912536722,-1.0983333333333332,-0.07833333333333314,-6.873333333333334
1774271272.614384,-3.201475166034158,6.269701206547643,0.00014482937653859557,-1.0983333333333332,-0.07833333333333314,-6.873333333333334
1774271272.6309273,-3.5059826736683903,6.0148839878814835,0.00014429937998453876,-1.0983333333333332,-0.05833333333333315,-6.873333333333334
1774271272.6465185,-3.5059826736683903,6.0148839878814835,0.00014429937998453876,-1.0983333333333332,-0.05833333333333315,-6.873333333333334
1774271272.6630876,-3.590820632995355,5.338337680335841,0.0001406964302062998,-1.0883333333333332,-0.05833333333333315,-6.873333333333334
1774271272.6797252,-3.582379464410194,4.971141038286542,0.0001363066991170257,-1.0883333333333332,-0.05833333333333315,-6.873333333333334
1774271272.6952903,-3.6647585423686064,4.546323971627029,0.0001363066991170257,-1.1083333333333332,-0.028333333333333145,-6.873333333333334
1774271272.7119393,-3.8558524592809955,4.213287955963456,0.00013464898268381853,-1.1083333333333332,-0.028333333333333145,-6.873333333333334
1774271272.7277503,-4.269176967941829,4.070884450051563,0.00013086554209391373,-1.0783333333333331,-0.028333333333333145,-6.873333333333334
1774271272.743277,-4.231369221202539,3.985918231977549,0.00013044044971466162,-1.0783333333333331,-0.028333333333333145,-6.873333333333334
1774271272.759865,-4.04429479015494,3.816092540444348,0.00012980007330576677,-1.0783333333333331,0.001666666666666856,-6.873333333333334
1774271272.7754204,-3.888666789946267,3.5705144580014454,0.00012927722930908302,-1.0783333333333331,0.001666666666666856,-6.873333333333334
1774271272.7920527,-3.821394769602871,3.2509460971406923,0.00012856603463490902,-1.0783333333333331,0.001666666666666856,-6.873333333333334
1774271272.8086321,-3.891167558670631,2.8768688547116583,0.00012743283907572526,-1.0683333333333331,-0.008333333333333144,-6.873333333333334
1774271272.8242393,-3.9481970270798894,2.952867556321847,0.00012466267744700213,-1.0683333333333331,-0.008333333333333144,-6.873333333333334
1774271272.8410518,-3.888373612269794,2.9485855543336195,0.00012434964179992776,-1.0883333333333332,0.061666666666666856,43.62666666666667
1774271272.8565483,-3.724507723072839,2.7858727416096234,0.00012420517603556414,-1.0883333333333332,0.061666666666666856,43.62666666666667
1774271272.8729653,-3.5799688891944896,2.4229311886425777,0.00012210903167724708,-1.0783333333333331,0.14166666666666686,43.62666666666667
1774271272.8899076,-3.710063387615983,2.250034233542668,0.0001212063948313405,-1.0783333333333331,0.14166666666666686,43.62666666666667
1774271272.9056227,-3.9035547659784697,2.0121369734641243,0.00012088143825531104,-1.0683333333333331,0.23166666666666685,-6.873333333333334
1774271272.9213696,-4.054738256967968,1.7537768895995467,0.00012043179670969743,-1.0683333333333331,0.23166666666666685,-6.873333333333334
1774271272.9378738,-3.9540385643387106,1.4063068360301525,0.0001187218904495249,-1.0483333333333331,0.28166666666666684,-6.873333333333334
1774271272.9537044,-3.806132692742227,1.4212585843339154,0.0001181155999501556,-1.0483333333333331,0.28166666666666684,-6.873333333333334
1774271272.9695518,-3.7089009567114717,1.508463739455599,0.00011731954415639339,-0.9883333333333332,0.4616666666666669,-6.873333333333334
1774271272.9869049,-3.6414342648148152,1.556110203315382,0.00011771867275238134,-0.9883333333333332,0.4616666666666669,-6.873333333333334
1774271273.002238,-3.5197600594144824,1.397943439476281,0.00011866616408030288,-0.9883333333333332,0.4616666666666669,-6.873333333333334
1774271273.0177739,-3.2644718454964154,0.6837267382709429,0.00011916851997375585,-0.8683333333333332,0.7116666666666669,1.0766666666666662
1774271273.0350184,-3.207524650819009,0.2542870592369666,0.00011968279679616389,-0.7583333333333332,0.9316666666666669,0.9866666666666664
1774271273.0507758,-3.2142266441360796,-0.1579345915180115,0.00011968279679616389,-0.7583333333333332,0.9316666666666669,0.9866666666666664
1774271273.066319,-3.26361185611149,-0.8962774686784907,0.00011965541839599707,-0.6783333333333331,1.021666666666667,1.1066666666666662
1774271273.0829554,-3.2094588589817996,-1.3092047662663289,0.00011927730242411393,-0.6783333333333331,1.021666666666667,1.1066666666666662
1774271273.098648,-3.044847731065067,-1.8794823491891082,0.00011927730242411393,-0.6083333333333332,1.061666666666667,1.4966666666666664
1774271273.2963204,-2.5153679050649176,-3.7707189475644425,0.00011809571584065852,-0.6083333333333332,1.061666666666667,1.4966666666666664
1774271273.3109784,-2.1751727757942367,-5.853793218952599,0.00011410652796427505,-0.5383333333333331,1.0916666666666668,1.6866666666666663
1774271273.3451915,-2.209745016545358,-5.500836320288762,0.00011410652796427505,-0.5383333333333331,1.0916666666666668,1.6866666666666663
1774271273.3618588,-2.286122632635031,-5.18021770178283,0.00011415350437164402,-0.5383333333333331,1.0916666666666668,1.6866666666666663
1774271273.377048,-2.166099427886116,-5.140387687916784,0.00011153283913930352,-0.5383333333333331,1.0916666666666668,1.6866666666666663
1774271273.393876,-2.0912143793890707,-4.94553653686209,0.00010887544155120944,-0.5383333333333331,1.0916666666666668,1.6866666666666663
1774271273.4095864,-2.097991231347369,-4.574127613105197,0.00010429568290710545,-0.49833333333333313,1.0816666666666668,1.6666666666666663
1774271273.4253712,-2.1729753755047883,-4.118336767141526,0.00010140940348307387,-0.49833333333333313,1.0816666666666668,1.6666666666666663
1774271273.4423869,-2.339657430967284,-3.6313081070141013,0.00010140940348307387,-0.5483333333333331,0.9616666666666669,1.4966666666666664
1774271273.459988,-2.339657430967284,-3.6313081070141013,0.00010140940348307387,-0.6683333333333331,0.7216666666666669,1.4566666666666663
1774271273.475577,-2.339657430967284,-3.6313081070141013,0.00010140940348307387,-0.6683333333333331,0.7216666666666669,1.4566666666666663
1774271273.4915874,-2.339657430967284,-3.6313081070141013,0.00010140940348307387,-0.6683333333333331,0.7216666666666669,1.4566666666666663
1774271273.5083907,-2.339657430967284,-3.6313081070141013,0.00010140940348307387,-0.7383333333333332,0.5616666666666669,1.7066666666666663
1774271273.5230374,-2.339657430967284,-3.6313081070141013,0.00010140940348307387,-0.7383333333333332,0.5616666666666669,1.7066666666666663
1774271273.5396261,-2.339657430967284,-3.6313081070141013,0.00010140940348307387,-0.7683333333333332,0.5016666666666668,1.8766666666666663
1774271273.5560982,-2.339657430967284,-3.6313081070141013,0.00010140940348307387,-0.7683333333333332,0.5016666666666668,1.8766666666666663
1774271273.5722225,-2.339657430967284,-3.6313081070141013,0.00010140940348307387,-0.8283333333333331,0.40166666666666684,2.326666666666666
1774271273.589366,-2.339657430967284,-3.6313081070141013,0.00010140940348307387,-0.8283333333333331,0.40166666666666684,2.326666666666666
1774271273.6040192,-2.339657430967284,-3.6313081070141013,0.00010140940348307387,-0.8683333333333332,0.2616666666666669,-6.873333333333334
1774271273.6207907,-2.339657430967284,-3.6313081070141013,0.00010140940348307387,-0.8683333333333332,0.2616666666666669,-6.873333333333334
1774271273.636857,-2.339657430967284,-3.6313081070141013,0.00010140940348307387,-0.8783333333333332,0.22166666666666687,-6.873333333333334
1774271273.6529667,-3.293331165089064,0.1198655138038682,0.00010056521892547703,-0.8783333333333332,0.22166666666666687,-6.873333333333334
1774271273.6685154,-3.293331165089064,0.1198655138038682,0.00010056521892547703,-0.8983333333333332,0.17166666666666686,43.62666666666667
1774271273.6840882,-3.293331165089064,0.1198655138038682,0.00010056521892547703,-0.8983333333333332,0.17166666666666686,43.62666666666667
1774271273.7009835,-3.1650962381074224,1.542394324729662,9.722691377004083e-05,-0.8983333333333332,0.17166666666666686,43.62666666666667
1774271273.7170103,-2.9899016932346516,2.240346371693408,9.918247063954767e-05,-0.8983333333333332,0.17166666666666686,43.62666666666667
1774271273.732659,-2.8289792578861688,2.4908108267020737,9.970151583353774e-05,-0.8983333333333332,0.17166666666666686,43.62666666666667
1774271273.7485034,-2.7666735673066714,2.731515647576781,0.00010093510945638116,-0.8983333333333332,0.17166666666666686,43.62666666666667
1774271273.7642653,-2.872722572923872,2.9178353679759903,0.00010240235328674411,-0.9283333333333331,0.09166666666666685,-6.873333333333334
1774271273.7810857,-3.438336986442338,3.1775332233014106,0.0001029772043228159,-0.9283333333333331,0.09166666666666685,-6.873333333333334
1774271273.798374,-3.6759507891108316,3.3482022423724396,0.0001032905022303273,-0.9483333333333331,0.061666666666666856,-6.873333333333334
1774271273.8128526,-3.7796057921414885,3.546224089384498,0.00010402818520863947,-0.9483333333333331,0.061666666666666856,-6.873333333333334
1774271274.0077446,-3.808866846296532,3.777088035011445,0.00012292230923970635,-1.008333333333333,0.16166666666666685,-6.873333333333334
1774271274.024969,-3.840291678278478,3.7878149312827816,0.00012292230923970635,-1.008333333333333,0.16166666666666685,-6.873333333333334
1774271274.0416236,-3.895271614416025,3.8535300704960544,0.0001230241219202687,-1.028333333333333,0.21166666666666686,-6.873333333333334
1774271274.057412,-4.004276339366352,4.007461718041637,0.00012358537515004572,-1.028333333333333,0.21166666666666686,-6.873333333333334
1774271274.073094,-4.068232680498266,3.9530266685769004,0.00012358537515004572,-1.0583333333333331,0.25166666666666687,-6.873333333333334
1774271274.0899584,-4.113896964001572,3.8382849105466352,0.00012503831386566258,-1.0583333333333331,0.25166666666666687,-6.873333333333334
1774271274.1056967,-4.08294926303509,3.7859083268286775,0.00012547868092854914,-1.038333333333333,0.24166666666666686,-6.873333333333334
1774271274.1233437,-3.9099731115860523,3.8239580156638033,0.00012580628395080661,-1.038333333333333,0.24166666666666686,-6.873333333333334
1774271274.1389031,-3.9396395141770304,3.9621468533099784,0.00012703987757365005,-1.0683333333333331,0.2616666666666669,-6.873333333333334
1774271274.1564815,-4.051250394485974,4.17271260588066,0.00012980888684590753,-1.0683333333333331,0.2616666666666669,-6.873333333333334
1774271274.1711082,-4.085744277471973,4.286505641245408,0.0001366827567418426,-1.0683333333333331,0.2716666666666669,-6.873333333333334
1774271274.1878502,-3.9229328435162523,4.087063658252347,0.00013850118319193617,-1.0683333333333331,0.2716666666666669,-6.873333333333334
1774271274.2044866,-3.9229328435162523,4.087063658252347,0.00013850118319193617,-1.0683333333333331,0.2716666666666669,-6.873333333333334
1774271274.2261012,-3.9229328435162523,4.087063658252347,0.00013850118319193617,-1.0683333333333331,0.2716666666666669,-6.873333333333334
1774271274.237067,-3.9229328435162523,4.087063658252347,0.00013850118319193617,-1.0683333333333331,0.2716666666666669,-6.873333333333334
1774271274.253695,-3.9229328435162523,4.087063658252347,0.00013850118319193617,-1.0683333333333331,0.2716666666666669,-6.873333333333334
1774271274.270281,-3.9229328435162523,4.087063658252347,0.00013850118319193617,-1.0683333333333331,0.28166666666666684,-6.873333333333334
1774271274.2888246,-3.9229328435162523,4.087063658252347,0.00013850118319193617,-1.0683333333333331,0.28166666666666684,-6.873333333333334
1774271274.302207,-3.9229328435162523,4.087063658252347,0.00013850118319193617,-1.0883333333333332,0.29166666666666685,-6.873333333333334
1774271274.3176746,-3.9229328435162523,4.087063658252347,0.00013850118319193617,-1.0883333333333332,0.29166666666666685,-6.873333333333334
1774271274.334157,-3.9229328435162523,4.087063658252347,0.00013850118319193617,-1.1083333333333332,0.3316666666666669,-6.873333333333334
1774271274.3507152,-3.9229328435162523,4.087063658252347,0.00013850118319193617,-1.1083333333333332,0.3316666666666669,-6.873333333333334
1774271274.3677063,-3.9229328435162523,4.087063658252347,0.00013850118319193617,-1.1183333333333332,0.34166666666666684,-6.873333333333334
1774271274.383396,-4.064733890208287,0.8643112369946766,0.00013907603422800796,-1.1183333333333332,0.34166666666666684,-6.873333333333334
1774271274.426046,-4.12495739574239,0.7655360165515052,0.00013907603422800796,-1.1083333333333332,0.34166666666666684,-0.6733333333333337
1774271274.4406884,-4.315880612336761,1.1806237287937038,0.00013649042447408136,-1.1183333333333332,0.35166666666666685,-0.6533333333333338
1774271274.4565592,-3.9915173780411504,1.5210150027353642,0.00014062106609344577,-1.1183333333333332,0.35166666666666685,-0.6533333333333338
1774271274.4723518,-3.801534651065853,1.617975896615349,0.00014154065450032647,-1.1183333333333332,0.35166666666666685,-0.6533333333333338
1774271274.487963,-3.715465473162107,1.707410555875192,0.00014396969477335707,-1.1183333333333332,0.35166666666666685,-0.6533333333333338
1774271274.5047853,-3.7172362961016234,1.8578330827456633,0.00014418118000030612,-1.1083333333333332,0.3316666666666669,-6.873333333333334
1774271274.521548,-3.793373786806852,2.0884815951584996,0.00014418118000030612,-1.1083333333333332,0.3316666666666669,-6.873333333333334
1774271274.537666,-3.984406220274708,2.499837885029958,0.00014632005691528414,-1.1183333333333332,0.34166666666666684,-6.873333333333334
1774271274.7475975,-4.332921682343067,2.3372736668748706,0.00014729924996694023,-1.1183333333333332,0.34166666666666684,-6.873333333333334
1774271274.7625,-2.2945229196911208,-1.0280714635445647,0.00015073035558064874,-1.1683333333333332,0.37166666666666687,-6.873333333333334
1774271274.7782753,-1.7445348546346227,-1.1987315644881167,0.00015024804274241225,-1.1683333333333332,0.37166666666666687,-6.873333333333334
1774271274.794695,-0.5195883147636133,-1.3184927403194666,0.00014900517463684176,-1.1683333333333332,0.37166666666666687,-6.873333333333334
1774271274.810415,0.2057273482486598,-1.3452956336522934,0.00014776398340861097,-1.1683333333333332,0.37166666666666687,-6.873333333333334
1774271274.826499,0.8116126941594608,-1.4274191592470764,0.00014754322369893487,-1.1683333333333332,0.37166666666666687,-6.873333333333334
1774271274.8421125,1.2144496945161487,-1.617863953889064,0.000147308866182964,-1.1883333333333332,0.22166666666666687,-6.873333333333334
1774271274.8576758,1.4655935251207612,-1.8488783118958199,0.0001459007819493621,-1.1883333333333332,0.22166666666666687,-6.873333333333334
1774271274.8742518,1.943870489693127,-1.981355195646747,0.000139168365796408,-1.1883333333333332,0.15166666666666687,-1.0133333333333336
1774271274.8898337,2.4138231734579314,-1.8687001442396822,0.000138351559638978,-1.1883333333333332,0.15166666666666687,-1.0133333333333336
1774271274.906532,2.994918731341655,-1.7337582568501775,0.00013987390200297133,-1.1983333333333333,0.13166666666666685,-0.9933333333333337
1774271274.92216,3.570190895368741,-1.5684146263449523,0.00014058368206024265,-1.1983333333333333,0.13166666666666685,-0.9933333333333337
1774271274.937787,4.44700784841326,-1.3364926980667582,0.00014130873680114842,-1.1983333333333333,0.13166666666666685,-0.9933333333333337
1774271274.9544427,4.7735435880915755,-1.1545052503944484,0.00014027806123097835,-1.1983333333333333,0.13166666666666685,-0.9933333333333337
1774271274.9701695,5.135478829650881,-0.8939909303809437,0.0001377589464187632,-1.1983333333333333,0.13166666666666685,-0.9933333333333337
1774271274.9856446,5.556980279112609,-0.5723496418232565,0.00013667820294698178,-1.1983333333333333,0.13166666666666685,-0.9933333333333337
1774271275.002452,6.468232903518335,-0.0022369068865820685,0.00013524389266967871,-1.1983333333333333,0.13166666666666685,-0.9933333333333337
1774271275.0182142,6.908213734625745,0.14562728105011347,0.00013376428286234637,-1.1983333333333333,0.13166666666666685,-0.9933333333333337
1774271275.0338035,7.294087375872142,0.2688596447920416,0.0001322369893391937,-1.1983333333333333,0.13166666666666685,-0.9933333333333337
1774271275.0503902,7.702383512241044,0.35782604093289083,0.00013044672807057797,-1.1983333333333333,0.13166666666666685,-0.9933333333333337
1774271275.065859,8.172892458859327,0.3729620195938608,0.00012990004221598406,-1.1983333333333333,0.13166666666666685,-0.9933333333333337
1774271275.0824234,9.26307289056881,0.5739845038861874,0.00012809141476949156,-1.1983333333333333,0.13166666666666685,-0.9933333333333337
1774271275.098154,9.897207590046133,0.695905274766653,0.00012620172500610452,-1.1983333333333333,0.13166666666666685,-0.9933333333333337
1774271275.114594,10.56072616403742,0.7649515357930388,0.0001252139647801727,-1.1883333333333332,0.08166666666666686,-0.9933333333333337
1774271275.1302562,10.56072616403742,0.7649515357930388,0.0001252139647801727,-1.1883333333333332,0.08166666666666686,-0.9933333333333337
1774271275.1459968,12.320060146750967,1.1019733695030256,0.00012097991307576596,-1.1883333333333332,0.08166666666666686,-0.9933333333333337
1774271275.1627245,12.754183501281517,1.371104057216491,0.00011735930442810158,-1.1883333333333332,0.08166666666666686,-0.9933333333333337
1774271275.179349,13.097201452312682,1.6860356961476552,0.00011429659525553485,-1.0883333333333332,-0.048333333333333145,-6.873333333333334
1774271275.195549,13.444710510047804,1.9910374304074159,0.00011187284787496031,-1.0883333333333332,-0.048333333333333145,-6.873333333333334
1774271275.2117066,14.149073611707367,2.4433530794726646,0.00010954208374023537,-1.0783333333333331,-0.048333333333333145,-6.873333333333334
1774271275.227281,14.474611047415314,2.6950185270565505,0.00010724231402079364,-1.0783333333333331,-0.048333333333333145,-6.873333333333334
1774271275.2429357,14.713227444190498,2.970002634832463,0.00010330080986023049,-1.1083333333333332,0.001666666666666856,-6.873333333333334
1774271275.2594519,14.903348558293423,3.180882185402965,0.00010250855286916197,-1.1083333333333332,0.001666666666666856,-6.873333333333334
1774271275.4122226,15.825606765032303,2.360196132361333,8.288041750590109e-05,-1.0783333333333331,0.12166666666666685,-0.7233333333333337
1774271275.4127624,15.825606765032303,2.360196132361333,8.288041750590109e-05,-1.0783333333333331,0.12166666666666685,-0.7233333333333337
1774271275.4295423,15.569659926018634,2.429779251738526,7.973187764485779e-05,-1.028333333333333,0.10166666666666686,-6.873333333333334
1774271275.4588637,14.794503692753919,2.4504855646266406,7.131216526031597e-05,-1.028333333333333,0.10166666666666686,-6.873333333333334
1774271275.4746687,13.771104573441916,2.4244124827293816,6.923483212789003e-05,-0.9583333333333331,0.07166666666666686,-6.873333333333334
1774271275.4914172,13.110679327502451,2.4221690552860813,6.494665145874127e-05,-0.9583333333333331,0.07166666666666686,-6.873333333333334
1774271275.5069895,12.39950447221304,2.3604137601340853,6.277395089467469e-05,-0.9883333333333332,0.16166666666666685,-6.873333333333334
1774271275.5227652,10.815620208538927,2.2229872157147605,5.508282979329529e-05,-0.9883333333333332,0.16166666666666685,-6.873333333333334
1774271275.5394695,10.815620208538927,2.2229872157147605,5.508282979329529e-05,-0.9383333333333331,0.14166666666666686,-6.873333333333334
1774271275.5551267,10.815620208538927,2.2229872157147605,5.508282979329529e-05,-0.9383333333333331,0.14166666666666686,-6.873333333333334
1774271275.5706494,10.815620208538927,2.2229872157147605,5.508282979329529e-05,-0.9583333333333331,0.21166666666666686,-6.873333333333334
1774271275.5873983,10.815620208538927,2.2229872157147605,5.508282979329529e-05,-0.9583333333333331,0.21166666666666686,-6.873333333333334
1774271275.602932,10.815620208538927,2.2229872157147605,5.508282979329529e-05,-0.9783333333333332,0.29166666666666685,-6.873333333333334
1774271275.6190815,10.815620208538927,2.2229872157147605,5.508282979329529e-05,-0.9783333333333332,0.29166666666666685,-6.873333333333334
1774271275.6348622,10.815620208538927,2.2229872157147605,5.508282979329529e-05,-0.9783333333333332,0.3316666666666669,-6.873333333333334
1774271275.6516528,10.815620208538927,2.2229872157147605,5.508282979329529e-05,-0.9783333333333332,0.3316666666666669,-6.873333333333334
1774271275.6672068,10.815620208538927,2.2229872157147605,5.508282979329529e-05,-0.9683333333333332,0.36166666666666686,-1.2233333333333338
1774271275.6828892,10.815620208538927,2.2229872157147605,5.508282979329529e-05,-0.9683333333333332,0.36166666666666686,-1.2233333333333338
1774271275.6999497,10.815620208538927,2.2229872157147605,5.508282979329529e-05,-0.9483333333333331,0.3916666666666669,-1.2733333333333337
1774271275.7156734,10.815620208538927,2.2229872157147605,5.508282979329529e-05,-0.9483333333333331,0.3916666666666669,-1.2733333333333337
1774271275.7339785,6.975020278059989,1.3034684354691601,4.55957094828298e-05,-0.9283333333333331,0.4416666666666669,-1.2933333333333337
1774271275.7478602,-4.452358586763749,-2.6062844901343505,3.472390174865825e-05,-0.9283333333333331,0.4416666666666669,-1.2933333333333337
1774271275.774665,-4.452358586763749,-2.6062844901343505,3.472390174865825e-05,-0.9283333333333331,0.4416666666666669,-1.2933333333333337
1774271275.791226,-7.474713075417283,-3.439724393279364,3.442614078521831e-05,-0.9183333333333331,0.49166666666666686,-1.2733333333333337
1774271275.8066988,-8.573186279938321,-3.828425264083631,3.176256020863953e-05,-0.9183333333333331,0.49166666666666686,-1.2733333333333337
1774271275.823342,-10.85522693655479,-4.067257978886837,3.098222414652609e-05,-0.9183333333333331,0.49166666666666686,-1.2733333333333337
1774271275.839024,-11.90902292348731,-3.9442083068957547,3.1394950548808805e-05,-0.9083333333333332,0.5916666666666669,-1.2933333333333337
1774271275.8548322,-12.906778132866645,-3.7997605162093047,3.215241432190044e-05,-0.9083333333333332,0.5916666666666669,-1.2933333333333337
1774271275.8714485,-13.856639634195806,-3.813135061937287,3.4387365976970423e-05,-0.8683333333333332,0.6016666666666669,-1.3633333333333337
1774271275.8881085,-15.800444918537877,-4.26822201289208,3.608110745747986e-05,-0.8683333333333332,0.6016666666666669,-1.3633333333333337
1774271275.9026916,-16.89617613275215,-4.523384904213058,3.7066038449606326e-05,-0.8883333333333332,0.6516666666666668,-1.3933333333333338
1774271275.920267,-18.006626728917837,-4.746531014431627,3.7446800867717494e-05,-0.8883333333333332,0.6516666666666668,-1.3933333333333338
1774271276.077979,-26.6357415804261,-7.677438861827847,5.454607804616395e-05,-0.9383333333333331,0.9716666666666669,-6.873333333333334
1774271276.078564,-26.6357415804261,-7.677438861827847,5.454607804616395e-05,-0.9383333333333331,0.9716666666666669,-6.873333333333334
1774271276.095168,-28.278360989233185,-8.072684218667996,5.762264728546245e-05,-0.9683333333333332,0.9416666666666669,-1.4533333333333338
1774271276.122251,-29.029212046929977,-8.287551478221541,6.44655227661143e-05,-0.9683333333333332,0.9416666666666669,-1.4533333333333338
1774271276.1369503,-30.16372389730999,-8.734325871796598,6.702781518300476e-05,-0.9683333333333332,0.9816666666666669,-1.4033333333333338
1774271276.1528392,-30.67579319568282,-9.001566975541994,7.265307903289897e-05,-0.9683333333333332,0.9816666666666669,-1.4033333333333338
1774271276.1694384,-31.186563396918046,-9.292701238065211,7.553962071736756e-05,-0.9983333333333332,0.9716666666666669,-1.4233333333333338
1774271276.1860583,-31.935899196421307,-9.569788066984014,8.13985347747813e-05,-0.9983333333333332,0.9716666666666669,-1.4233333333333338
1774271276.2017918,-32.18566802360711,-9.476053009407176,9.163887500763042e-05,-1.018333333333333,1.001666666666667,-1.4033333333333338
1774271276.221893,-32.41345623570231,-9.38991968788308,9.597738583882751e-05,-1.018333333333333,1.001666666666667,-1.4033333333333338
1774271276.2364774,-32.50099870162305,-9.4911360609045,0.00010585126876831156,-1.018333333333333,1.001666666666667,-6.873333333333334
1774271276.2532418,-32.13829351050964,-9.857254847034291,0.00011855447292327982,-1.018333333333333,1.001666666666667,-6.873333333333334
1774271276.445013,-27.16919809488621,-7.4592203294605515,0.00014863299528757832,-1.018333333333333,1.001666666666667,-6.873333333333334
1774271276.4607737,-26.040869894683514,-7.1163990430232476,0.0001525940974553436,-1.0683333333333331,1.011666666666667,-1.0733333333333337
1774271276.47726,-26.040869894683514,-7.1163990430232476,0.0001525940974553436,-1.0683333333333331,1.011666666666667,-1.0733333333333337
1774271276.49405,-25.05568255806186,-6.987610427261317,0.00015520575046539407,-1.0683333333333331,1.011666666666667,-1.0733333333333337
1774271276.509991,-24.648991459895687,-6.785136370827298,0.00015520575046539407,-1.248333333333333,0.8016666666666669,-1.0033333333333336
1774271276.5261476,-23.92342163626641,-5.979261509963085,0.000161807115872702,-1.248333333333333,0.8016666666666669,-1.0033333333333336
1774271276.5416858,-23.611498106370068,-5.610474777588493,0.0001703165372212738,-1.2283333333333333,0.7516666666666669,-6.873333333333334
1774271276.5585678,-23.157354340201884,-5.532717268568557,0.00018053541978200376,-1.2283333333333333,0.7516666666666669,-6.873333333333334
1774271276.5752053,-21.650423667126635,-5.620059453106483,0.0001850687265396128,-1.248333333333333,0.7016666666666669,-0.9433333333333337
1774271276.5909293,-20.799593912695705,-5.479075204703503,0.00018589056332906186,-1.248333333333333,0.7016666666666669,-0.9433333333333337
1774271276.6065254,-20.004650458054282,-5.141415073384743,0.0001870335578918467,-1.268333333333333,0.7016666666666669,-0.9433333333333337
1774271276.6231198,-19.38872827829325,-4.709207975178827,0.00018907159169515074,-1.268333333333333,0.7016666666666669,-0.9433333333333337
1774271276.6388986,-18.878220068087302,-4.220664539741195,0.0001897098461786916,-1.258333333333333,0.6116666666666669,-6.873333333333334
1774271276.6543882,-17.674808472355426,-3.584444003599343,0.00019524477322896422,-1.258333333333333,0.6116666666666669,-6.873333333333334
1774271276.6714098,-16.72267856672066,-3.529023765360263,0.0001982569694519053,-1.248333333333333,0.6316666666666668,-6.873333333333334
1774271276.6891491,-15.691906527999992,-3.417534830698346,0.00020069696108500262,-1.248333333333333,0.6316666666666668,-6.873333333333334
1774271276.7025561,-14.69169795787374,-3.1860827100166182,0.0002014281988143931,-1.2283333333333333,0.6016666666666669,-6.873333333333334
1774271276.7220187,-13.142744994449785,-2.496944433934328,0.00020224482218424579,-1.2283333333333333,0.6016666666666669,-6.873333333333334
1774271276.73496,-12.543219921504523,-2.1831410640482685,0.0002022529443105072,-1.238333333333333,0.5716666666666669,-6.873333333333334
1774271276.7508786,-11.886858258673065,-2.0389799690579884,0.00020281013647715352,-1.238333333333333,0.5716666666666669,-6.873333333333334
1774271276.7664373,-11.030232132155016,-2.1099066178092727,0.0002051833709081024,-1.2183333333333333,0.5516666666666669,-6.873333333333334
1774271276.7832274,-8.788893663809219,-2.2204789142703945,0.00020632636547088725,-1.2183333333333333,0.5516666666666669,-6.873333333333334
1774271276.79915,-7.679188205487356,-2.0670910427611946,0.0002060037930806488,-1.2183333333333333,0.5116666666666668,-6.873333333333334
1774271276.8159552,-6.6679444329741315,-1.7992205062861328,0.00020448603630066018,-1.2183333333333333,0.5116666666666668,-6.873333333333334
1774271276.831552,-6.6679444329741315,-1.7992205062861328,0.00020448603630066018,-1.2183333333333333,0.5116666666666668,-6.873333333333334
1774271276.8480713,-4.078250404402915,-0.7441437124438475,0.00020236984888712668,-1.2183333333333333,0.5016666666666668,-6.873333333333334
1774271276.863733,-3.1919041180680146,-0.42301502753647374,0.00019951694806416933,-1.2183333333333333,0.5016666666666668,-6.873333333333334
1774271276.8793635,-2.292876442498768,-0.05358115337454461,0.00019760818481445416,-1.1983333333333333,0.5016666666666668,-6.873333333333334
1774271276.8961673,-1.391268671125503,0.38288143219440485,0.00019676206111908062,-1.1683333333333332,0.5116666666666668,-6.873333333333334
1774271276.9120896,-0.5237725689928654,0.7493521542189268,0.00019766522248586122,-1.1683333333333332,0.5116666666666668,-6.873333333333334
1774271276.92773,0.9363649980710097,0.9907135636889002,0.0001948275963465383,-1.1683333333333332,0.5116666666666668,-6.873333333333334
1774271276.9444523,1.4618615204495653,1.0666505878488004,0.00019203668435414736,-1.1583333333333332,0.48166666666666685,-6.873333333333334
1774271276.959993,1.8785606199172298,1.280476339120523,0.00018854959011077983,-1.1583333333333332,0.48166666666666685,-6.873333333333334
1774271276.975833,2.1683625887003926,1.627991248128115,0.00018716843922933046,-1.1583333333333332,0.48166666666666685,-6.873333333333334
1774271276.9914036,2.687392039497405,2.160202525986487,0.0001865113735198985,-1.1583333333333332,0.48166666666666685,-6.873333333333334
1774271277.008006,2.844262511467073,2.2620897273936564,0.0001870726267496755,-1.1583333333333332,0.48166666666666685,-6.873333333333334
1774271277.023465,2.9706052562868765,2.3380564798560397,0.0001878436883290619,-1.1583333333333332,0.48166666666666685,-6.873333333333334
1774271277.040153,3.1137463161691077,2.465328522303261,0.00018800987402598166,-1.1583333333333332,0.48166666666666685,-6.873333333333334
1774271277.055737,3.373212545577949,3.00533668493078,0.00018784465789795026,-1.1583333333333332,0.48166666666666685,-6.873333333333334
1774271277.0712779,3.400065023415891,3.3748695971931753,0.00018760553201039736,-1.1583333333333332,0.48166666666666685,-6.873333333333334
1774271277.0878959,3.302765688851047,3.7321514313305113,0.0001874641577402761,-1.1583333333333332,0.48166666666666685,-6.873333333333334
1774271277.103384,3.139405731268383,4.142886763990892,0.00018705266316731872,-1.1583333333333332,0.48166666666666685,-6.873333333333334
1774271277.119874,2.958794071713674,4.630564384573496,0.00018621678352356057,-1.1583333333333332,0.48166666666666685,-6.873333333333334
1774271277.135581,2.622267172867208,6.4115531197112965,0.0001857099215189626,-1.1583333333333332,0.48166666666666685,-6.873333333333334
1774271277.1521513,2.533815546847289,7.595523507629581,0.00018979190985361836,-1.1483333333333332,0.4616666666666669,-6.873333333333334
1774271277.168099,2.6066711981328528,8.60187070947703,0.0001945207198460907,-1.1483333333333332,0.4616666666666669,-6.873333333333334
1774271277.1836767,2.6066711981328528,8.60187070947703,0.0001945207198460907,-1.1483333333333332,0.4616666666666669,-6.873333333333334
1774271277.1998389,2.6389199646283426,9.954294843290684,0.00019622258345286154,-1.1483333333333332,0.4616666666666669,-6.873333333333334
1774271277.215384,2.51851946147102,10.220707600166843,0.00018352634906768902,-1.238333333333333,0.6416666666666668,-6.873333333333334
1774271277.232423,2.485326852024325,10.562970790336903,0.00017716392676035667,-1.2283333333333333,0.8816666666666668,-0.8133333333333337
1774271277.2485347,2.5617850698569704,10.757866100055889,0.00017484031518300478,-1.2283333333333333,0.8816666666666668,-0.8133333333333337
1774271277.2645082,3.373396850459253,9.600433337657703,0.00017635312080383403,-1.2283333333333333,0.8816666666666668,-0.8133333333333337
1774271277.281178,3.8221290545434106,8.479973247734659,0.00017462626298268738,-1.2283333333333333,0.8816666666666668,-0.8133333333333337
1774271277.2968915,3.8221290545434106,8.479973247734659,0.00017462626298268738,-1.2283333333333333,0.8816666666666668,-0.8133333333333337
1774271277.312444,3.8221290545434106,8.479973247734659,0.00017462626298268738,-1.2283333333333333,0.8816666666666668,-0.8133333333333337
1774271277.3291826,3.8221290545434106,8.479973247734659,0.00017462626298268738,-1.2283333333333333,0.8816666666666668,-0.8133333333333337
1774271277.344997,3.8221290545434106,8.479973247734659,0.00017462626298268738,-1.2283333333333333,0.8816666666666668,-0.8133333333333337
1774271277.3605347,5.970007097230643,1.5501326383878915,0.0001770662546157847,-1.2283333333333333,0.8816666666666668,-0.8133333333333337
1774271277.3773918,6.459462245922689,0.965468021039265,0.00018324535687764585,-1.2283333333333333,0.8816666666666668,-0.8133333333333337
1774271277.395959,6.994501836965238,-0.7035247548705138,0.00019175548553466897,-1.2283333333333333,0.8816666666666668,-0.8133333333333337
1774271277.4096024,7.15472169413914,-1.4285621761662513,0.00019749351342519225,-1.2283333333333333,0.8816666666666668,-0.8133333333333337
1774271277.4261026,7.151625146430602,-2.1851486251369527,0.00022054408391316833,-1.2283333333333333,0.8816666666666668,-0.8133333333333337
1774271277.4427156,7.003545112563419,-3.156549685750478,0.0002453970988591522,-1.2283333333333333,0.8816666666666668,-0.8133333333333337
1774271277.4584098,6.716480199608107,-4.277854931576057,0.0002518384615580251,-1.2283333333333333,0.8816666666666668,-0.8133333333333337
1774271277.4762578,5.833858435968485,-6.368051625780313,0.00026738529205322365,-1.2283333333333333,0.8816666666666668,-0.8133333333333337
1774271277.491139,5.394263983882083,-7.235929196046045,0.00026738529205322365,-1.2283333333333333,0.8816666666666668,-0.8133333333333337
1774271277.5068853,5.07824639111883,-7.960738274116375,0.00027171355883280537,-1.2283333333333333,0.8816666666666668,-0.8133333333333337
1774271277.5243864,4.946548525344837,-8.524631446459882,0.0002730503797531138,-1.2283333333333333,0.8816666666666668,-0.8133333333333337
1774271277.5390139,5.581084313564447,-9.052467633340134,0.00027357657750447695,-1.2283333333333333,0.8816666666666668,-0.8133333333333337
1774271277.5546384,5.898594221184823,-9.222967337334705,0.0002728312969207774,-1.2283333333333333,0.8816666666666668,-0.8133333333333337
1774271277.570376,6.121908351344037,-9.60035735613748,0.0002741936365763357,-1.2283333333333333,0.8816666666666668,-0.8133333333333337
1774271277.5873137,6.320934800532241,-10.197361284615697,0.0002740341583887747,-1.2283333333333333,0.8816666666666668,-0.8133333333333337
1774271277.60319,6.878851813787224,-10.70268973653663,0.00026797382036845,-1.2283333333333333,0.8816666666666668,-0.8133333333333337
1774271277.6191406,7.246687395345628,-10.552977527948656,0.00026543563206990673,-1.2283333333333333,0.8816666666666668,-0.8133333333333337
1774271277.6346958,7.813805584763105,-10.474014910033523,0.00026569003264109405,-1.2283333333333333,0.8816666666666668,-0.8133333333333337
1774271277.6502771,8.517451591918638,-10.511637445700623,0.0002666565974553437,-1.2283333333333333,0.8816666666666668,-0.8133333333333337
1774271277.6668596,10.289776862160277,-10.245714779209827,0.0002663077990214041,-1.2283333333333333,0.8816666666666668,-0.8133333333333337
1774271277.6823983,11.32911890033781,-9.855873539692604,0.0002663077990214041,-1.2283333333333333,0.8816666666666668,-0.8133333333333337
1774271277.6990561,12.3081636935874,-9.3022203413377,0.0002589869340260834,-1.2283333333333333,0.8816666666666668,-0.8133333333333337
1774271277.7146327,13.162433212960227,-8.674038189188472,0.0002505645751953136,-1.2283333333333333,0.8816666666666668,-0.8133333333333337
1774271277.7301722,13.44943996152002,-8.222230822797751,0.00024286700884501247,-1.2283333333333333,0.8816666666666668,-0.8133333333333337
1774271277.74678,14.487686529852489,-8.050751367023878,0.00024360469182332464,-1.2283333333333333,0.8816666666666668,-0.8133333333333337
1774271277.7623293,14.936146648170022,-8.369874483739661,0.00024750451246897487,-1.2283333333333333,0.8816666666666668,-0.8133333333333337
1774271277.7788746,15.407556979825193,-8.84138838605983,0.0002562435229619355,-1.2283333333333333,0.8816666666666668,-0.8133333333333337
1774271277.794483,15.7622854778716,-9.298624889363575,0.00025925881067911894,-1.2283333333333333,0.8816666666666668,-0.8133333333333337
1774271277.8110833,16.18413128757184,-8.426669996592494,0.0002634082635243745,-1.2283333333333333,0.8816666666666668,-0.8133333333333337
1774271277.8277996,16.308756832750188,-7.867347600718597,0.0002676268577575695,-1.2283333333333333,0.8816666666666668,-0.8133333333333337
1774271277.865155,16.233706805886072,-7.214513608282005,0.00026969800790151074,-1.2283333333333333,0.8816666666666668,-0.8133333333333337
1774271277.880365,16.292031754323624,-5.554822171840199,0.00027360665798187365,-1.2283333333333333,0.8816666666666668,-0.8133333333333337
1774271277.8953364,16.069020961008828,-4.806076900911301,0.00027533951600392767,-1.2283333333333333,0.8816666666666668,-0.8133333333333337
1774271277.9121046,15.633868668403379,-4.073362692138879,0.0002739988962809256,-0.23833333333333315,1.571666666666667,1.2066666666666663
1774271277.92921,14.712263360704563,-1.9795713317299108,0.000264302674929302,-0.07833333333333314,1.561666666666667,1.2466666666666664
1774271277.9447744,14.841354167403694,-1.013343256941282,0.0002600962638854991,-0.07833333333333314,1.561666666666667,1.2466666666666664
1774271277.9604049,15.086252057220829,-0.43834559442682064,0.00025102063814799096,-0.07833333333333314,1.561666666666667,1.2466666666666664
1774271278.151981,16.637146323158507,1.0909443313920013,0.0002288098255793264,-0.14833333333333315,1.551666666666667,1.2466666666666664
1774271278.167759,3.79031535048127,-1.3414093949992232,0.00017530180613199972,-0.22833333333333314,1.561666666666667,1.2066666666666663
1774271278.1832554,3.209821855446636,-1.3529129106324445,0.0001752496163050344,-0.22833333333333314,1.561666666666667,1.2066666666666663
1774271278.20075,2.67631003746825,-1.3629256282689202,0.00017523460388183697,-0.22833333333333314,1.561666666666667,1.2066666666666663
1774271278.2154737,1.7711822347383699,-1.3811647698158533,0.00017524917125702008,-0.22833333333333314,1.561666666666667,1.2066666666666663
1774271278.2321231,1.3886962799097495,-1.400210520487458,0.00017527159849802757,-0.22833333333333314,1.561666666666667,1.2066666666666663
1774271278.24874,1.0359310842094969,-1.4058480128405089,0.00017527565956115826,-0.22833333333333314,1.561666666666667,1.2066666666666663
1774271278.2644567,0.7160279647364048,-1.3994701246344288,0.00017525207996368512,-0.22833333333333314,1.561666666666667,1.2066666666666663
1774271278.281749,0.14514080066856044,-1.3997637084832875,0.00017528739770253604,-0.22833333333333314,1.561666666666667,1.2066666666666663
1774271278.2976544,-0.0922713213392446,-1.3995526911526959,0.0001752764463424693,-0.22833333333333314,1.561666666666667,1.2066666666666663
1774271278.3141844,-0.30769674906291045,-1.3995049926093344,0.0001752886295318614,-0.22833333333333314,1.561666666666667,1.2066666666666663
1774271278.3308542,-0.6972007336249237,-1.4114470478763357,0.00017528412342071638,-0.22833333333333314,1.561666666666667,1.2066666666666663
1774271278.3468606,-0.8510292550706722,-1.4285629479562312,0.00017532279491424665,-0.22833333333333314,1.561666666666667,1.2066666666666663
1774271278.5269368,-2.0489600705644295,-1.4989309335694405,0.00017530715465545756,-0.22833333333333314,1.561666666666667,1.2066666666666663
1774271278.542688,-2.0891635995403015,-1.4957115804250873,0.000175320045153301,-0.22833333333333314,1.561666666666667,1.2066666666666663
1774271278.5724504,-2.0891635995403015,-1.4957115804250873,0.000175320045153301,-0.22833333333333314,1.561666666666667,1.2066666666666663
1774271278.5870397,-2.1733476454128766,-1.4901595764744344,0.00017529814243316753,-0.22833333333333314,1.561666666666667,1.2066666666666663
1774271278.60383,-2.2125374973664638,-1.4862938305742837,0.00017531032562255962,-0.22833333333333314,1.561666666666667,1.2066666666666663
1774271278.6193943,-2.237584450207903,-1.4960264782374368,0.0001752993742624929,-0.22833333333333314,1.561666666666667,1.2066666666666663
1774271278.6361108,-2.2607779689536724,-1.5051676447222473,0.00017529795964559022,-0.22833333333333314,1.561666666666667,1.2066666666666663
1774271278.6531217,-2.2818409223837706,-1.5016793858531694,0.00017531085014343365,-0.22833333333333314,1.561666666666667,1.2066666666666663
1774271278.668981,-2.295736286918471,-1.478101182598756,0.000175314203898113,-0.22833333333333314,1.561666666666667,1.2066666666666663
1774271278.6845908,-2.301322280668169,-1.4709320047425551,0.00017530325253804627,-0.22833333333333314,1.561666666666667,1.2066666666666663
1774271278.7017033,-2.3181677048871236,-1.4644137977545855,0.00017532974084218445,-0.22833333333333314,1.561666666666667,1.2066666666666663
1774271278.7179,-2.3287572585853433,-1.4651494054976058,0.00017536505858103537,-0.22833333333333314,1.561666666666667,1.2066666666666663
1774271278.7336597,-2.351361925668673,-1.4707515321400055,0.00017536125977834168,-0.22833333333333314,1.561666666666667,1.2066666666666663
1774271278.7495098,-2.3645478311603974,-1.4648515898966281,0.00017536461353302103,-0.22833333333333314,1.561666666666667,1.2066666666666663
1774271278.7650788,-2.3696457673071754,-1.4647938104134557,0.0001753782113393158,-0.22833333333333314,1.561666666666667,1.2066666666666663
1774271278.7815683,-2.3745159121910477,-1.464891867779734,0.00017539754708608093,-0.22833333333333314,1.561666666666667,1.2066666666666663
1774271278.798034,-2.3939254310661733,-1.471334633801167,0.00017539330323537293,-0.22833333333333314,1.561666666666667,1.2066666666666663
1774271278.8147464,-2.402438607498877,-1.4708213546808566,0.00017538402875264588,-0.22833333333333314,1.561666666666667,1.2066666666666663
1774271278.8312182,-2.4035345378327184,-1.4699088596723662,0.00017540645599365337,-0.22833333333333314,1.561666666666667,1.2066666666666663
1774271278.848837,-2.4052639760505583,-1.4754256958439236,0.00017540574868520203,0.6516666666666668,1.6916666666666669,0.9666666666666663
1774271278.865096,-2.4327742329668305,-1.4742881866134439,0.00017539815107981465,0.48166666666666685,1.6416666666666668,1.0766666666666662
1774271278.8819432,-2.4435760796671415,-1.4793867630092172,0.00017540221214294534,0.48166666666666685,1.6416666666666668,1.0766666666666662
1774271278.9130511,-2.4435760796671415,-1.4793867630092172,0.00017540221214294534,0.48166666666666685,1.6416666666666668,1.0766666666666662
1774271278.92877,-2.464353299557157,-1.475537054246059,0.00017544397513071796,0.47166666666666685,1.6016666666666668,1.0766666666666662
1774271278.9451885,-2.466092440904362,-1.480374607326047,0.00017546640237172545,0.47166666666666685,1.6016666666666668,1.0766666666666662
1774271278.9610128,-2.4735647126960387,-1.478866570564589,0.00017547046343485614,0.47166666666666685,1.6016666666666668,1.0766666666666662
1774271278.9780345,-2.4806002119917334,-1.4776499097830709,0.00017548670768737892,0.23166666666666685,1.4516666666666669,1.1066666666666662
1774271278.993817,-2.480231696433902,-1.4809920033026405,0.00017552202542622984,0.23166666666666685,1.4516666666666669,1.1066666666666662
1774271279.0100393,-2.4743656573107,-1.4792880292070456,0.00017552370230356951,0.17166666666666686,1.3716666666666668,-6.873333333333334
1774271279.025855,-2.4756867712094897,-1.4840834250856667,0.0001755175193150848,0.17166666666666686,1.3716666666666668,-6.873333333333334
1774271279.0413654,-2.4704890936424055,-1.488136273724228,0.0001755215803782155,-0.08833333333333314,1.301666666666667,-6.873333333333334
1774271279.2345676,-2.459638964130158,-1.4857766106881656,0.00017551062901814877,-0.19833333333333314,0.6016666666666669,1.0966666666666662
1774271279.2509816,-2.45690449340187,-1.4771451526206683,0.00017551901340484718,-0.19833333333333314,0.6016666666666669,1.0966666666666662
1774271279.2667038,-2.4539629682766417,-1.4703600899435452,0.00017551901340484718,-0.19833333333333314,0.6016666666666669,1.0966666666666662
1774271279.2823787,-2.4481009136535734,-1.475077998219672,0.00017551998297373551,-0.14833333333333315,0.5016666666666668,1.1266666666666663
1774271279.2980194,-2.4346677673888317,-1.4923739139783385,0.00017551998297373551,-0.14833333333333315,0.5016666666666668,1.1266666666666663
1774271279.3147085,-2.4349981478242637,-1.5144241771752716,0.00017552881240844823,-0.10833333333333314,0.43166666666666687,1.1466666666666663
1774271279.3304546,-2.4617996284128925,-1.4622736026831038,0.0001755464712778737,-0.10833333333333314,0.43166666666666687,1.1466666666666663
1774271279.3460283,-2.463028567431801,-1.4561084097699684,0.00017554337978363134,-0.08833333333333314,0.3816666666666669,1.1066666666666662
1774271279.3628652,-2.466390015629157,-1.4813337435974332,0.0001755198001861582,-0.08833333333333314,0.3816666666666669,1.1066666666666662
1774271279.3784163,-2.4738211534596504,-1.4915188806756192,0.00017551194032033383,-0.06833333333333315,0.3216666666666669,1.0366666666666664
1774271279.3946416,-2.4746903599857446,-1.4889857749137156,0.00017551600138346451,-0.06833333333333315,0.3216666666666669,1.0366666666666664
1774271279.4108453,-2.4746903599857446,-1.4889857749137156,0.00017551600138346451,-0.05833333333333315,0.2716666666666669,0.9866666666666664
1774271279.42695,-2.4397725525907075,-1.4739844124705157,0.0001755176782608042,-0.05833333333333315,0.2716666666666669,0.9866666666666664
1774271279.4426866,-2.460943552339674,-1.4786412221650531,0.00017552889188130795,-0.03833333333333314,0.2716666666666669,0.9266666666666663
1774271279.4593546,-2.4683782544867436,-1.4828798489941946,0.00017553056875864762,-0.03833333333333314,0.2716666666666669,0.9266666666666663
1774271279.474016,-2.4832290914573543,-1.4973045242749068,0.00017549842198689875,-0.05833333333333315,0.2616666666666669,0.9166666666666663
1774271279.4918861,-2.4773398053972606,-1.4942423405490088,0.00017550248305002943,-0.05833333333333315,0.2616666666666669,0.9166666666666663
1774271279.5069451,-2.4725163045365384,-1.4799851087241627,0.00017552491029103692,-0.06833333333333315,0.24166666666666686,0.9866666666666664
1774271279.5227275,-2.456852516245815,-1.4791467187700043,0.00017553303241729833,-0.06833333333333315,0.24166666666666686,0.9866666666666664
1774271279.5391243,-2.423320723039283,-1.51025366143125,0.00017552878856659033,-0.09833333333333315,0.22166666666666687,0.9666666666666663
1774271279.5558693,-2.4234820686885294,-1.500409642720084,0.000175528081258139,-0.09833333333333315,0.22166666666666687,0.9666666666666663
1774271279.572603,-2.4172361899056316,-1.4970664133067453,0.00017553143501281834,-0.12833333333333313,0.20166666666666686,0.9466666666666663
1774271279.5890117,-2.418699564563865,-1.4947940330654743,0.000175530727704367,-0.12833333333333313,0.20166666666666686,0.9466666666666663
1774271279.604872,-2.4364536785828084,-1.4860531069607357,0.0001755490938822438,-0.13833333333333314,0.17166666666666686,0.9666666666666663
1774271279.62054,-2.446921774957459,-1.484171776571734,0.00017553169727325537,-0.13833333333333314,0.17166666666666686,0.9666666666666663
1774271279.6361198,-2.458153593474426,-1.4921065407586909,0.00017554291089375912,-0.19833333333333314,0.18166666666666687,0.9166666666666663
1774271279.653201,-2.4545651172877534,-1.5071985805668797,0.00017553743521372576,-0.19833333333333314,0.18166666666666687,0.9166666666666663
1774271279.6699479,-2.4320642369789938,-1.5051288884490517,0.00017552030086517433,-0.19833333333333314,0.18166666666666687,0.9166666666666663
1774271279.6864984,-2.4370434006129242,-1.507381662878128,0.00017552842299143573,-0.19833333333333314,0.18166666666666687,0.9166666666666663
1774271279.702162,-2.4415480511199275,-1.5212093060300713,0.00017551270325978698,-0.17833333333333315,0.18166666666666687,0.8266666666666663
1774271279.7205086,-2.433859315887408,-1.5337713104914807,0.00017550652027130227,-0.17833333333333315,0.18166666666666687,0.8266666666666663
1774271279.7351158,-2.4205825171130355,-1.5266039438495016,0.00017550201416015725,-0.15833333333333316,0.20166666666666686,0.7566666666666663
1774271279.7521784,-2.4202503472879373,-1.5147828483732655,0.00017550201416015725,-0.15833333333333316,0.20166666666666686,0.7566666666666663
1774271279.769537,-2.4079388761398293,-1.4921361420014096,0.00017548558712005715,-0.12833333333333313,0.20166666666666686,0.6766666666666663
1774271279.7853909,-2.3922099907778973,-1.4868099758633924,0.00017547154426574807,-0.12833333333333313,0.20166666666666686,0.6766666666666663
1774271279.801859,-2.4008818464683372,-1.4848653861990102,0.00017545653184255065,-0.10833333333333314,0.22166666666666687,0.6066666666666664
1774271279.8174644,-2.4156344828721306,-1.483703709067722,0.00017542173862457376,-0.10833333333333314,0.22166666666666687,0.6066666666666664
1774271279.8333585,-2.440042774477311,-1.4939627395553197,0.00017542341550191344,-0.10833333333333314,0.22166666666666687,0.6066666666666664
1774271279.848769,-2.4568049833315815,-1.509483883928365,0.00017542747656504413,-0.08833333333333314,0.23166666666666685,0.5566666666666663
1774271279.8653574,-2.4447729154884756,-1.513002962775989,0.0001754165252049774,-0.08833333333333314,0.23166666666666685,0.5566666666666663
1774271279.8814692,-2.4416910483801235,-1.508022920575098,0.00017541104952494403,-0.08833333333333314,0.23166666666666685,0.5266666666666663
1774271279.8972163,-2.4442847652837028,-1.4973025492519332,0.00017540795803070168,-0.08833333333333314,0.23166666666666685,0.5266666666666663
1774271279.939606,-2.4589110310654787,-1.487871275687784,0.00017541201909383237,-0.09833333333333315,0.25166666666666687,0.5166666666666663
1774271279.953314,-2.495463501839834,-1.4652771432065874,0.00017542800108591815,-0.10833333333333314,0.28166666666666684,0.5266666666666663
1774271279.9695253,-2.4830504294186073,-1.4597737950441771,0.00017545687357584737,-0.11833333333333315,0.28166666666666684,0.5566666666666663
1774271279.9863706,-2.476929543640892,-1.4541456725781954,0.00017549360593160096,-0.11833333333333315,0.28166666666666684,0.5566666666666663
1774271280.0024648,-2.460359753102852,-1.4494978952865742,0.00017551126480102642,-0.10833333333333314,0.29166666666666685,0.5466666666666663
1774271280.0192425,-2.4433070777691683,-1.4499798104029997,0.00017554322878519796,-0.10833333333333314,0.29166666666666685,0.5466666666666663
1774271280.0339534,-2.4164198197597178,-1.4470245960526744,0.00017552583217620953,-0.10833333333333314,0.29166666666666685,0.5466666666666663
1774271280.0511239,-2.398559426316521,-1.4483376486936166,0.0001754879474639903,-0.10833333333333314,0.30166666666666686,0.5466666666666663
1774271280.0683842,-2.388738956897563,-1.4439297400224738,0.00017544361750284934,-0.10833333333333314,0.30166666666666686,0.5466666666666663
1774271280.0846965,-2.4057428895094297,-1.4479122426926854,0.00017533040841420593,-0.10833333333333314,0.30166666666666686,0.5466666666666663
1774271280.1003244,-2.4461075847980416,-1.4752261101914157,0.0001753051519393931,-0.11833333333333315,0.31166666666666687,0.5566666666666663
1774271280.115909,-2.454154844497893,-1.485212989000048,0.00017529420057932636,-0.11833333333333315,0.31166666666666687,0.5566666666666663
1774271280.1326013,-2.4306717332534458,-1.4616766582745544,0.0001753009080886851,-0.11833333333333315,0.31166666666666687,0.5566666666666663
1774271280.1483598,-2.4304098260631757,-1.4505770986412367,0.00017531212170918885,-0.10833333333333314,0.31166666666666687,0.5466666666666663
1774271280.1642191,-2.4104619633418327,-1.4174061616223064,0.00017534267107645774,-0.10833333333333314,0.31166666666666687,0.5466666666666663
1774271280.180429,-2.4154705515927843,-1.4089395801698317,0.00017536509831746522,-0.12833333333333313,0.30166666666666686,0.5766666666666663
1774271280.1963332,-2.416363122697736,-1.4025634175144668,0.0001753643910090139,-0.12833333333333313,0.30166666666666686,0.5766666666666663
1774271280.213133,-2.417403115403892,-1.4146000951170024,0.00017535891532898052,-0.12833333333333313,0.31166666666666687,0.5766666666666663
1774271280.228364,-2.449833895319924,-1.3822196071663169,0.00017535917758941752,-0.12833333333333313,0.31166666666666687,0.5766666666666663
1774271280.2441587,-2.4524431823683193,-1.3659600427379701,0.00017532844543457132,-0.12833333333333313,0.3216666666666669,0.5766666666666663
1774271280.2600121,-2.4524431823683193,-1.3659600427379701,0.00017532844543457132,-0.12833333333333313,0.3216666666666669,0.5766666666666663
1774271280.2766337,-2.4486613334087894,-1.3628546730263553,0.000175276255607606,-0.12833333333333313,0.3216666666666669,0.5766666666666663
1774271280.294237,-2.5027526009456134,-1.4115530266358167,0.00017528746922810975,-0.12833333333333313,0.3316666666666669,0.5766666666666663
1774271280.3103747,-2.512969680863706,-1.4224478343571048,0.0001753711779912323,-0.13833333333333314,0.3316666666666669,0.5966666666666663
1774271280.3269389,-2.4928263230606627,-1.4087983398833945,0.0001754062334696462,-0.13833333333333314,0.3316666666666669,0.5966666666666663
1774271280.3445427,-2.456851727123154,-1.4013722741191486,0.0001754351059595754,-0.12833333333333313,0.3316666666666669,0.5966666666666663
1774271280.3593392,-2.442130464410164,-1.407492640113425,0.00017543369134267274,-0.12833333333333313,0.3316666666666669,0.5966666666666663
1774271280.3750422,-2.4643757036751825,-1.3954751366716542,0.00017543227672577006,-0.12833333333333313,0.3316666666666669,0.6066666666666664
1774271280.3917413,-2.4902005628622614,-1.3844183188321622,0.0001754389842351288,-0.12833333333333313,0.3316666666666669,0.6066666666666664
1774271280.4082556,-2.4902005628622614,-1.3844183188321622,0.0001754389842351288,-0.13833333333333314,0.34166666666666684,0.6266666666666663
1774271280.423804,-2.4902005628622614,-1.3844183188321622,0.0001754389842351288,-0.13833333333333314,0.34166666666666684,0.6266666666666663
1774271280.5781786,-2.4062323281996023,-1.379068112292122,0.00017548693021138614,-0.09833333333333315,0.31166666666666687,0.6266666666666663
1774271280.581609,-2.4837752640645983,-1.4050720620736439,0.00017547668615977075,-0.09833333333333315,0.31166666666666687,0.6266666666666663
1774271280.596337,-2.482744909317392,-1.4690335694490921,0.0001754738569259654,-0.09833333333333315,0.31166666666666687,0.6266666666666663
1774271280.625843,-2.45875643668536,-1.4447459378268868,0.0001754574298858653,-0.09833333333333315,0.31166666666666687,0.6266666666666663
1774271280.6433878,-2.4113201415023022,-1.3870920443649049,0.00017541309992472436,-0.08833333333333314,0.3216666666666669,0.6266666666666663
1774271280.6591783,-2.4125840323505336,-1.3945199256776355,0.00017540524005889998,-0.08833333333333314,0.3216666666666669,0.6266666666666663
1774271280.6747499,-2.4139855832993335,-1.395512226022753,0.0001753888130187999,-0.08833333333333314,0.3216666666666669,0.6266666666666663
1774271280.6922402,-2.4145128813547645,-1.3959824442423294,0.00017538263003031519,-0.08833333333333314,0.3216666666666669,0.6266666666666663
1774271280.7083213,-2.4042776715653855,-1.3749902980628683,0.00017533044020334986,-0.06833333333333315,0.31166666666666687,0.6266666666666663
1774271280.7241087,-2.3990930295105994,-1.3592736341272218,0.00017531781196594346,-0.06833333333333315,0.31166666666666687,0.6266666666666663
1774271280.740037,-2.395098511390837,-1.3748872623874462,0.00017530518372853705,-0.05833333333333315,0.30166666666666686,0.6066666666666664
1774271280.7559154,-2.4152736636518295,-1.3891736005143709,0.00017530447642008572,-0.05833333333333315,0.30166666666666686,0.6066666666666664
1774271280.7733066,-2.4127581498150845,-1.4320305895895684,0.00017527921994527288,-0.05833333333333315,0.3216666666666669,0.6066666666666664
1774271280.788916,-2.4013825554925483,-1.423094831710176,0.0001752737442652395,-0.05833333333333315,0.3216666666666669,0.6066666666666664
1774271280.9551086,-2.4491962186936482,-1.4263641067268114,0.00017540909449259554,-0.05833333333333315,0.29166666666666685,0.5266666666666663
1774271280.9565454,-2.423645839096482,-1.4362276158442333,0.00017542198499043897,-0.05833333333333315,0.29166666666666685,0.5266666666666663
1774271280.9721296,-2.4056090093863665,-1.4388378173344822,0.0001754165093104056,-0.05833333333333315,0.29166666666666685,0.4966666666666663
1774271281.002678,-2.397361884182952,-1.4264976096710775,0.00017542224725087597,-0.07833333333333314,0.29166666666666685,0.5166666666666663
1774271281.016405,-2.405309825591186,-1.4299842702302021,0.00017542224725087597,-0.07833333333333314,0.29166666666666685,0.5166666666666663
1774271281.0328197,-2.435828115293652,-1.4270836843171586,0.00017542153994242463,-0.08833333333333314,0.28166666666666684,0.5166666666666663
1774271281.048473,-2.471799586722439,-1.4275883929252855,0.00017544255256652947,-0.08833333333333314,0.28166666666666684,0.5166666666666663
1774271281.0640414,-2.4723713982606506,-1.4071205998168304,0.00017546974817911898,-0.08833333333333314,0.28166666666666684,0.5166666666666663
1774271281.0797076,-2.4608537475373247,-1.4001995810556642,0.0001754683335622163,-0.09833333333333315,0.29166666666666685,0.4966666666666663
1774271281.0966272,-2.451664286284801,-1.394636918779446,0.00017548599243164177,-0.09833333333333315,0.29166666666666685,0.4966666666666663
1774271281.1126378,-2.431283436630159,-1.4012411191285625,0.0001754805167516084,-0.10833333333333314,0.28166666666666684,0.4966666666666663
1774271281.1281598,-2.431283436630159,-1.4012411191285625,0.0001754805167516084,-0.10833333333333314,0.28166666666666684,0.4966666666666663
1774271281.14441,-2.431283436630159,-1.4012411191285625,0.0001754805167516084,-0.10833333333333314,0.2716666666666669,0.4666666666666663
1774271281.1602087,-2.431283436630159,-1.4012411191285625,0.0001754805167516084,-0.10833333333333314,0.2716666666666669,0.4666666666666663
1774271281.1757388,-2.431283436630159,-1.4012411191285625,0.0001754805167516084,-0.11833333333333315,0.28166666666666684,0.4466666666666663
1774271281.1925755,-2.431283436630159,-1.4012411191285625,0.0001754805167516084,-0.11833333333333315,0.28166666666666684,0.4466666666666663
1774271281.2083714,-2.431283436630159,-1.4012411191285625,0.0001754805167516084,-0.11833333333333315,0.2716666666666669,0.4366666666666663
1774271281.224144,-2.431283436630159,-1.4012411191285625,0.0001754805167516084,-0.11833333333333315,0.2716666666666669,0.4366666666666663
1774271281.2411165,-2.431283436630159,-1.4012411191285625,0.0001754805167516084,-0.12833333333333313,0.2716666666666669,0.4366666666666663
1774271281.2558625,-2.431283436630159,-1.4012411191285625,0.0001754805167516084,-0.12833333333333313,0.2716666666666669,0.4366666666666663
1774271281.27271,-2.410591616503708,-1.3941669938274457,0.0001754881938298555,-0.12833333333333313,0.2716666666666669,0.4366666666666663
1774271281.2895124,-2.406521756158044,-1.4071296272297007,0.0001754881938298555,-0.13833333333333314,0.2716666666666669,0.4366666666666663
1774271281.305786,-2.406521756158044,-1.4071296272297007,0.0001754881938298555,-0.13833333333333314,0.2716666666666669,0.4366666666666663
1774271281.3229537,-2.421283336479174,-1.4247843069380843,0.00017548677921295285,-0.13833333333333314,0.2716666666666669,0.4366666666666663
1774271281.3378217,-2.4267953937016404,-1.3988299033651208,0.00017552209695180377,-0.14833333333333315,0.2616666666666669,0.4366666666666663
1774271281.3544567,-2.431530513689345,-1.3928095136927796,0.00017553092638651648,-0.14833333333333315,0.2616666666666669,0.4366666666666663
1774271281.3736877,-2.418500093630824,-1.3724194468410564,0.00017555123170216998,-0.14833333333333315,0.2716666666666669,0.4166666666666663
1774271281.387337,-2.412708958707193,-1.3868160794964455,0.00017552765210469685,-0.14833333333333315,0.2716666666666669,0.4166666666666663
1774271281.403584,-2.4077140106071404,-1.3882399382897634,0.00017552146911621215,-0.14833333333333315,0.2716666666666669,0.4166666666666663
1774271281.42085,-2.4093046100866924,-1.4014544506109687,0.00017552959124247355,-0.14833333333333315,0.2716666666666669,0.4166666666666663
1774271281.4370143,-2.4279999155350276,-1.4064853152539725,0.00017553153038025025,-0.14833333333333315,0.24166666666666686,0.4366666666666663
1774271281.4526377,-2.439249929503885,-1.4119635505058445,0.0001755158106486015,-0.14833333333333315,0.24166666666666686,0.4366666666666663
1774271281.469506,-2.4376949545247926,-1.4051637551356928,0.00017551748752594117,-0.14833333333333315,0.2716666666666669,0.4366666666666663
1774271281.4866607,-2.441915100333981,-1.4047342984845346,0.00017550653616587444,-0.14833333333333315,0.2716666666666669,0.4366666666666663
1774271281.5026076,-2.427141965209127,-1.4275916718150807,0.00017550821304321412,-0.14833333333333315,0.2716666666666669,0.4366666666666663
1774271281.5184338,-2.4033803149514297,-1.4371939464713974,0.00017551633516947553,-0.14833333333333315,0.2716666666666669,0.4366666666666663
1774271281.5347457,-2.3990130387765514,-1.422029019534103,0.00017551633516947553,-0.15833333333333316,0.2716666666666669,0.4366666666666663
1774271281.5529819,-2.420958766745634,-1.4135651476759195,0.00017551827430725223,-0.15833333333333316,0.2716666666666669,0.4366666666666663
1774271281.570054,-2.4328600452119993,-1.4183885209605116,0.0001755175669988009,-0.15833333333333316,0.2716666666666669,0.4366666666666663
1774271281.585948,-2.443918262646117,-1.417019447009866,0.00017551685969034955,-0.14833333333333315,0.2616666666666669,0.4366666666666663
1774271281.6025982,-2.442672491704397,-1.4219746625308776,0.00017551853656768923,-0.14833333333333315,0.2716666666666669,0.4366666666666663
1774271281.6199298,-2.455609951920881,-1.413389474162915,0.0001754949569702161,-0.14833333333333315,0.2716666666666669,0.4366666666666663
1774271281.6337562,-2.4527941093988894,-1.4066022450449054,0.0001755221525828056,-0.14833333333333315,0.2716666666666669,0.4366666666666663
1774271281.650429,-2.4502260368594335,-1.412227512744304,0.00017550643285115685,-0.13833333333333314,0.2716666666666669,0.4366666666666663
1774271281.668167,-2.4532797386533427,-1.417035319991614,0.0001755057255427055,-0.13833333333333314,0.2716666666666669,0.4366666666666663
1774271281.6839318,-2.4494014228601086,-1.426855159186507,0.00017550263404846316,-0.13833333333333314,0.2616666666666669,0.4366666666666663
1774271281.6975179,-2.4404988473348337,-1.4360646146429554,0.00017546784083048627,-0.13833333333333314,0.2616666666666669,0.4366666666666663
1774271281.7141104,-2.4311849568949,-1.4299537631461943,0.00017547190189361696,-0.13833333333333314,0.2616666666666669,0.4366666666666663
1774271281.72984,-2.4365026563785177,-1.4334150812465556,0.00017551251252492393,-0.13833333333333314,0.2616666666666669,0.4366666666666663
1774271281.745357,-2.4464628775795756,-1.436107235410605,0.00017553493976593142,-0.13833333333333314,0.29166666666666685,0.4366666666666663
1774271281.7634838,-2.4473397301474225,-1.4181930517870707,0.00017553997039795047,-0.13833333333333314,0.29166666666666685,0.4366666666666663
1774271281.7783391,-2.4560553802023546,-1.410370192248427,0.00017555118401845423,-0.13833333333333314,0.2716666666666669,0.4366666666666663
1774271281.794087,-2.4649639875922884,-1.4156346247988227,0.00017555453777313358,-0.13833333333333314,0.2716666666666669,0.4366666666666663
1774271281.8105886,-2.466399678602995,-1.4199810325697773,0.00017556265989939499,-0.12833333333333313,0.2716666666666669,0.4366666666666663
1774271281.8262248,-2.4695987823496024,-1.4273703989501552,0.00017553908030192182,-0.12833333333333313,0.2716666666666669,0.4366666666666663
1774271281.842009,-2.471621176254538,-1.431217617395801,0.00017554720242818323,-0.12833333333333313,0.28166666666666684,0.4366666666666663
1774271282.0318592,-2.430322968468755,-1.386473336789903,0.00017553067207336551,-0.10833333333333314,0.28166666666666684,0.4366666666666663
1774271282.0464768,-2.4477626866335567,-1.3822960939147433,0.00017550541559855268,-0.11833333333333315,0.29166666666666685,0.4366666666666663
1774271282.0695608,-2.456932040078285,-1.3898687488328851,0.00017551759878794477,-0.11833333333333315,0.29166666666666685,0.4366666666666663
1774271282.0859785,-2.462506731200168,-1.372131873626005,0.00017554002602895226,-0.10833333333333314,0.29166666666666685,0.4366666666666663
1774271282.102323,-2.459041271458376,-1.3809419846435291,0.00017552739779154585,-0.10833333333333314,0.29166666666666685,0.4366666666666663
1774271282.1182423,-2.4561484721230213,-1.3890809854363515,0.00017551953792572147,-0.10833333333333314,0.28166666666666684,0.4366666666666663
1774271282.1339867,-2.454033619483328,-1.3908612931282338,0.00017552121480306115,-0.10833333333333314,0.28166666666666684,0.4366666666666663
1774271282.1496406,-2.4508534750791546,-1.391762044765932,0.00017548836072286096,-0.10833333333333314,0.2716666666666669,0.4166666666666663
1774271282.1666136,-2.4394391356867224,-1.39331381087029,0.0001754767020543429,-0.10833333333333314,0.2716666666666669,0.4166666666666663
1774271282.1837234,-2.437866647941496,-1.3882387632998956,0.0001754767020543429,-0.10833333333333314,0.2716666666666669,0.4166666666666663
1774271282.199392,-2.4477004759256995,-1.3951177381515396,0.00017548791567484665,-0.10833333333333314,0.2716666666666669,0.4166666666666663
1774271282.216373,-2.460804383249342,-1.4019486130004062,0.00017549603780110806,-0.09833333333333315,0.2716666666666669,0.4166666666666663
1774271282.2320716,-2.462878716161472,-1.4077080702069757,0.00017550725142161181,-0.09833333333333315,0.2716666666666669,0.4166666666666663
1774271282.2476172,-2.4716586952793045,-1.419403228560487,0.00017551537354787322,-0.10833333333333314,0.28166666666666684,0.4166666666666663
1774271282.264441,-2.466587129238263,-1.4234066288403135,0.0001755378007888807,-0.10833333333333314,0.28166666666666684,0.4166666666666663
1774271282.2810872,-2.4588487293723773,-1.4199225493476315,0.00017560243606567515,-0.10833333333333314,0.2716666666666669,0.4166666666666663
1774271282.2966254,-2.4616166130532777,-1.418418170896268,0.0001756344000498467,-0.10833333333333314,0.2716666666666669,0.4166666666666663
1774271282.3144586,-2.463374891345613,-1.4107255494879662,0.0001756432294845594,-0.10833333333333314,0.2716666666666669,0.4166666666666663
1774271282.3308792,-2.4588183325642072,-1.4153876189476535,0.0001756496747334811,-0.10833333333333314,0.2716666666666669,0.4166666666666663
1774271282.3453596,-2.442918122598593,-1.4137392921735121,0.00017565779685974251,-0.10833333333333314,0.2716666666666669,0.4166666666666663
1774271282.3620794,-2.432965787240841,-1.3945407699653063,0.00017568119366963836,-0.10833333333333314,0.2716666666666669,0.4166666666666663
1774271282.377612,-2.431479822440563,-1.4008481834624547,0.00017566476662953827,-0.10833333333333314,0.2716666666666669,0.4166666666666663
1774271282.394173,-2.4365130226510727,-1.4127460928565654,0.00017565858364105357,-0.10833333333333314,0.2716666666666669,0.4166666666666663
1774271282.410745,-2.450658909517165,-1.4105816301530179,0.00017567315101623668,-0.10833333333333314,0.2716666666666669,0.4166666666666663
1774271282.4263277,-2.4654539933011437,-1.4096377013623096,0.00017566052277883027,-0.10833333333333314,0.2716666666666669,0.4166666666666663
1774271282.4429114,-2.467104209253009,-1.4087940931428742,0.0001756734132766737,-0.10833333333333314,0.2716666666666669,0.4166666666666663
1774271282.458543,-2.4683539627472575,-1.4019933320669018,0.00017570537726084524,-0.10833333333333314,0.2716666666666669,0.4166666666666663
1774271282.4751935,-2.470249693649934,-1.396252812618732,0.00017571182250976695,-0.10833333333333314,0.2716666666666669,0.4166666666666663
1774271282.491793,-2.4554327048278513,-1.3970249192255115,0.0001757049322128309,-0.11833333333333315,0.2716666666666669,0.4366666666666663
1774271282.5074022,-2.446235340053412,-1.3973610836257422,0.0001757049322128309,-0.11833333333333315,0.2716666666666669,0.4366666666666663
1774271282.5241203,-2.446235340053412,-1.3973610836257422,0.0001757049322128309,-0.11833333333333315,0.2716666666666669,0.4366666666666663
1774271282.5407212,-2.414445636531144,-1.3867877017827597,0.0001756742000579847,-0.11833333333333315,0.28166666666666684,0.4366666666666663
1774271282.556383,-2.4203141728489515,-1.3936641682302648,0.00017565848032633595,-0.11833333333333315,0.28166666666666684,0.4366666666666663
1774271282.5743215,-2.425638323904667,-1.3999027099901409,0.00017566660245259735,-0.10833333333333314,0.28166666666666684,0.4166666666666663
1774271282.5892274,-2.4371067692343424,-1.40598978331545,0.00017567543188731007,-0.10833333333333314,0.28166666666666684,0.4166666666666663
1774271282.6050189,-2.448024486676549,-1.4059108321211733,0.00017567949295044076,-0.10833333333333314,0.2616666666666669,0.4066666666666663
1774271282.6211405,-2.4647438525187004,-1.4045281152899936,0.00017576107978820932,-0.10833333333333314,0.2616666666666669,0.4066666666666663
1774271282.636728,-2.472340979420775,-1.4100423781940234,0.00017579304377238086,-0.09833333333333315,0.2716666666666669,0.4166666666666663
1774271282.6532884,-2.4672125228004664,-1.4090226710464704,0.0001758474349975599,-0.09833333333333315,0.2716666666666669,0.4166666666666663
1774271282.6691387,-2.4740722409589977,-1.4138300942402071,0.00017588107585907113,-0.09833333333333315,0.2716666666666669,0.4166666666666663
1774271282.6845953,-2.481757260073255,-1.4343767690007097,0.00017588778336842986,-0.09833333333333315,0.2716666666666669,0.4166666666666663
